year,material,commodity,origin_region,destination_region,weight_0_1
1995,nickel,concentrates,China,China,0.0
1995,nickel,concentrates,China,EU27,0.0
1995,nickel,concentrates,China,RoW,1.0
1995,nickel,concentrates,EU27,China,0.00010417746600625275
1995,nickel,concentrates,EU27,EU27,0.23088749603195538
1995,nickel,concentrates,EU27,RoW,0.7690083265020383
1995,nickel,concentrates,RoW,China,2.317556984468678e-05
1995,nickel,concentrates,RoW,EU27,0.029737023723054937
1995,nickel,concentrates,RoW,RoW,0.9702398007071004
1995,nickel,refined_metal,China,China,0.0
1995,nickel,refined_metal,China,EU27,0.019161900690387944
1995,nickel,refined_metal,China,RoW,0.9808380993096121
1995,nickel,refined_metal,EU27,China,0.000912615223423297
1995,nickel,refined_metal,EU27,EU27,0.5740948873909765
1995,nickel,refined_metal,EU27,RoW,0.4249924973856002
1995,nickel,refined_metal,RoW,China,0.002868261800746668
1995,nickel,refined_metal,RoW,EU27,0.3355765973893796
1995,nickel,refined_metal,RoW,RoW,0.6615551408098738
1995,nickel,scrap,China,China,0.0
1995,nickel,scrap,China,EU27,0.03312444945252681
1995,nickel,scrap,China,RoW,0.9668755505474732
1995,nickel,scrap,EU27,China,1.9763472734658873e-05
1995,nickel,scrap,EU27,EU27,0.8410079212986894
1995,nickel,scrap,EU27,RoW,0.1589723152285759
1995,nickel,scrap,RoW,China,0.008865076524836273
1995,nickel,scrap,RoW,EU27,0.29959371249793193
1995,nickel,scrap,RoW,RoW,0.6915412109772318
1995,tin,concentrates,China,China,0.0
1995,tin,concentrates,China,EU27,0.0
1995,tin,concentrates,China,RoW,1.0
1995,tin,concentrates,EU27,China,0.0
1995,tin,concentrates,EU27,EU27,0.0594162133290463
1995,tin,concentrates,EU27,RoW,0.9405837866709537
1995,tin,concentrates,RoW,China,0.0007293747125799007
1995,tin,concentrates,RoW,EU27,0.01692449161033335
1995,tin,concentrates,RoW,RoW,0.9823461336770868
1995,tin,refined_metal,China,China,0.0
1995,tin,refined_metal,China,EU27,0.3171547878634966
1995,tin,refined_metal,China,RoW,0.6828452121365034
1995,tin,refined_metal,EU27,China,0.0013604286096184715
1995,tin,refined_metal,EU27,EU27,0.757890477576522
1995,tin,refined_metal,EU27,RoW,0.2407490938138596
1995,tin,refined_metal,RoW,China,0.030779181453894446
1995,tin,refined_metal,RoW,EU27,0.17938691137023688
1995,tin,refined_metal,RoW,RoW,0.7898339071758687
1995,tin,scrap,China,China,0.0
1995,tin,scrap,China,EU27,0.022706114756703984
1995,tin,scrap,China,RoW,0.977293885243296
1995,tin,scrap,EU27,China,0.030064091821011517
1995,tin,scrap,EU27,EU27,0.8784976740477752
1995,tin,scrap,EU27,RoW,0.09143823413121333
1995,tin,scrap,RoW,China,0.0414895996706624
1995,tin,scrap,RoW,EU27,0.057434715937394236
1995,tin,scrap,RoW,RoW,0.9010756843919433
1995,zinc,concentrates,China,China,0.0
1995,zinc,concentrates,China,EU27,0.050784718110308213
1995,zinc,concentrates,China,RoW,0.9492152818896918
1995,zinc,concentrates,EU27,China,2.0416246951743064e-05
1995,zinc,concentrates,EU27,EU27,0.7682535123655031
1995,zinc,concentrates,EU27,RoW,0.2317260713875453
1995,zinc,concentrates,RoW,China,0.0175542905892575
1995,zinc,concentrates,RoW,EU27,0.4566332718680551
1995,zinc,concentrates,RoW,RoW,0.5258124375426875
1995,zinc,refined_metal,China,China,0.0
1995,zinc,refined_metal,China,EU27,0.03672775584542788
1995,zinc,refined_metal,China,RoW,0.9632722441545721
1995,zinc,refined_metal,EU27,China,0.00039731805253577415
1995,zinc,refined_metal,EU27,EU27,0.6733055000193575
1995,zinc,refined_metal,EU27,RoW,0.32629718192810675
1995,zinc,refined_metal,RoW,China,0.008031695871846822
1995,zinc,refined_metal,RoW,EU27,0.1685536559009377
1995,zinc,refined_metal,RoW,RoW,0.8234146482272156
1995,zinc,scrap,China,China,0.0
1995,zinc,scrap,China,EU27,0.003161933215001747
1995,zinc,scrap,China,RoW,0.9968380667849982
1995,zinc,scrap,EU27,China,0.026670259604233
1995,zinc,scrap,EU27,EU27,0.6298749029831197
1995,zinc,scrap,EU27,RoW,0.3434548374126475
1995,zinc,scrap,RoW,China,0.06301708038287605
1995,zinc,scrap,RoW,EU27,0.15929556665310102
1995,zinc,scrap,RoW,RoW,0.7776873529640229
1996,nickel,concentrates,China,China,0.0
1996,nickel,concentrates,China,EU27,0.0
1996,nickel,concentrates,China,RoW,1.0
1996,nickel,concentrates,EU27,China,0.0019134771840282633
1996,nickel,concentrates,EU27,EU27,0.1518235653370409
1996,nickel,concentrates,EU27,RoW,0.8462629574789309
1996,nickel,concentrates,RoW,China,0.0006880665595510934
1996,nickel,concentrates,RoW,EU27,0.032249621519070945
1996,nickel,concentrates,RoW,RoW,0.9670623119213779
1996,nickel,refined_metal,China,China,0.0
1996,nickel,refined_metal,China,EU27,0.11977568400868645
1996,nickel,refined_metal,China,RoW,0.8802243159913136
1996,nickel,refined_metal,EU27,China,0.0017522435466562406
1996,nickel,refined_metal,EU27,EU27,0.631814443937228
1996,nickel,refined_metal,EU27,RoW,0.36643331251611583
1996,nickel,refined_metal,RoW,China,0.016891564701936854
1996,nickel,refined_metal,RoW,EU27,0.3013125145312679
1996,nickel,refined_metal,RoW,RoW,0.6817959207667953
1996,nickel,scrap,China,China,0.0
1996,nickel,scrap,China,EU27,0.016562224726263404
1996,nickel,scrap,China,RoW,0.9834377752737367
1996,nickel,scrap,EU27,China,7.697873185109777e-05
1996,nickel,scrap,EU27,EU27,0.7711995250078769
1996,nickel,scrap,EU27,RoW,0.22872349626027194
1996,nickel,scrap,RoW,China,0.006228056143192483
1996,nickel,scrap,RoW,EU27,0.31459812635952433
1996,nickel,scrap,RoW,RoW,0.6791738174972832
1996,tin,concentrates,China,China,0.0
1996,tin,concentrates,China,EU27,0.001973365580146189
1996,tin,concentrates,China,RoW,0.9980266344198538
1996,tin,concentrates,EU27,China,0.0
1996,tin,concentrates,EU27,EU27,0.08443427178095646
1996,tin,concentrates,EU27,RoW,0.9155657282190436
1996,tin,concentrates,RoW,China,0.0012331726707952226
1996,tin,concentrates,RoW,EU27,0.18886226216749005
1996,tin,concentrates,RoW,RoW,0.8099045651617147
1996,tin,refined_metal,China,China,0.0
1996,tin,refined_metal,China,EU27,0.3509176781061386
1996,tin,refined_metal,China,RoW,0.6490823218938614
1996,tin,refined_metal,EU27,China,0.0011956087608106162
1996,tin,refined_metal,EU27,EU27,0.7763798908994912
1996,tin,refined_metal,EU27,RoW,0.22242450033969813
1996,tin,refined_metal,RoW,China,0.03206453150851958
1996,tin,refined_metal,RoW,EU27,0.17854723263030275
1996,tin,refined_metal,RoW,RoW,0.7893882358611777
1996,tin,scrap,China,China,0.0
1996,tin,scrap,China,EU27,0.054025917976501484
1996,tin,scrap,China,RoW,0.9459740820234985
1996,tin,scrap,EU27,China,0.015032045910505755
1996,tin,scrap,EU27,EU27,0.878174528917069
1996,tin,scrap,EU27,RoW,0.10679342517242509
1996,tin,scrap,RoW,China,0.039751007527
1996,tin,scrap,RoW,EU27,0.04564414353989367
1996,tin,scrap,RoW,RoW,0.9146048489331063
1996,zinc,concentrates,China,China,0.0
1996,zinc,concentrates,China,EU27,0.05316865256044491
1996,zinc,concentrates,China,RoW,0.9468313474395551
1996,zinc,concentrates,EU27,China,1.2292199057942657e-05
1996,zinc,concentrates,EU27,EU27,0.8310696167895424
1996,zinc,concentrates,EU27,RoW,0.16891809101139976
1996,zinc,concentrates,RoW,China,0.03300094786748561
1996,zinc,concentrates,RoW,EU27,0.458546937213938
1996,zinc,concentrates,RoW,RoW,0.5084521149185764
1996,zinc,refined_metal,China,China,0.0
1996,zinc,refined_metal,China,EU27,0.02570258571439379
1996,zinc,refined_metal,China,RoW,0.9742974142856062
1996,zinc,refined_metal,EU27,China,0.0005351934422756779
1996,zinc,refined_metal,EU27,EU27,0.6630933920871827
1996,zinc,refined_metal,EU27,RoW,0.33637141447054164
1996,zinc,refined_metal,RoW,China,0.00767341960415481
1996,zinc,refined_metal,RoW,EU27,0.16117480813044843
1996,zinc,refined_metal,RoW,RoW,0.8311517722653968
1996,zinc,scrap,China,China,0.0
1996,zinc,scrap,China,EU27,0.006937810561754182
1996,zinc,scrap,China,RoW,0.9930621894382459
1996,zinc,scrap,EU27,China,0.02691820350104218
1996,zinc,scrap,EU27,EU27,0.6346372282608166
1996,zinc,scrap,EU27,RoW,0.3384445682381413
1996,zinc,scrap,RoW,China,0.061313742943852174
1996,zinc,scrap,RoW,EU27,0.17200719978689344
1996,zinc,scrap,RoW,RoW,0.7666790572692544
1997,nickel,concentrates,China,China,0.0
1997,nickel,concentrates,China,EU27,0.0
1997,nickel,concentrates,China,RoW,1.0
1997,nickel,concentrates,EU27,China,0.0020101728296703387
1997,nickel,concentrates,EU27,EU27,0.11340539317057875
1997,nickel,concentrates,EU27,RoW,0.884584433999751
1997,nickel,concentrates,RoW,China,0.002011924696435973
1997,nickel,concentrates,RoW,EU27,0.03437896818780036
1997,nickel,concentrates,RoW,RoW,0.9636091071157636
1997,nickel,refined_metal,China,China,0.0
1997,nickel,refined_metal,China,EU27,0.08270943157908411
1997,nickel,refined_metal,China,RoW,0.9172905684209159
1997,nickel,refined_metal,EU27,China,0.0022724149219329813
1997,nickel,refined_metal,EU27,EU27,0.6564799115029817
1997,nickel,refined_metal,EU27,RoW,0.3412476735750854
1997,nickel,refined_metal,RoW,China,0.013218721435602897
1997,nickel,refined_metal,RoW,EU27,0.30481168418259785
1997,nickel,refined_metal,RoW,RoW,0.6819695943817994
1997,nickel,scrap,China,China,0.0
1997,nickel,scrap,China,EU27,0.0506413199251598
1997,nickel,scrap,China,RoW,0.9493586800748403
1997,nickel,scrap,EU27,China,8.43313616562748e-05
1997,nickel,scrap,EU27,EU27,0.7172139249147634
1997,nickel,scrap,EU27,RoW,0.28270174372358026
1997,nickel,scrap,RoW,China,0.005060167620247789
1997,nickel,scrap,RoW,EU27,0.2505327299115661
1997,nickel,scrap,RoW,RoW,0.7444071024681861
1997,tin,concentrates,China,China,0.0
1997,tin,concentrates,China,EU27,0.01216931274964367
1997,tin,concentrates,China,RoW,0.9878306872503564
1997,tin,concentrates,EU27,China,0.0
1997,tin,concentrates,EU27,EU27,0.06335050733280267
1997,tin,concentrates,EU27,RoW,0.9366494926671973
1997,tin,concentrates,RoW,China,0.0032979220036521684
1997,tin,concentrates,RoW,EU27,0.13457491285602202
1997,tin,concentrates,RoW,RoW,0.8621271651403258
1997,tin,refined_metal,China,China,0.0
1997,tin,refined_metal,China,EU27,0.3675203064653166
1997,tin,refined_metal,China,RoW,0.6324796935346834
1997,tin,refined_metal,EU27,China,0.0017448509030107888
1997,tin,refined_metal,EU27,EU27,0.7365336394314369
1997,tin,refined_metal,EU27,RoW,0.26172150966555224
1997,tin,refined_metal,RoW,China,0.03397208431257412
1997,tin,refined_metal,RoW,EU27,0.1781526493362364
1997,tin,refined_metal,RoW,RoW,0.7878752663511895
1997,tin,scrap,China,China,0.0
1997,tin,scrap,China,EU27,0.03601727865100099
1997,tin,scrap,China,RoW,0.963982721348999
1997,tin,scrap,EU27,China,0.010021363940337171
1997,tin,scrap,EU27,EU27,0.8680453201953184
1997,tin,scrap,EU27,RoW,0.12193331586434435
1997,tin,scrap,RoW,China,0.035186674680552886
1997,tin,scrap,RoW,EU27,0.06101047720209581
1997,tin,scrap,RoW,RoW,0.9038028481173513
1997,zinc,concentrates,China,China,0.0
1997,zinc,concentrates,China,EU27,0.09908261850331335
1997,zinc,concentrates,China,RoW,0.9009173814966868
1997,zinc,concentrates,EU27,China,1.009353461220379e-05
1997,zinc,concentrates,EU27,EU27,0.8505867405338982
1997,zinc,concentrates,EU27,RoW,0.1494031659314896
1997,zinc,concentrates,RoW,China,0.03439905260399167
1997,zinc,concentrates,RoW,EU27,0.4620334581473389
1997,zinc,concentrates,RoW,RoW,0.5035674892486693
1997,zinc,refined_metal,China,China,0.0
1997,zinc,refined_metal,China,EU27,0.024484428766740896
1997,zinc,refined_metal,China,RoW,0.975515571233259
1997,zinc,refined_metal,EU27,China,0.00047054244415104494
1997,zinc,refined_metal,EU27,EU27,0.6596719039701575
1997,zinc,refined_metal,EU27,RoW,0.3398575535856914
1997,zinc,refined_metal,RoW,China,0.006871695870699922
1997,zinc,refined_metal,RoW,EU27,0.16584069463362194
1997,zinc,refined_metal,RoW,RoW,0.8272876094956781
1997,zinc,scrap,China,China,0.0
1997,zinc,scrap,China,EU27,0.016277717577795517
1997,zinc,scrap,China,RoW,0.9837222824222045
1997,zinc,scrap,EU27,China,0.025192884537193292
1997,zinc,scrap,EU27,EU27,0.6259975798080816
1997,zinc,scrap,EU27,RoW,0.34880953565472517
1997,zinc,scrap,RoW,China,0.06006152872440881
1997,zinc,scrap,RoW,EU27,0.17890568388833547
1997,zinc,scrap,RoW,RoW,0.7610327873872557
1998,nickel,concentrates,China,China,0.0
1998,nickel,concentrates,China,EU27,0.0
1998,nickel,concentrates,China,RoW,1.0
1998,nickel,concentrates,EU27,China,0.0019757142127564864
1998,nickel,concentrates,EU27,EU27,0.04662619946196787
1998,nickel,concentrates,EU27,RoW,0.9513980863252757
1998,nickel,concentrates,RoW,China,0.002116314046515263
1998,nickel,concentrates,RoW,EU27,0.03925883864451992
1998,nickel,concentrates,RoW,RoW,0.9586248473089648
1998,nickel,refined_metal,China,China,0.0
1998,nickel,refined_metal,China,EU27,0.07728970778897713
1998,nickel,refined_metal,China,RoW,0.9227102922110229
1998,nickel,refined_metal,EU27,China,0.0026042291635011484
1998,nickel,refined_metal,EU27,EU27,0.7223318174491374
1998,nickel,refined_metal,EU27,RoW,0.2750639533873615
1998,nickel,refined_metal,RoW,China,0.015605341895873833
1998,nickel,refined_metal,RoW,EU27,0.3048470331241593
1998,nickel,refined_metal,RoW,RoW,0.6795476249799669
1998,nickel,scrap,China,China,0.0
1998,nickel,scrap,China,EU27,0.04003980411114244
1998,nickel,scrap,China,RoW,0.9599601958888576
1998,nickel,scrap,EU27,China,0.0001330128666245806
1998,nickel,scrap,EU27,EU27,0.6616538392338475
1998,nickel,scrap,EU27,RoW,0.33821314789952805
1998,nickel,scrap,RoW,China,0.0031009101436280818
1998,nickel,scrap,RoW,EU27,0.20689810947762013
1998,nickel,scrap,RoW,RoW,0.7900009803787519
1998,tin,concentrates,China,China,0.0
1998,tin,concentrates,China,EU27,0.01216931274964367
1998,tin,concentrates,China,RoW,0.9878306872503564
1998,tin,concentrates,EU27,China,0.0
1998,tin,concentrates,EU27,EU27,0.2219403109305154
1998,tin,concentrates,EU27,RoW,0.7780596890694846
1998,tin,concentrates,RoW,China,0.006638540984569975
1998,tin,concentrates,RoW,EU27,0.14359596026239208
1998,tin,concentrates,RoW,RoW,0.849765498753038
1998,tin,refined_metal,China,China,0.0
1998,tin,refined_metal,China,EU27,0.3774087866262991
1998,tin,refined_metal,China,RoW,0.6225912133737009
1998,tin,refined_metal,EU27,China,0.0021566914788402783
1998,tin,refined_metal,EU27,EU27,0.7525710439246877
1998,tin,refined_metal,EU27,RoW,0.24527226459647208
1998,tin,refined_metal,RoW,China,0.03741452663388741
1998,tin,refined_metal,RoW,EU27,0.17909484301669945
1998,tin,refined_metal,RoW,RoW,0.7834906303494131
1998,tin,scrap,China,China,0.0
1998,tin,scrap,China,EU27,0.27507941518867285
1998,tin,scrap,China,RoW,0.7249205848113273
1998,tin,scrap,EU27,China,0.0
1998,tin,scrap,EU27,EU27,0.8573519521308054
1998,tin,scrap,EU27,RoW,0.1426480478691947
1998,tin,scrap,RoW,China,0.03568126359443718
1998,tin,scrap,RoW,EU27,0.08880571403397552
1998,tin,scrap,RoW,RoW,0.8755130223715873
1998,zinc,concentrates,China,China,0.0
1998,zinc,concentrates,China,EU27,0.1373321707234237
1998,zinc,concentrates,China,RoW,0.8626678292765763
1998,zinc,concentrates,EU27,China,5.463362637464924e-06
1998,zinc,concentrates,EU27,EU27,0.8830718774405951
1998,zinc,concentrates,EU27,RoW,0.11692265919676736
1998,zinc,concentrates,RoW,China,0.0318910443389497
1998,zinc,concentrates,RoW,EU27,0.46597428904842014
1998,zinc,concentrates,RoW,RoW,0.5021346666126302
1998,zinc,refined_metal,China,China,0.0
1998,zinc,refined_metal,China,EU27,0.032103198604886966
1998,zinc,refined_metal,China,RoW,0.967896801395113
1998,zinc,refined_metal,EU27,China,0.0005829181121996601
1998,zinc,refined_metal,EU27,EU27,0.6865335731346534
1998,zinc,refined_metal,EU27,RoW,0.312883508753147
1998,zinc,refined_metal,RoW,China,0.0059688985710948895
1998,zinc,refined_metal,RoW,EU27,0.19183507993354906
1998,zinc,refined_metal,RoW,RoW,0.8021960214953561
1998,zinc,scrap,China,China,0.0
1998,zinc,scrap,China,EU27,0.019967786819194883
1998,zinc,scrap,China,RoW,0.9800322131808051
1998,zinc,scrap,EU27,China,0.024855151351251773
1998,zinc,scrap,EU27,EU27,0.6523563058593767
1998,zinc,scrap,EU27,RoW,0.3227885427893716
1998,zinc,scrap,RoW,China,0.08334188239645053
1998,zinc,scrap,RoW,EU27,0.1762896660136202
1998,zinc,scrap,RoW,RoW,0.7403684515899293
1999,nickel,concentrates,China,China,0.0
1999,nickel,concentrates,China,EU27,0.0
1999,nickel,concentrates,China,RoW,1.0
1999,nickel,concentrates,EU27,China,0.001470126794749347
1999,nickel,concentrates,EU27,EU27,0.07392258074137159
1999,nickel,concentrates,EU27,RoW,0.924607292463879
1999,nickel,concentrates,RoW,China,0.0016783703310620948
1999,nickel,concentrates,RoW,EU27,0.04066184359580478
1999,nickel,concentrates,RoW,RoW,0.9576597860731332
1999,nickel,refined_metal,China,China,0.0
1999,nickel,refined_metal,China,EU27,0.004491031715024465
1999,nickel,refined_metal,China,RoW,0.9955089682849755
1999,nickel,refined_metal,EU27,China,0.002142700146567692
1999,nickel,refined_metal,EU27,EU27,0.748679222484107
1999,nickel,refined_metal,EU27,RoW,0.24917807736932526
1999,nickel,refined_metal,RoW,China,0.007312154398218723
1999,nickel,refined_metal,RoW,EU27,0.32865397519171435
1999,nickel,refined_metal,RoW,RoW,0.6640338704100669
1999,nickel,scrap,China,China,0.0
1999,nickel,scrap,China,EU27,0.04003980411114244
1999,nickel,scrap,China,RoW,0.9599601958888576
1999,nickel,scrap,EU27,China,0.00030166822449032737
1999,nickel,scrap,EU27,EU27,0.6416332795676246
1999,nickel,scrap,EU27,RoW,0.35806505220788515
1999,nickel,scrap,RoW,China,0.0043287725414370756
1999,nickel,scrap,RoW,EU27,0.12426255756242471
1999,nickel,scrap,RoW,RoW,0.8714086698961382
1999,tin,concentrates,China,China,0.0
1999,tin,concentrates,China,EU27,0.01571511117232435
1999,tin,concentrates,China,RoW,0.9842848888276757
1999,tin,concentrates,EU27,China,3.7457169414758254e-05
1999,tin,concentrates,EU27,EU27,0.19537495577015143
1999,tin,concentrates,EU27,RoW,0.8045875870604339
1999,tin,concentrates,RoW,China,0.010105798080002644
1999,tin,concentrates,RoW,EU27,0.028054228444887294
1999,tin,concentrates,RoW,RoW,0.9618399734751101
1999,tin,refined_metal,China,China,0.0
1999,tin,refined_metal,China,EU27,0.3657170932971235
1999,tin,refined_metal,China,RoW,0.6342829067028766
1999,tin,refined_metal,EU27,China,0.0030085330753567684
1999,tin,refined_metal,EU27,EU27,0.6603716906921134
1999,tin,refined_metal,EU27,RoW,0.33661977623252987
1999,tin,refined_metal,RoW,China,0.04090918915024717
1999,tin,refined_metal,RoW,EU27,0.1677307750953471
1999,tin,refined_metal,RoW,RoW,0.7913600357544057
1999,tin,scrap,China,China,0.0
1999,tin,scrap,China,EU27,0.5190837227111362
1999,tin,scrap,China,RoW,0.4809162772888637
1999,tin,scrap,EU27,China,0.0
1999,tin,scrap,EU27,EU27,0.826496378168181
1999,tin,scrap,EU27,RoW,0.1735036218318189
1999,tin,scrap,RoW,China,0.026315926431274967
1999,tin,scrap,RoW,EU27,0.08550608172750977
1999,tin,scrap,RoW,RoW,0.8881779918412153
1999,zinc,concentrates,China,China,0.0
1999,zinc,concentrates,China,EU27,0.14786015192880203
1999,zinc,concentrates,China,RoW,0.852139848071198
1999,zinc,concentrates,EU27,China,7.718418640007802e-06
1999,zinc,concentrates,EU27,EU27,0.8728689637964294
1999,zinc,concentrates,EU27,RoW,0.12712331778493063
1999,zinc,concentrates,RoW,China,0.01839746568647297
1999,zinc,concentrates,RoW,EU27,0.45786512580058236
1999,zinc,concentrates,RoW,RoW,0.5237374085129447
1999,zinc,refined_metal,China,China,0.0
1999,zinc,refined_metal,China,EU27,0.042225827471154026
1999,zinc,refined_metal,China,RoW,0.957774172528846
1999,zinc,refined_metal,EU27,China,0.0007203653452217599
1999,zinc,refined_metal,EU27,EU27,0.7310045705814482
1999,zinc,refined_metal,EU27,RoW,0.2682750640733301
1999,zinc,refined_metal,RoW,China,0.0045357202405950595
1999,zinc,refined_metal,RoW,EU27,0.16325731314897907
1999,zinc,refined_metal,RoW,RoW,0.8322069666104259
1999,zinc,scrap,China,China,0.0
1999,zinc,scrap,China,EU27,0.020445266012805673
1999,zinc,scrap,China,RoW,0.9795547339871944
1999,zinc,scrap,EU27,China,0.028955622889608786
1999,zinc,scrap,EU27,EU27,0.6623859037234617
1999,zinc,scrap,EU27,RoW,0.3086584733869295
1999,zinc,scrap,RoW,China,0.0877069026656504
1999,zinc,scrap,RoW,EU27,0.1408613785734916
1999,zinc,scrap,RoW,RoW,0.771431718760858
2000,nickel,concentrates,China,China,0.0
2000,nickel,concentrates,China,EU27,0.0002249460691799141
2000,nickel,concentrates,China,RoW,0.9997750539308201
2000,nickel,concentrates,EU27,China,0.0009741222743182545
2000,nickel,concentrates,EU27,EU27,0.10497264444371848
2000,nickel,concentrates,EU27,RoW,0.8940532332819632
2000,nickel,concentrates,RoW,China,0.000222351625488358
2000,nickel,concentrates,RoW,EU27,0.038324110713118434
2000,nickel,concentrates,RoW,RoW,0.9614535376613933
2000,nickel,refined_metal,China,China,0.0
2000,nickel,refined_metal,China,EU27,0.0028127849819185573
2000,nickel,refined_metal,China,RoW,0.9971872150180815
2000,nickel,refined_metal,EU27,China,0.0016932091062860507
2000,nickel,refined_metal,EU27,EU27,0.7524893732468548
2000,nickel,refined_metal,EU27,RoW,0.24581741764685924
2000,nickel,refined_metal,RoW,China,0.009874517886652024
2000,nickel,refined_metal,RoW,EU27,0.33811328287604825
2000,nickel,refined_metal,RoW,RoW,0.6520121992372997
2000,nickel,scrap,China,China,0.0
2000,nickel,scrap,China,EU27,0.0012217657529836178
2000,nickel,scrap,China,RoW,0.9987782342470164
2000,nickel,scrap,EU27,China,0.0009638848669885125
2000,nickel,scrap,EU27,EU27,0.6849279543624842
2000,nickel,scrap,EU27,RoW,0.3141081607705272
2000,nickel,scrap,RoW,China,0.004816998174344966
2000,nickel,scrap,RoW,EU27,0.13954551367779036
2000,nickel,scrap,RoW,RoW,0.8556374881478647
2000,tin,concentrates,China,China,0.0
2000,tin,concentrates,China,EU27,0.02472841238986871
2000,tin,concentrates,China,RoW,0.9752715876101313
2000,tin,concentrates,EU27,China,0.004827538829132903
2000,tin,concentrates,EU27,EU27,0.19854202694229162
2000,tin,concentrates,EU27,RoW,0.7966304342285756
2000,tin,concentrates,RoW,China,0.016639383933603355
2000,tin,concentrates,RoW,EU27,0.024012935469010465
2000,tin,concentrates,RoW,RoW,0.9593476805973862
2000,tin,refined_metal,China,China,0.0
2000,tin,refined_metal,China,EU27,0.34829383318075363
2000,tin,refined_metal,China,RoW,0.6517061668192464
2000,tin,refined_metal,EU27,China,0.0048700567011543345
2000,tin,refined_metal,EU27,EU27,0.685429453277217
2000,tin,refined_metal,EU27,RoW,0.30970049002162864
2000,tin,refined_metal,RoW,China,0.04477090982184153
2000,tin,refined_metal,RoW,EU27,0.15354214977239541
2000,tin,refined_metal,RoW,RoW,0.801686940405763
2000,tin,scrap,China,China,0.0
2000,tin,scrap,China,EU27,0.5333906812067678
2000,tin,scrap,China,RoW,0.46660931879323225
2000,tin,scrap,EU27,China,0.0
2000,tin,scrap,EU27,EU27,0.8445778826843046
2000,tin,scrap,EU27,RoW,0.1554221173156955
2000,tin,scrap,RoW,China,0.022560242217961917
2000,tin,scrap,RoW,EU27,0.0875426568228234
2000,tin,scrap,RoW,RoW,0.8898971009592147
2000,zinc,concentrates,China,China,0.0
2000,zinc,concentrates,China,EU27,0.10923504561700209
2000,zinc,concentrates,China,RoW,0.890764954382998
2000,zinc,concentrates,EU27,China,9.564851232067913e-05
2000,zinc,concentrates,EU27,EU27,0.8635630106599307
2000,zinc,concentrates,EU27,RoW,0.1363413408277486
2000,zinc,concentrates,RoW,China,0.01102436019155472
2000,zinc,concentrates,RoW,EU27,0.44692341485513537
2000,zinc,concentrates,RoW,RoW,0.5420522249533098
2000,zinc,refined_metal,China,China,0.0
2000,zinc,refined_metal,China,EU27,0.06623992643754023
2000,zinc,refined_metal,China,RoW,0.9337600735624597
2000,zinc,refined_metal,EU27,China,0.0014563725338839848
2000,zinc,refined_metal,EU27,EU27,0.7824981283916607
2000,zinc,refined_metal,EU27,RoW,0.21604549907445536
2000,zinc,refined_metal,RoW,China,0.006317820955159605
2000,zinc,refined_metal,RoW,EU27,0.16580722278295856
2000,zinc,refined_metal,RoW,RoW,0.8278749562618818
2000,zinc,scrap,China,China,0.0
2000,zinc,scrap,China,EU27,0.008792755476179614
2000,zinc,scrap,China,RoW,0.9912072445238204
2000,zinc,scrap,EU27,China,0.04135790564802145
2000,zinc,scrap,EU27,EU27,0.688876223275087
2000,zinc,scrap,EU27,RoW,0.2697658710768916
2000,zinc,scrap,RoW,China,0.12769012168447566
2000,zinc,scrap,RoW,EU27,0.11800105400094328
2000,zinc,scrap,RoW,RoW,0.754308824314581
2001,nickel,concentrates,China,China,0.0
2001,nickel,concentrates,China,EU27,0.08508435095558804
2001,nickel,concentrates,China,RoW,0.914915649044412
2001,nickel,concentrates,EU27,China,0.0034523612067379355
2001,nickel,concentrates,EU27,EU27,0.12428253807386913
2001,nickel,concentrates,EU27,RoW,0.872265100719393
2001,nickel,concentrates,RoW,China,0.00043400804297885945
2001,nickel,concentrates,RoW,EU27,0.03719391591385572
2001,nickel,concentrates,RoW,RoW,0.9623720760431654
2001,nickel,refined_metal,China,China,0.0
2001,nickel,refined_metal,China,EU27,0.0024252677309334037
2001,nickel,refined_metal,China,RoW,0.9975747322690666
2001,nickel,refined_metal,EU27,China,0.003182592029350016
2001,nickel,refined_metal,EU27,EU27,0.7290330142771582
2001,nickel,refined_metal,EU27,RoW,0.2677843936934919
2001,nickel,refined_metal,RoW,China,0.01412411222687539
2001,nickel,refined_metal,RoW,EU27,0.3599673988544374
2001,nickel,refined_metal,RoW,RoW,0.6259084889186872
2001,nickel,scrap,China,China,0.0
2001,nickel,scrap,China,EU27,0.0007817984161587034
2001,nickel,scrap,China,RoW,0.9992182015838413
2001,nickel,scrap,EU27,China,0.002261788019096686
2001,nickel,scrap,EU27,EU27,0.6755129491392533
2001,nickel,scrap,EU27,RoW,0.32222526284165004
2001,nickel,scrap,RoW,China,0.007417789656076303
2001,nickel,scrap,RoW,EU27,0.15333833999150157
2001,nickel,scrap,RoW,RoW,0.8392438703524222
2001,tin,concentrates,China,China,0.0
2001,tin,concentrates,China,EU27,0.025766312895909343
2001,tin,concentrates,China,RoW,0.9742336871040908
2001,tin,concentrates,EU27,China,0.059475614063889765
2001,tin,concentrates,EU27,EU27,0.04833033332058604
2001,tin,concentrates,EU27,RoW,0.8921940526155242
2001,tin,concentrates,RoW,China,0.01970704997035153
2001,tin,concentrates,RoW,EU27,0.01537928468006986
2001,tin,concentrates,RoW,RoW,0.9649136653495787
2001,tin,refined_metal,China,China,0.0
2001,tin,refined_metal,China,EU27,0.35718441691985614
2001,tin,refined_metal,China,RoW,0.6428155830801439
2001,tin,refined_metal,EU27,China,0.0063519830909844095
2001,tin,refined_metal,EU27,EU27,0.6629004452834353
2001,tin,refined_metal,EU27,RoW,0.33074757162558027
2001,tin,refined_metal,RoW,China,0.0492675776550987
2001,tin,refined_metal,RoW,EU27,0.16725867291442034
2001,tin,refined_metal,RoW,RoW,0.783473749430481
2001,tin,scrap,China,China,0.0
2001,tin,scrap,China,EU27,0.4200191316913469
2001,tin,scrap,China,RoW,0.5799808683086531
2001,tin,scrap,EU27,China,0.0
2001,tin,scrap,EU27,EU27,0.8746472233813669
2001,tin,scrap,EU27,RoW,0.12535277661863312
2001,tin,scrap,RoW,China,0.017933651945165954
2001,tin,scrap,RoW,EU27,0.05928204513767803
2001,tin,scrap,RoW,RoW,0.9227843029171561
2001,zinc,concentrates,China,China,0.0
2001,zinc,concentrates,China,EU27,0.11394666110018364
2001,zinc,concentrates,China,RoW,0.8860533388998164
2001,zinc,concentrates,EU27,China,0.004537653726557531
2001,zinc,concentrates,EU27,EU27,0.8477234139352975
2001,zinc,concentrates,EU27,RoW,0.14773893233814497
2001,zinc,concentrates,RoW,China,0.03602014817895057
2001,zinc,concentrates,RoW,EU27,0.4092385470021562
2001,zinc,concentrates,RoW,RoW,0.5547413048188932
2001,zinc,refined_metal,China,China,0.0
2001,zinc,refined_metal,China,EU27,0.06783795080405369
2001,zinc,refined_metal,China,RoW,0.9321620491959463
2001,zinc,refined_metal,EU27,China,0.002287545223273214
2001,zinc,refined_metal,EU27,EU27,0.8104176742736816
2001,zinc,refined_metal,EU27,RoW,0.18729478050304518
2001,zinc,refined_metal,RoW,China,0.007320902964507441
2001,zinc,refined_metal,RoW,EU27,0.14242653550751092
2001,zinc,refined_metal,RoW,RoW,0.8502525615279817
2001,zinc,scrap,China,China,0.0
2001,zinc,scrap,China,EU27,0.004048708496446331
2001,zinc,scrap,China,RoW,0.9959512915035537
2001,zinc,scrap,EU27,China,0.05849705140887007
2001,zinc,scrap,EU27,EU27,0.6885727145427035
2001,zinc,scrap,EU27,RoW,0.25293023404842635
2001,zinc,scrap,RoW,China,0.13747217846976284
2001,zinc,scrap,RoW,EU27,0.11765802824941607
2001,zinc,scrap,RoW,RoW,0.7448697932808211
2002,nickel,concentrates,China,China,0.0
2002,nickel,concentrates,China,EU27,0.08571243345627749
2002,nickel,concentrates,China,RoW,0.9142875665437226
2002,nickel,concentrates,EU27,China,0.03969305709094217
2002,nickel,concentrates,EU27,EU27,0.15493297310392537
2002,nickel,concentrates,EU27,RoW,0.8053739698051325
2002,nickel,concentrates,RoW,China,0.0009755478988701541
2002,nickel,concentrates,RoW,EU27,0.034124526350062814
2002,nickel,concentrates,RoW,RoW,0.9648999257510671
2002,nickel,refined_metal,China,China,0.0
2002,nickel,refined_metal,China,EU27,0.009182712434577718
2002,nickel,refined_metal,China,RoW,0.9908172875654223
2002,nickel,refined_metal,EU27,China,0.004112956166773549
2002,nickel,refined_metal,EU27,EU27,0.7024778367189081
2002,nickel,refined_metal,EU27,RoW,0.29340920711431834
2002,nickel,refined_metal,RoW,China,0.025223233237721965
2002,nickel,refined_metal,RoW,EU27,0.3934898938164197
2002,nickel,refined_metal,RoW,RoW,0.5812868729458583
2002,nickel,scrap,China,China,0.0
2002,nickel,scrap,China,EU27,0.0007817984161587034
2002,nickel,scrap,China,RoW,0.9992182015838413
2002,nickel,scrap,EU27,China,0.002078799897903777
2002,nickel,scrap,EU27,EU27,0.7003218317056124
2002,nickel,scrap,EU27,RoW,0.2975993683964838
2002,nickel,scrap,RoW,China,0.006499108675955506
2002,nickel,scrap,RoW,EU27,0.15287697217877297
2002,nickel,scrap,RoW,RoW,0.8406239191452715
2002,tin,concentrates,China,China,0.0
2002,tin,concentrates,China,EU27,0.02150305303467094
2002,tin,concentrates,China,RoW,0.9784969469653291
2002,tin,concentrates,EU27,China,0.11429431853240078
2002,tin,concentrates,EU27,EU27,0.17488269136452061
2002,tin,concentrates,EU27,RoW,0.7108229901030786
2002,tin,concentrates,RoW,China,0.03140072909441375
2002,tin,concentrates,RoW,EU27,0.013078482040500449
2002,tin,concentrates,RoW,RoW,0.9555207888650858
2002,tin,refined_metal,China,China,0.0
2002,tin,refined_metal,China,EU27,0.33748934323294905
2002,tin,refined_metal,China,RoW,0.662510656767051
2002,tin,refined_metal,EU27,China,0.006888910652597735
2002,tin,refined_metal,EU27,EU27,0.7295517799774554
2002,tin,refined_metal,EU27,RoW,0.2635593093699468
2002,tin,refined_metal,RoW,China,0.044341924542852774
2002,tin,refined_metal,RoW,EU27,0.2715465034266723
2002,tin,refined_metal,RoW,RoW,0.684111572030475
2002,tin,scrap,China,China,0.0
2002,tin,scrap,China,EU27,0.14756625043678384
2002,tin,scrap,China,RoW,0.8524337495632163
2002,tin,scrap,EU27,China,0.0
2002,tin,scrap,EU27,EU27,0.9236133558684583
2002,tin,scrap,EU27,RoW,0.07638664413154168
2002,tin,scrap,RoW,China,0.023182102806907388
2002,tin,scrap,RoW,EU27,0.08878131071450616
2002,tin,scrap,RoW,RoW,0.8880365864785865
2002,zinc,concentrates,China,China,0.0
2002,zinc,concentrates,China,EU27,0.22140457256197724
2002,zinc,concentrates,China,RoW,0.7785954274380228
2002,zinc,concentrates,EU27,China,0.006266301334323599
2002,zinc,concentrates,EU27,EU27,0.8510835574686658
2002,zinc,concentrates,EU27,RoW,0.1426501411970107
2002,zinc,concentrates,RoW,China,0.06497161746818801
2002,zinc,concentrates,RoW,EU27,0.38730694590529346
2002,zinc,concentrates,RoW,RoW,0.5477214366265186
2002,zinc,refined_metal,China,China,0.0
2002,zinc,refined_metal,China,EU27,0.06806882555984718
2002,zinc,refined_metal,China,RoW,0.9319311744401528
2002,zinc,refined_metal,EU27,China,0.0034438818218766056
2002,zinc,refined_metal,EU27,EU27,0.8290496517182033
2002,zinc,refined_metal,EU27,RoW,0.16750646645992004
2002,zinc,refined_metal,RoW,China,0.013830661995119604
2002,zinc,refined_metal,RoW,EU27,0.1621772565852526
2002,zinc,refined_metal,RoW,RoW,0.8239920814196279
2002,zinc,scrap,China,China,0.0
2002,zinc,scrap,China,EU27,0.002289905775466947
2002,zinc,scrap,China,RoW,0.997710094224533
2002,zinc,scrap,EU27,China,0.07965281043230181
2002,zinc,scrap,EU27,EU27,0.7007619295670959
2002,zinc,scrap,EU27,RoW,0.21958526000060216
2002,zinc,scrap,RoW,China,0.15130039183527041
2002,zinc,scrap,RoW,EU27,0.13255510021986372
2002,zinc,scrap,RoW,RoW,0.716144507944866
2003,nickel,concentrates,China,China,0.0
2003,nickel,concentrates,China,EU27,0.1012186278947844
2003,nickel,concentrates,China,RoW,0.8987813721052156
2003,nickel,concentrates,EU27,China,0.06664689774987723
2003,nickel,concentrates,EU27,EU27,0.16393049072961852
2003,nickel,concentrates,EU27,RoW,0.7694226115205042
2003,nickel,concentrates,RoW,China,0.0011582479782895443
2003,nickel,concentrates,RoW,EU27,0.03189451174905536
2003,nickel,concentrates,RoW,RoW,0.9669472402726551
2003,nickel,refined_metal,China,China,0.0
2003,nickel,refined_metal,China,EU27,0.009413438103055944
2003,nickel,refined_metal,China,RoW,0.990586561896944
2003,nickel,refined_metal,EU27,China,0.005132180616968218
2003,nickel,refined_metal,EU27,EU27,0.6930986197469388
2003,nickel,refined_metal,EU27,RoW,0.30176919963609306
2003,nickel,refined_metal,RoW,China,0.04131751287998489
2003,nickel,refined_metal,RoW,EU27,0.40269039150700836
2003,nickel,refined_metal,RoW,RoW,0.5559920956130068
2003,nickel,scrap,China,China,0.0
2003,nickel,scrap,China,EU27,0.0
2003,nickel,scrap,China,RoW,1.0
2003,nickel,scrap,EU27,China,0.0013972995921915914
2003,nickel,scrap,EU27,EU27,0.6695892498503078
2003,nickel,scrap,EU27,RoW,0.3290134505575007
2003,nickel,scrap,RoW,China,0.007415330178012838
2003,nickel,scrap,RoW,EU27,0.13988390174980792
2003,nickel,scrap,RoW,RoW,0.8527007680721792
2003,tin,concentrates,China,China,0.0
2003,tin,concentrates,China,EU27,0.0016360161209136976
2003,tin,concentrates,China,RoW,0.9983639838790862
2003,tin,concentrates,EU27,China,0.26641939359538386
2003,tin,concentrates,EU27,EU27,0.2585275445517807
2003,tin,concentrates,EU27,RoW,0.47505306185283547
2003,tin,concentrates,RoW,China,0.04462470460686899
2003,tin,concentrates,RoW,EU27,0.010365069952644154
2003,tin,concentrates,RoW,RoW,0.9450102254404869
2003,tin,refined_metal,China,China,0.0
2003,tin,refined_metal,China,EU27,0.32252378672656773
2003,tin,refined_metal,China,RoW,0.6774762132734323
2003,tin,refined_metal,EU27,China,0.007628584693850633
2003,tin,refined_metal,EU27,EU27,0.7252467728051905
2003,tin,refined_metal,EU27,RoW,0.2671246425009589
2003,tin,refined_metal,RoW,China,0.044919011837908335
2003,tin,refined_metal,RoW,EU27,0.30335202006810863
2003,tin,refined_metal,RoW,RoW,0.6517289680939831
2003,tin,scrap,China,China,0.0
2003,tin,scrap,China,EU27,0.13325929194115232
2003,tin,scrap,China,RoW,0.8667407080588477
2003,tin,scrap,EU27,China,0.0
2003,tin,scrap,EU27,EU27,0.9309510561403563
2003,tin,scrap,EU27,RoW,0.06904894385964361
2003,tin,scrap,RoW,China,0.05007961296652525
2003,tin,scrap,RoW,EU27,0.11120172255304064
2003,tin,scrap,RoW,RoW,0.838718664480434
2003,zinc,concentrates,China,China,0.0
2003,zinc,concentrates,China,EU27,0.2893586233373089
2003,zinc,concentrates,China,RoW,0.7106413766626911
2003,zinc,concentrates,EU27,China,0.006187613483425257
2003,zinc,concentrates,EU27,EU27,0.862765616184118
2003,zinc,concentrates,EU27,RoW,0.13104677033245687
2003,zinc,concentrates,RoW,China,0.09141857754581727
2003,zinc,concentrates,RoW,EU27,0.36350586575306826
2003,zinc,concentrates,RoW,RoW,0.5450755567011144
2003,zinc,refined_metal,China,China,0.0
2003,zinc,refined_metal,China,EU27,0.06475711464937156
2003,zinc,refined_metal,China,RoW,0.9352428853506285
2003,zinc,refined_metal,EU27,China,0.00435813011000736
2003,zinc,refined_metal,EU27,EU27,0.8448352694250866
2003,zinc,refined_metal,EU27,RoW,0.15080660046490602
2003,zinc,refined_metal,RoW,China,0.02464382191861679
2003,zinc,refined_metal,RoW,EU27,0.14485081576081874
2003,zinc,refined_metal,RoW,RoW,0.8305053623205646
2003,zinc,scrap,China,China,0.0
2003,zinc,scrap,China,EU27,0.0023108758448868636
2003,zinc,scrap,China,RoW,0.9976891241551131
2003,zinc,scrap,EU27,China,0.10443890916833758
2003,zinc,scrap,EU27,EU27,0.6920606319129716
2003,zinc,scrap,EU27,RoW,0.2035004589186907
2003,zinc,scrap,RoW,China,0.16237771021228475
2003,zinc,scrap,RoW,EU27,0.13026321806307636
2003,zinc,scrap,RoW,RoW,0.7073590717246389
2004,nickel,concentrates,China,China,0.0
2004,nickel,concentrates,China,EU27,0.032671237192122594
2004,nickel,concentrates,China,RoW,0.9673287628078775
2004,nickel,concentrates,EU27,China,0.06416839161236933
2004,nickel,concentrates,EU27,EU27,0.2324806975066945
2004,nickel,concentrates,EU27,RoW,0.7033509108809363
2004,nickel,concentrates,RoW,China,0.004854052240602208
2004,nickel,concentrates,RoW,EU27,0.02552172180785572
2004,nickel,concentrates,RoW,RoW,0.9696242259515421
2004,nickel,refined_metal,China,China,0.0
2004,nickel,refined_metal,China,EU27,0.013455648954546325
2004,nickel,refined_metal,China,RoW,0.9865443510454537
2004,nickel,refined_metal,EU27,China,0.006823861833620592
2004,nickel,refined_metal,EU27,EU27,0.6842850627427318
2004,nickel,refined_metal,EU27,RoW,0.3088910754236475
2004,nickel,refined_metal,RoW,China,0.05092995855842022
2004,nickel,refined_metal,RoW,EU27,0.386842383888568
2004,nickel,refined_metal,RoW,RoW,0.5622276575530119
2004,nickel,scrap,China,China,0.0
2004,nickel,scrap,China,EU27,0.0
2004,nickel,scrap,China,RoW,1.0
2004,nickel,scrap,EU27,China,0.0008856976505764901
2004,nickel,scrap,EU27,EU27,0.6631900164083379
2004,nickel,scrap,EU27,RoW,0.33592428594108564
2004,nickel,scrap,RoW,China,0.006940244693697056
2004,nickel,scrap,RoW,EU27,0.15275927202889866
2004,nickel,scrap,RoW,RoW,0.8403004832774044
2004,tin,concentrates,China,China,0.0
2004,tin,concentrates,China,EU27,0.010995715092724524
2004,tin,concentrates,China,RoW,0.9890042849072755
2004,tin,concentrates,EU27,China,0.3025229565659285
2004,tin,concentrates,EU27,EU27,0.3285694026362193
2004,tin,concentrates,EU27,RoW,0.3689076407978522
2004,tin,concentrates,RoW,China,0.07514505300003377
2004,tin,concentrates,RoW,EU27,0.009644113896755846
2004,tin,concentrates,RoW,RoW,0.9152108331032104
2004,tin,refined_metal,China,China,0.0
2004,tin,refined_metal,China,EU27,0.2583063010827803
2004,tin,refined_metal,China,RoW,0.7416936989172197
2004,tin,refined_metal,EU27,China,0.008010711837667822
2004,tin,refined_metal,EU27,EU27,0.7247865644637281
2004,tin,refined_metal,EU27,RoW,0.26720272369860404
2004,tin,refined_metal,RoW,China,0.04912068945855789
2004,tin,refined_metal,RoW,EU27,0.2851798881797469
2004,tin,refined_metal,RoW,RoW,0.6656994223616953
2004,tin,scrap,China,China,0.0
2004,tin,scrap,China,EU27,3.298076891364645e-06
2004,tin,scrap,China,RoW,0.9999967019231087
2004,tin,scrap,EU27,China,0.0
2004,tin,scrap,EU27,EU27,0.9126855336673326
2004,tin,scrap,EU27,RoW,0.08731446633266744
2004,tin,scrap,RoW,China,0.07825108930761439
2004,tin,scrap,RoW,EU27,0.13385261975964113
2004,tin,scrap,RoW,RoW,0.7878962909327445
2004,zinc,concentrates,China,China,0.0
2004,zinc,concentrates,China,EU27,0.3156171936247609
2004,zinc,concentrates,China,RoW,0.6843828063752392
2004,zinc,concentrates,EU27,China,0.0017553379209888475
2004,zinc,concentrates,EU27,EU27,0.8888358112383363
2004,zinc,concentrates,EU27,RoW,0.10940885084067482
2004,zinc,concentrates,RoW,China,0.09055135444046392
2004,zinc,concentrates,RoW,EU27,0.37379808390789887
2004,zinc,concentrates,RoW,RoW,0.5356505616516373
2004,zinc,refined_metal,China,China,0.0
2004,zinc,refined_metal,China,EU27,0.06120311400438254
2004,zinc,refined_metal,China,RoW,0.9387968859956175
2004,zinc,refined_metal,EU27,China,0.0045524432690399
2004,zinc,refined_metal,EU27,EU27,0.8476167048450951
2004,zinc,refined_metal,EU27,RoW,0.14783085188586495
2004,zinc,refined_metal,RoW,China,0.04988202698869562
2004,zinc,refined_metal,RoW,EU27,0.13314119770031793
2004,zinc,refined_metal,RoW,RoW,0.8169767753109866
2004,zinc,scrap,China,China,0.0
2004,zinc,scrap,China,EU27,0.011153283076307073
2004,zinc,scrap,China,RoW,0.988846716923693
2004,zinc,scrap,EU27,China,0.12504279663908063
2004,zinc,scrap,EU27,EU27,0.6831125471332467
2004,zinc,scrap,EU27,RoW,0.1918446562276728
2004,zinc,scrap,RoW,China,0.16103612697819922
2004,zinc,scrap,RoW,EU27,0.1156060135759016
2004,zinc,scrap,RoW,RoW,0.7233578594458993
2005,nickel,concentrates,China,China,0.0
2005,nickel,concentrates,China,EU27,0.032604783534893336
2005,nickel,concentrates,China,RoW,0.9673952164651066
2005,nickel,concentrates,EU27,China,0.3127825279124116
2005,nickel,concentrates,EU27,EU27,0.17224335172946773
2005,nickel,concentrates,EU27,RoW,0.5149741203581206
2005,nickel,concentrates,RoW,China,0.01982698569364276
2005,nickel,concentrates,RoW,EU27,0.02574427258436492
2005,nickel,concentrates,RoW,RoW,0.9544287417219923
2005,nickel,refined_metal,China,China,0.0
2005,nickel,refined_metal,China,EU27,0.009751641533435744
2005,nickel,refined_metal,China,RoW,0.9902483584665642
2005,nickel,refined_metal,EU27,China,0.01489913003628722
2005,nickel,refined_metal,EU27,EU27,0.7017599679086374
2005,nickel,refined_metal,EU27,RoW,0.2833409020550754
2005,nickel,refined_metal,RoW,China,0.06502104413980711
2005,nickel,refined_metal,RoW,EU27,0.3568481067661517
2005,nickel,refined_metal,RoW,RoW,0.5781308490940412
2005,nickel,scrap,China,China,0.0
2005,nickel,scrap,China,EU27,0.012487025463528837
2005,nickel,scrap,China,RoW,0.9875129745364711
2005,nickel,scrap,EU27,China,0.006137562820119118
2005,nickel,scrap,EU27,EU27,0.6272696189412713
2005,nickel,scrap,EU27,RoW,0.3665928182386096
2005,nickel,scrap,RoW,China,0.01437981186603964
2005,nickel,scrap,RoW,EU27,0.20889014920710913
2005,nickel,scrap,RoW,RoW,0.7767300389268513
2005,tin,concentrates,China,China,0.0
2005,tin,concentrates,China,EU27,0.010459565501995886
2005,tin,concentrates,China,RoW,0.9895404344980042
2005,tin,concentrates,EU27,China,0.30781427399258104
2005,tin,concentrates,EU27,EU27,0.26696997984080634
2005,tin,concentrates,EU27,RoW,0.4252157461666127
2005,tin,concentrates,RoW,China,0.08422357199502095
2005,tin,concentrates,RoW,EU27,0.024743505371066763
2005,tin,concentrates,RoW,RoW,0.8910329226339123
2005,tin,refined_metal,China,China,0.0
2005,tin,refined_metal,China,EU27,0.2290897820958476
2005,tin,refined_metal,China,RoW,0.7709102179041524
2005,tin,refined_metal,EU27,China,0.008134068035670872
2005,tin,refined_metal,EU27,EU27,0.7074589051463783
2005,tin,refined_metal,EU27,RoW,0.2844070268179508
2005,tin,refined_metal,RoW,China,0.06459223092838744
2005,tin,refined_metal,RoW,EU27,0.19227358049815577
2005,tin,refined_metal,RoW,RoW,0.7431341885734568
2005,tin,scrap,China,China,0.0
2005,tin,scrap,China,EU27,3.298076891364645e-06
2005,tin,scrap,China,RoW,0.9999967019231087
2005,tin,scrap,EU27,China,0.0
2005,tin,scrap,EU27,EU27,0.881453218859368
2005,tin,scrap,EU27,RoW,0.11854678114063198
2005,tin,scrap,RoW,China,0.20029281734657944
2005,tin,scrap,RoW,EU27,0.10624416293868318
2005,tin,scrap,RoW,RoW,0.6934630197147373
2005,zinc,concentrates,China,China,0.0
2005,zinc,concentrates,China,EU27,0.23434900369153355
2005,zinc,concentrates,China,RoW,0.7656509963084664
2005,zinc,concentrates,EU27,China,3.4225899014000124e-05
2005,zinc,concentrates,EU27,EU27,0.8917473885801099
2005,zinc,concentrates,EU27,RoW,0.10821838552087602
2005,zinc,concentrates,RoW,China,0.0896028032825973
2005,zinc,concentrates,RoW,EU27,0.38074288600085615
2005,zinc,concentrates,RoW,RoW,0.5296543107165466
2005,zinc,refined_metal,China,China,0.0
2005,zinc,refined_metal,China,EU27,0.07015322122012693
2005,zinc,refined_metal,China,RoW,0.9298467787798731
2005,zinc,refined_metal,EU27,China,0.004832451651929527
2005,zinc,refined_metal,EU27,EU27,0.8453924974994479
2005,zinc,refined_metal,EU27,RoW,0.1497750508486226
2005,zinc,refined_metal,RoW,China,0.08477314209661219
2005,zinc,refined_metal,RoW,EU27,0.13041848884915958
2005,zinc,refined_metal,RoW,RoW,0.7848083690542281
2005,zinc,scrap,China,China,0.0
2005,zinc,scrap,China,EU27,0.008864447252877744
2005,zinc,scrap,China,RoW,0.9911355527471223
2005,zinc,scrap,EU27,China,0.1425889056760765
2005,zinc,scrap,EU27,EU27,0.6656429795196656
2005,zinc,scrap,EU27,RoW,0.19176811480425793
2005,zinc,scrap,RoW,China,0.1695179832185535
2005,zinc,scrap,RoW,EU27,0.12597560046006112
2005,zinc,scrap,RoW,RoW,0.7045064163213854
2006,nickel,concentrates,China,China,0.0
2006,nickel,concentrates,China,EU27,0.04712911835195788
2006,nickel,concentrates,China,RoW,0.9528708816480421
2006,nickel,concentrates,EU27,China,0.45815565804112773
2006,nickel,concentrates,EU27,EU27,0.1339181253735134
2006,nickel,concentrates,EU27,RoW,0.40792621658535894
2006,nickel,concentrates,RoW,China,0.1303674691210311
2006,nickel,concentrates,RoW,EU27,0.023171493159301677
2006,nickel,concentrates,RoW,RoW,0.8464610377196673
2006,nickel,refined_metal,China,China,0.0
2006,nickel,refined_metal,China,EU27,0.020520356984756235
2006,nickel,refined_metal,China,RoW,0.9794796430152438
2006,nickel,refined_metal,EU27,China,0.030388249220722103
2006,nickel,refined_metal,EU27,EU27,0.6988818514948963
2006,nickel,refined_metal,EU27,RoW,0.27072989928438157
2006,nickel,refined_metal,RoW,China,0.0817166565310361
2006,nickel,refined_metal,RoW,EU27,0.34880496386523124
2006,nickel,refined_metal,RoW,RoW,0.5694783796037327
2006,nickel,scrap,China,China,0.0
2006,nickel,scrap,China,EU27,0.02881331599458197
2006,nickel,scrap,China,RoW,0.9711866840054181
2006,nickel,scrap,EU27,China,0.012955688240681842
2006,nickel,scrap,EU27,EU27,0.6396916775708141
2006,nickel,scrap,EU27,RoW,0.3473526341885041
2006,nickel,scrap,RoW,China,0.0989206891270657
2006,nickel,scrap,RoW,EU27,0.24298859229376613
2006,nickel,scrap,RoW,RoW,0.6580907185791681
2006,tin,concentrates,China,China,0.0
2006,tin,concentrates,China,EU27,0.013484373880385115
2006,tin,concentrates,China,RoW,0.986515626119615
2006,tin,concentrates,EU27,China,0.1859863099906526
2006,tin,concentrates,EU27,EU27,0.3169735622711773
2006,tin,concentrates,EU27,RoW,0.49704012773817013
2006,tin,concentrates,RoW,China,0.09054589322742508
2006,tin,concentrates,RoW,EU27,0.04969945942485406
2006,tin,concentrates,RoW,RoW,0.8597546473477209
2006,tin,refined_metal,China,China,0.0
2006,tin,refined_metal,China,EU27,0.16282311146510658
2006,tin,refined_metal,China,RoW,0.8371768885348935
2006,tin,refined_metal,EU27,China,0.006498879798332809
2006,tin,refined_metal,EU27,EU27,0.6764889726034685
2006,tin,refined_metal,EU27,RoW,0.3170121475981986
2006,tin,refined_metal,RoW,China,0.06500298034224507
2006,tin,refined_metal,RoW,EU27,0.19023641209000416
2006,tin,refined_metal,RoW,RoW,0.7447606075677508
2006,tin,scrap,China,China,0.0
2006,tin,scrap,China,EU27,3.298076891364645e-06
2006,tin,scrap,China,RoW,0.9999967019231087
2006,tin,scrap,EU27,China,0.0
2006,tin,scrap,EU27,EU27,0.8571312977541282
2006,tin,scrap,EU27,RoW,0.1428687022458718
2006,tin,scrap,RoW,China,0.3006820943779196
2006,tin,scrap,RoW,EU27,0.0692169718262882
2006,tin,scrap,RoW,RoW,0.6301009337957922
2006,zinc,concentrates,China,China,0.0
2006,zinc,concentrates,China,EU27,0.1944541307752039
2006,zinc,concentrates,China,RoW,0.8055458692247961
2006,zinc,concentrates,EU27,China,0.001067398748416619
2006,zinc,concentrates,EU27,EU27,0.8806589191483086
2006,zinc,concentrates,EU27,RoW,0.11827368210327473
2006,zinc,concentrates,RoW,China,0.0954030885080354
2006,zinc,concentrates,RoW,EU27,0.38154443144524325
2006,zinc,concentrates,RoW,RoW,0.5230524800467213
2006,zinc,refined_metal,China,China,0.0
2006,zinc,refined_metal,China,EU27,0.1109409444040847
2006,zinc,refined_metal,China,RoW,0.8890590555959154
2006,zinc,refined_metal,EU27,China,0.004401521634868437
2006,zinc,refined_metal,EU27,EU27,0.8437427171659073
2006,zinc,refined_metal,EU27,RoW,0.15185576119922425
2006,zinc,refined_metal,RoW,China,0.108600966234057
2006,zinc,refined_metal,RoW,EU27,0.14194873964351126
2006,zinc,refined_metal,RoW,RoW,0.7494502941224318
2006,zinc,scrap,China,China,0.0
2006,zinc,scrap,China,EU27,0.008843645265713247
2006,zinc,scrap,China,RoW,0.9911563547342868
2006,zinc,scrap,EU27,China,0.14004912284647572
2006,zinc,scrap,EU27,EU27,0.6690968770937231
2006,zinc,scrap,EU27,RoW,0.19085400005980113
2006,zinc,scrap,RoW,China,0.13693503213353622
2006,zinc,scrap,RoW,EU27,0.11064377473421437
2006,zinc,scrap,RoW,RoW,0.7524211931322494
2007,nickel,concentrates,China,China,0.0
2007,nickel,concentrates,China,EU27,0.04508215521792432
2007,nickel,concentrates,China,RoW,0.9549178447820758
2007,nickel,concentrates,EU27,China,0.739860956101397
2007,nickel,concentrates,EU27,EU27,0.04936606608990172
2007,nickel,concentrates,EU27,RoW,0.21077297780870127
2007,nickel,concentrates,RoW,China,0.3313512186454099
2007,nickel,concentrates,RoW,EU27,0.0271307378303344
2007,nickel,concentrates,RoW,RoW,0.6415180435242557
2007,nickel,refined_metal,China,China,0.0
2007,nickel,refined_metal,China,EU27,0.02476651075928708
2007,nickel,refined_metal,China,RoW,0.975233489240713
2007,nickel,refined_metal,EU27,China,0.03621316095666715
2007,nickel,refined_metal,EU27,EU27,0.6781444066596808
2007,nickel,refined_metal,EU27,RoW,0.285642432383652
2007,nickel,refined_metal,RoW,China,0.1019272257005039
2007,nickel,refined_metal,RoW,EU27,0.3498633483064256
2007,nickel,refined_metal,RoW,RoW,0.5482094259930705
2007,nickel,scrap,China,China,0.0
2007,nickel,scrap,China,EU27,0.0366793229622957
2007,nickel,scrap,China,RoW,0.9633206770377043
2007,nickel,scrap,EU27,China,0.023812957119306644
2007,nickel,scrap,EU27,EU27,0.677246309359694
2007,nickel,scrap,EU27,RoW,0.29894073352099937
2007,nickel,scrap,RoW,China,0.10411331140142216
2007,nickel,scrap,RoW,EU27,0.2739204344244901
2007,nickel,scrap,RoW,RoW,0.6219662541740877
2007,tin,concentrates,China,China,0.0
2007,tin,concentrates,China,EU27,0.0030867744025336557
2007,tin,concentrates,China,RoW,0.9969132255974663
2007,tin,concentrates,EU27,China,0.10057286073319686
2007,tin,concentrates,EU27,EU27,0.28231213051315773
2007,tin,concentrates,EU27,RoW,0.6171150087536454
2007,tin,concentrates,RoW,China,0.1454661240398414
2007,tin,concentrates,RoW,EU27,0.06023595269314377
2007,tin,concentrates,RoW,RoW,0.7942979232670148
2007,tin,refined_metal,China,China,0.0
2007,tin,refined_metal,China,EU27,0.16846337967266084
2007,tin,refined_metal,China,RoW,0.8315366203273392
2007,tin,refined_metal,EU27,China,0.004620141627923748
2007,tin,refined_metal,EU27,EU27,0.6136633120234221
2007,tin,refined_metal,EU27,RoW,0.38171654634865426
2007,tin,refined_metal,RoW,China,0.06320663116460479
2007,tin,refined_metal,RoW,EU27,0.20444588994850266
2007,tin,refined_metal,RoW,RoW,0.7323474788868927
2007,tin,scrap,China,China,0.0
2007,tin,scrap,China,EU27,0.0
2007,tin,scrap,China,RoW,1.0
2007,tin,scrap,EU27,China,0.0
2007,tin,scrap,EU27,EU27,0.843695883455875
2007,tin,scrap,EU27,RoW,0.15630411654412504
2007,tin,scrap,RoW,China,0.3396263591853334
2007,tin,scrap,RoW,EU27,0.047686527019509074
2007,tin,scrap,RoW,RoW,0.6126871137951575
2007,zinc,concentrates,China,China,0.0
2007,zinc,concentrates,China,EU27,0.1591304556436031
2007,zinc,concentrates,China,RoW,0.8408695443563969
2007,zinc,concentrates,EU27,China,0.006382301302651664
2007,zinc,concentrates,EU27,EU27,0.8547733163337653
2007,zinc,concentrates,EU27,RoW,0.13884438236358307
2007,zinc,concentrates,RoW,China,0.15113809036124234
2007,zinc,concentrates,RoW,EU27,0.35690960235124863
2007,zinc,concentrates,RoW,RoW,0.4919523072875091
2007,zinc,refined_metal,China,China,0.0
2007,zinc,refined_metal,China,EU27,0.15312502257825866
2007,zinc,refined_metal,China,RoW,0.8468749774217412
2007,zinc,refined_metal,EU27,China,0.00401562033869472
2007,zinc,refined_metal,EU27,EU27,0.8409554112150506
2007,zinc,refined_metal,EU27,RoW,0.1550289684462548
2007,zinc,refined_metal,RoW,China,0.09750156650250162
2007,zinc,refined_metal,RoW,EU27,0.1790369018483949
2007,zinc,refined_metal,RoW,RoW,0.7234615316491034
2007,zinc,scrap,China,China,0.0
2007,zinc,scrap,China,EU27,0.0004032571984549544
2007,zinc,scrap,China,RoW,0.9995967428015451
2007,zinc,scrap,EU27,China,0.1400702424090309
2007,zinc,scrap,EU27,EU27,0.6679161322559719
2007,zinc,scrap,EU27,RoW,0.19201362533499727
2007,zinc,scrap,RoW,China,0.14438874145692868
2007,zinc,scrap,RoW,EU27,0.1251673135115584
2007,zinc,scrap,RoW,RoW,0.7304439450315129
2008,nickel,concentrates,China,China,0.0
2008,nickel,concentrates,China,EU27,0.04507051243471677
2008,nickel,concentrates,China,RoW,0.9549294875652832
2008,nickel,concentrates,EU27,China,0.758965528038985
2008,nickel,concentrates,EU27,EU27,0.03300532044505958
2008,nickel,concentrates,EU27,RoW,0.20802915151595533
2008,nickel,concentrates,RoW,China,0.4905149635069445
2008,nickel,concentrates,RoW,EU27,0.028566952442675903
2008,nickel,concentrates,RoW,RoW,0.48091808405037967
2008,nickel,refined_metal,China,China,0.0
2008,nickel,refined_metal,China,EU27,0.04491468303611588
2008,nickel,refined_metal,China,RoW,0.9550853169638841
2008,nickel,refined_metal,EU27,China,0.03730221778017311
2008,nickel,refined_metal,EU27,EU27,0.6545203227657188
2008,nickel,refined_metal,EU27,RoW,0.3081774594541082
2008,nickel,refined_metal,RoW,China,0.1131890555808605
2008,nickel,refined_metal,RoW,EU27,0.3550345472103174
2008,nickel,refined_metal,RoW,RoW,0.5317763972088221
2008,nickel,scrap,China,China,0.0
2008,nickel,scrap,China,EU27,0.027339373302378664
2008,nickel,scrap,China,RoW,0.9726606266976213
2008,nickel,scrap,EU27,China,0.023825842571622374
2008,nickel,scrap,EU27,EU27,0.7124589145271468
2008,nickel,scrap,EU27,RoW,0.2637152429012308
2008,nickel,scrap,RoW,China,0.10816362065936554
2008,nickel,scrap,RoW,EU27,0.2828453878971634
2008,nickel,scrap,RoW,RoW,0.6089909914434711
2008,tin,concentrates,China,China,0.0
2008,tin,concentrates,China,EU27,0.0033939482824128543
2008,tin,concentrates,China,RoW,0.9966060517175871
2008,tin,concentrates,EU27,China,0.06943800872010655
2008,tin,concentrates,EU27,EU27,0.2260585060947092
2008,tin,concentrates,EU27,RoW,0.7045034851851842
2008,tin,concentrates,RoW,China,0.1663233371071751
2008,tin,concentrates,RoW,EU27,0.08008632039895136
2008,tin,concentrates,RoW,RoW,0.7535903424938736
2008,tin,refined_metal,China,China,0.0
2008,tin,refined_metal,China,EU27,0.10590284770185115
2008,tin,refined_metal,China,RoW,0.8940971522981488
2008,tin,refined_metal,EU27,China,0.004906095732889415
2008,tin,refined_metal,EU27,EU27,0.6032253120538157
2008,tin,refined_metal,EU27,RoW,0.3918685922132948
2008,tin,refined_metal,RoW,China,0.055366809842737036
2008,tin,refined_metal,RoW,EU27,0.21501626780521657
2008,tin,refined_metal,RoW,RoW,0.7296169223520464
2008,tin,scrap,China,China,0.0
2008,tin,scrap,China,EU27,0.0
2008,tin,scrap,China,RoW,1.0
2008,tin,scrap,EU27,China,1.8898536591819017e-05
2008,tin,scrap,EU27,EU27,0.8459862439824138
2008,tin,scrap,EU27,RoW,0.1539948574809943
2008,tin,scrap,RoW,China,0.24726816005332145
2008,tin,scrap,RoW,EU27,0.07073329675863896
2008,tin,scrap,RoW,RoW,0.6819985431880397
2008,zinc,concentrates,China,China,0.0
2008,zinc,concentrates,China,EU27,0.11878332725661499
2008,zinc,concentrates,China,RoW,0.8812166727433851
2008,zinc,concentrates,EU27,China,0.011526433319990823
2008,zinc,concentrates,EU27,EU27,0.8448576658523722
2008,zinc,concentrates,EU27,RoW,0.14361590082763692
2008,zinc,concentrates,RoW,China,0.2060612565933547
2008,zinc,concentrates,RoW,EU27,0.3159450037334431
2008,zinc,concentrates,RoW,RoW,0.4779937396732022
2008,zinc,refined_metal,China,China,0.0
2008,zinc,refined_metal,China,EU27,0.14633343938928312
2008,zinc,refined_metal,China,RoW,0.853666560610717
2008,zinc,refined_metal,EU27,China,0.0025221677700069125
2008,zinc,refined_metal,EU27,EU27,0.8357457136044387
2008,zinc,refined_metal,EU27,RoW,0.1617321186255544
2008,zinc,refined_metal,RoW,China,0.07719292060884336
2008,zinc,refined_metal,RoW,EU27,0.19866628274309014
2008,zinc,refined_metal,RoW,RoW,0.7241407966480665
2008,zinc,scrap,China,China,0.0
2008,zinc,scrap,China,EU27,0.00048733787706419597
2008,zinc,scrap,China,RoW,0.9995126621229358
2008,zinc,scrap,EU27,China,0.13951762474211263
2008,zinc,scrap,EU27,EU27,0.6773629247364871
2008,zinc,scrap,EU27,RoW,0.18311945052140038
2008,zinc,scrap,RoW,China,0.16833361599181015
2008,zinc,scrap,RoW,EU27,0.11519933655432986
2008,zinc,scrap,RoW,RoW,0.71646704745386
2009,nickel,concentrates,China,China,0.0
2009,nickel,concentrates,China,EU27,0.01482963942590118
2009,nickel,concentrates,China,RoW,0.9851703605740988
2009,nickel,concentrates,EU27,China,0.7294964478264477
2009,nickel,concentrates,EU27,EU27,0.025155413676752652
2009,nickel,concentrates,EU27,RoW,0.24534813849679957
2009,nickel,concentrates,RoW,China,0.5829532473747768
2009,nickel,concentrates,RoW,EU27,0.03240933283763371
2009,nickel,concentrates,RoW,RoW,0.3846374197875894
2009,nickel,refined_metal,China,China,0.0
2009,nickel,refined_metal,China,EU27,0.043897533952022255
2009,nickel,refined_metal,China,RoW,0.9561024660479778
2009,nickel,refined_metal,EU27,China,0.03884104167062623
2009,nickel,refined_metal,EU27,EU27,0.6225082388732217
2009,nickel,refined_metal,EU27,RoW,0.33865071945615216
2009,nickel,refined_metal,RoW,China,0.1438096234966119
2009,nickel,refined_metal,RoW,EU27,0.3438573249871863
2009,nickel,refined_metal,RoW,RoW,0.5123330515162018
2009,nickel,scrap,China,China,0.0
2009,nickel,scrap,China,EU27,0.011363968203723
2009,nickel,scrap,China,RoW,0.988636031796277
2009,nickel,scrap,EU27,China,0.01878549825601467
2009,nickel,scrap,EU27,EU27,0.6871247991285898
2009,nickel,scrap,EU27,RoW,0.2940897026153955
2009,nickel,scrap,RoW,China,0.03869534252174165
2009,nickel,scrap,RoW,EU27,0.2957791310227069
2009,nickel,scrap,RoW,RoW,0.6655255264555515
2009,tin,concentrates,China,China,0.0
2009,tin,concentrates,China,EU27,0.0039428640330890575
2009,tin,concentrates,China,RoW,0.996057135966911
2009,tin,concentrates,EU27,China,0.0372310595316323
2009,tin,concentrates,EU27,EU27,0.1546265639614893
2009,tin,concentrates,EU27,RoW,0.8081423765068784
2009,tin,concentrates,RoW,China,0.21190540322182547
2009,tin,concentrates,RoW,EU27,0.06544853933071478
2009,tin,concentrates,RoW,RoW,0.7226460574474597
2009,tin,refined_metal,China,China,0.0
2009,tin,refined_metal,China,EU27,0.1255041598241822
2009,tin,refined_metal,China,RoW,0.8744958401758178
2009,tin,refined_metal,EU27,China,0.004099717934217432
2009,tin,refined_metal,EU27,EU27,0.6172815639255128
2009,tin,refined_metal,EU27,RoW,0.3786187181402698
2009,tin,refined_metal,RoW,China,0.06688093776723043
2009,tin,refined_metal,RoW,EU27,0.18297605155592755
2009,tin,refined_metal,RoW,RoW,0.7501430106768421
2009,tin,scrap,China,China,0.0
2009,tin,scrap,China,EU27,9.957454809041238e-05
2009,tin,scrap,China,RoW,0.9999004254519096
2009,tin,scrap,EU27,China,1.8898536591819017e-05
2009,tin,scrap,EU27,EU27,0.8698993010110435
2009,tin,scrap,EU27,RoW,0.13008180045236462
2009,tin,scrap,RoW,China,0.14130131698222823
2009,tin,scrap,RoW,EU27,0.05928094087972837
2009,tin,scrap,RoW,RoW,0.7994177421380435
2009,zinc,concentrates,China,China,0.0
2009,zinc,concentrates,China,EU27,0.07638591095043072
2009,zinc,concentrates,China,RoW,0.9236140890495693
2009,zinc,concentrates,EU27,China,0.06123584264966062
2009,zinc,concentrates,EU27,EU27,0.8031095313336323
2009,zinc,concentrates,EU27,RoW,0.13565462601670705
2009,zinc,concentrates,RoW,China,0.3018115497282476
2009,zinc,concentrates,RoW,EU27,0.25790981261042517
2009,zinc,concentrates,RoW,RoW,0.4402786376613272
2009,zinc,refined_metal,China,China,0.0
2009,zinc,refined_metal,China,EU27,0.08878212210406394
2009,zinc,refined_metal,China,RoW,0.9112178778959361
2009,zinc,refined_metal,EU27,China,0.002809786135931202
2009,zinc,refined_metal,EU27,EU27,0.8240072455370209
2009,zinc,refined_metal,EU27,RoW,0.17318296832704796
2009,zinc,refined_metal,RoW,China,0.10815882336607048
2009,zinc,refined_metal,RoW,EU27,0.18355879418576967
2009,zinc,refined_metal,RoW,RoW,0.7082823824481599
2009,zinc,scrap,China,China,0.0
2009,zinc,scrap,China,EU27,0.005335596984936446
2009,zinc,scrap,China,RoW,0.9946644030150636
2009,zinc,scrap,EU27,China,0.14945201831238772
2009,zinc,scrap,EU27,EU27,0.6782634927467659
2009,zinc,scrap,EU27,RoW,0.17228448894084653
2009,zinc,scrap,RoW,China,0.17388176394400984
2009,zinc,scrap,RoW,EU27,0.127551401067651
2009,zinc,scrap,RoW,RoW,0.6985668349883392
2010,nickel,concentrates,China,China,0.0
2010,nickel,concentrates,China,EU27,0.0005975296822442751
2010,nickel,concentrates,China,RoW,0.9994024703177556
2010,nickel,concentrates,EU27,China,0.6618008090798605
2010,nickel,concentrates,EU27,EU27,0.06581143566523089
2010,nickel,concentrates,EU27,RoW,0.2723877552549087
2010,nickel,concentrates,RoW,China,0.5940672820405224
2010,nickel,concentrates,RoW,EU27,0.03026412050861341
2010,nickel,concentrates,RoW,RoW,0.37566859745086423
2010,nickel,refined_metal,China,China,0.0
2010,nickel,refined_metal,China,EU27,0.09258128470328988
2010,nickel,refined_metal,China,RoW,0.9074187152967101
2010,nickel,refined_metal,EU27,China,0.0464689008192272
2010,nickel,refined_metal,EU27,EU27,0.6515347897136735
2010,nickel,refined_metal,EU27,RoW,0.3019963094670993
2010,nickel,refined_metal,RoW,China,0.15962900550519754
2010,nickel,refined_metal,RoW,EU27,0.33274253160292533
2010,nickel,refined_metal,RoW,RoW,0.5076284628918772
2010,nickel,scrap,China,China,0.0
2010,nickel,scrap,China,EU27,0.003759383593936135
2010,nickel,scrap,China,RoW,0.9962406164060639
2010,nickel,scrap,EU27,China,0.007865799816457998
2010,nickel,scrap,EU27,EU27,0.6931951249229543
2010,nickel,scrap,EU27,RoW,0.29893907526058777
2010,nickel,scrap,RoW,China,0.07305617647156241
2010,nickel,scrap,RoW,EU27,0.26782455426892215
2010,nickel,scrap,RoW,RoW,0.6591192692595154
2010,tin,concentrates,China,China,0.0
2010,tin,concentrates,China,EU27,0.004464855007696723
2010,tin,concentrates,China,RoW,0.9955351449923032
2010,tin,concentrates,EU27,China,0.03472639469610899
2010,tin,concentrates,EU27,EU27,0.19312052430871018
2010,tin,concentrates,EU27,RoW,0.7721530809951808
2010,tin,concentrates,RoW,China,0.20905020272256986
2010,tin,concentrates,RoW,EU27,0.057867159503065764
2010,tin,concentrates,RoW,RoW,0.7330826377743644
2010,tin,refined_metal,China,China,0.0
2010,tin,refined_metal,China,EU27,0.09165521131923637
2010,tin,refined_metal,China,RoW,0.9083447886807636
2010,tin,refined_metal,EU27,China,0.004161101329846943
2010,tin,refined_metal,EU27,EU27,0.6732968735145738
2010,tin,refined_metal,EU27,RoW,0.3225420251555792
2010,tin,refined_metal,RoW,China,0.06708298582832152
2010,tin,refined_metal,RoW,EU27,0.1714758087203073
2010,tin,refined_metal,RoW,RoW,0.7614412054513712
2010,tin,scrap,China,China,0.0
2010,tin,scrap,China,EU27,0.00018917515813711907
2010,tin,scrap,China,RoW,0.9998108248418629
2010,tin,scrap,EU27,China,0.00030616460382148483
2010,tin,scrap,EU27,EU27,0.8835772427958736
2010,tin,scrap,EU27,RoW,0.11611659260030488
2010,tin,scrap,RoW,China,0.07500968213458654
2010,tin,scrap,RoW,EU27,0.06276529464904104
2010,tin,scrap,RoW,RoW,0.8622250232163725
2010,zinc,concentrates,China,China,0.0
2010,zinc,concentrates,China,EU27,0.03877018317267802
2010,zinc,concentrates,China,RoW,0.961229816827322
2010,zinc,concentrates,EU27,China,0.07183850242364873
2010,zinc,concentrates,EU27,EU27,0.8050713898387931
2010,zinc,concentrates,EU27,RoW,0.12309010773755814
2010,zinc,concentrates,RoW,China,0.3336146097631474
2010,zinc,concentrates,RoW,EU27,0.2419641318944273
2010,zinc,concentrates,RoW,RoW,0.42442125834242533
2010,zinc,refined_metal,China,China,0.0
2010,zinc,refined_metal,China,EU27,0.04405200324647269
2010,zinc,refined_metal,China,RoW,0.9559479967535274
2010,zinc,refined_metal,EU27,China,0.004567130588082765
2010,zinc,refined_metal,EU27,EU27,0.8230041085342715
2010,zinc,refined_metal,EU27,RoW,0.17242876087764572
2010,zinc,refined_metal,RoW,China,0.13175072140692848
2010,zinc,refined_metal,RoW,EU27,0.1704092340010588
2010,zinc,refined_metal,RoW,RoW,0.6978400445920127
2010,zinc,scrap,China,China,0.0
2010,zinc,scrap,China,EU27,0.007222960686167512
2010,zinc,scrap,China,RoW,0.9927770393138325
2010,zinc,scrap,EU27,China,0.15763577211428753
2010,zinc,scrap,EU27,EU27,0.6814226000873822
2010,zinc,scrap,EU27,RoW,0.16094162779833032
2010,zinc,scrap,RoW,China,0.1699016853168637
2010,zinc,scrap,RoW,EU27,0.10878304311701427
2010,zinc,scrap,RoW,RoW,0.7213152715661221
2011,nickel,concentrates,China,China,0.0
2011,nickel,concentrates,China,EU27,0.010786165472058294
2011,nickel,concentrates,China,RoW,0.9892138345279418
2011,nickel,concentrates,EU27,China,0.5425020959917246
2011,nickel,concentrates,EU27,EU27,0.16826228080898342
2011,nickel,concentrates,EU27,RoW,0.289235623199292
2011,nickel,concentrates,RoW,China,0.6842966526903997
2011,nickel,concentrates,RoW,EU27,0.02431626977023719
2011,nickel,concentrates,RoW,RoW,0.29138707753936316
2011,nickel,refined_metal,China,China,0.0
2011,nickel,refined_metal,China,EU27,0.10262870737877412
2011,nickel,refined_metal,China,RoW,0.897371292621226
2011,nickel,refined_metal,EU27,China,0.05073040693542304
2011,nickel,refined_metal,EU27,EU27,0.6398173859621076
2011,nickel,refined_metal,EU27,RoW,0.3094522071024693
2011,nickel,refined_metal,RoW,China,0.17476711849263044
2011,nickel,refined_metal,RoW,EU27,0.29434984016202137
2011,nickel,refined_metal,RoW,RoW,0.5308830413453482
2011,nickel,scrap,China,China,0.0
2011,nickel,scrap,China,EU27,0.0007935454098212533
2011,nickel,scrap,China,RoW,0.9992064545901788
2011,nickel,scrap,EU27,China,0.005349552699347145
2011,nickel,scrap,EU27,EU27,0.6818787004012395
2011,nickel,scrap,EU27,RoW,0.3127717468994134
2011,nickel,scrap,RoW,China,0.06997207602161996
2011,nickel,scrap,RoW,EU27,0.25952806520700805
2011,nickel,scrap,RoW,RoW,0.6704998587713721
2011,tin,concentrates,China,China,0.0
2011,tin,concentrates,China,EU27,0.0041317373840345055
2011,tin,concentrates,China,RoW,0.9958682626159655
2011,tin,concentrates,EU27,China,0.00571376764462098
2011,tin,concentrates,EU27,EU27,0.26861338744022595
2011,tin,concentrates,EU27,RoW,0.725672844915153
2011,tin,concentrates,RoW,China,0.300482341789032
2011,tin,concentrates,RoW,EU27,0.049013258718392606
2011,tin,concentrates,RoW,RoW,0.6505043994925754
2011,tin,refined_metal,China,China,0.0
2011,tin,refined_metal,China,EU27,0.14465539022297064
2011,tin,refined_metal,China,RoW,0.8553446097770294
2011,tin,refined_metal,EU27,China,0.002804913363191644
2011,tin,refined_metal,EU27,EU27,0.6980903723684638
2011,tin,refined_metal,EU27,RoW,0.29910471426834456
2011,tin,refined_metal,RoW,China,0.07341752084174573
2011,tin,refined_metal,RoW,EU27,0.16680502301690314
2011,tin,refined_metal,RoW,RoW,0.7597774561413511
2011,tin,scrap,China,China,0.0
2011,tin,scrap,China,EU27,0.0005083409125465283
2011,tin,scrap,China,RoW,0.9994916590874535
2011,tin,scrap,EU27,China,0.0002872660672296658
2011,tin,scrap,EU27,EU27,0.9252972564035721
2011,tin,scrap,EU27,RoW,0.07441547752919828
2011,tin,scrap,RoW,China,0.04247974705975372
2011,tin,scrap,RoW,EU27,0.05244527276077723
2011,tin,scrap,RoW,RoW,0.9050749801794691
2011,zinc,concentrates,China,China,0.0
2011,zinc,concentrates,China,EU27,0.040586081075357876
2011,zinc,concentrates,China,RoW,0.9594139189246421
2011,zinc,concentrates,EU27,China,0.09954468112120617
2011,zinc,concentrates,EU27,EU27,0.764476203283503
2011,zinc,concentrates,EU27,RoW,0.13597911559529094
2011,zinc,concentrates,RoW,China,0.3477355749391203
2011,zinc,concentrates,RoW,EU27,0.23944611478317634
2011,zinc,concentrates,RoW,RoW,0.4128183102777034
2011,zinc,refined_metal,China,China,0.0
2011,zinc,refined_metal,China,EU27,0.0488726987911808
2011,zinc,refined_metal,China,RoW,0.9511273012088193
2011,zinc,refined_metal,EU27,China,0.006427738397891455
2011,zinc,refined_metal,EU27,EU27,0.8213499373115352
2011,zinc,refined_metal,EU27,RoW,0.1722223242905734
2011,zinc,refined_metal,RoW,China,0.15556788461905366
2011,zinc,refined_metal,RoW,EU27,0.16721105382050683
2011,zinc,refined_metal,RoW,RoW,0.6772210615604396
2011,zinc,scrap,China,China,0.0
2011,zinc,scrap,China,EU27,0.017175392951409008
2011,zinc,scrap,China,RoW,0.982824607048591
2011,zinc,scrap,EU27,China,0.14925996072810674
2011,zinc,scrap,EU27,EU27,0.6986206416578639
2011,zinc,scrap,EU27,RoW,0.15211939761402954
2011,zinc,scrap,RoW,China,0.16679941765322145
2011,zinc,scrap,RoW,EU27,0.11013786528967019
2011,zinc,scrap,RoW,RoW,0.7230627170571085
2012,nickel,concentrates,China,China,0.0
2012,nickel,concentrates,China,EU27,0.01538091572515717
2012,nickel,concentrates,China,RoW,0.9846190842748429
2012,nickel,concentrates,EU27,China,0.5849579458342486
2012,nickel,concentrates,EU27,EU27,0.2319741296362565
2012,nickel,concentrates,EU27,RoW,0.1830679245294949
2012,nickel,concentrates,RoW,China,0.7540601906428858
2012,nickel,concentrates,RoW,EU27,0.018460010177915452
2012,nickel,concentrates,RoW,RoW,0.22747979917919883
2012,nickel,refined_metal,China,China,0.0
2012,nickel,refined_metal,China,EU27,0.1430121134215501
2012,nickel,refined_metal,China,RoW,0.8569878865784499
2012,nickel,refined_metal,EU27,China,0.04631092105185461
2012,nickel,refined_metal,EU27,EU27,0.6407563619733216
2012,nickel,refined_metal,EU27,RoW,0.31293271697482383
2012,nickel,refined_metal,RoW,China,0.17030135586947193
2012,nickel,refined_metal,RoW,EU27,0.27285172526978185
2012,nickel,refined_metal,RoW,RoW,0.5568469188607462
2012,nickel,scrap,China,China,0.0
2012,nickel,scrap,China,EU27,0.007991720490756372
2012,nickel,scrap,China,RoW,0.9920082795092436
2012,nickel,scrap,EU27,China,0.003749802787994945
2012,nickel,scrap,EU27,EU27,0.6605768407467215
2012,nickel,scrap,EU27,RoW,0.33567335646528357
2012,nickel,scrap,RoW,China,0.05918046647485428
2012,nickel,scrap,RoW,EU27,0.24631494569992643
2012,nickel,scrap,RoW,RoW,0.6945045878252193
2012,tin,concentrates,China,China,0.0
2012,tin,concentrates,China,EU27,0.000659720767633614
2012,tin,concentrates,China,RoW,0.9993402792323663
2012,tin,concentrates,EU27,China,0.0028374959706231246
2012,tin,concentrates,EU27,EU27,0.2387011135065862
2012,tin,concentrates,EU27,RoW,0.7584613905227906
2012,tin,concentrates,RoW,China,0.365581768703865
2012,tin,concentrates,RoW,EU27,0.05681089623545477
2012,tin,concentrates,RoW,RoW,0.5776073350606803
2012,tin,refined_metal,China,China,0.0
2012,tin,refined_metal,China,EU27,0.11987001646493319
2012,tin,refined_metal,China,RoW,0.8801299835350668
2012,tin,refined_metal,EU27,China,0.0023849097091601344
2012,tin,refined_metal,EU27,EU27,0.7199770207359677
2012,tin,refined_metal,EU27,RoW,0.2776380695548722
2012,tin,refined_metal,RoW,China,0.0745720573855287
2012,tin,refined_metal,RoW,EU27,0.17411853944265188
2012,tin,refined_metal,RoW,RoW,0.7513094031718195
2012,tin,scrap,China,China,0.0
2012,tin,scrap,China,EU27,0.0008174296781666394
2012,tin,scrap,China,RoW,0.9991825703218333
2012,tin,scrap,EU27,China,0.00028726606722966584
2012,tin,scrap,EU27,EU27,0.9331037116620743
2012,tin,scrap,EU27,RoW,0.06660902227069612
2012,tin,scrap,RoW,China,0.02033897839191885
2012,tin,scrap,RoW,EU27,0.07040566819385717
2012,tin,scrap,RoW,RoW,0.909255353414224
2012,zinc,concentrates,China,China,0.0
2012,zinc,concentrates,China,EU27,0.0596439795904068
2012,zinc,concentrates,China,RoW,0.9403560204095932
2012,zinc,concentrates,EU27,China,0.07790434502263394
2012,zinc,concentrates,EU27,EU27,0.7694670578396142
2012,zinc,concentrates,EU27,RoW,0.15262859713775168
2012,zinc,concentrates,RoW,China,0.28835408477330765
2012,zinc,concentrates,RoW,EU27,0.27080012573996853
2012,zinc,concentrates,RoW,RoW,0.44084578948672376
2012,zinc,refined_metal,China,China,0.0
2012,zinc,refined_metal,China,EU27,0.049039690812670254
2012,zinc,refined_metal,China,RoW,0.9509603091873298
2012,zinc,refined_metal,EU27,China,0.017253723459277403
2012,zinc,refined_metal,EU27,EU27,0.8199301421185573
2012,zinc,refined_metal,EU27,RoW,0.16281613442216528
2012,zinc,refined_metal,RoW,China,0.14797173987223797
2012,zinc,refined_metal,RoW,EU27,0.1786263885980682
2012,zinc,refined_metal,RoW,RoW,0.6734018715296939
2012,zinc,scrap,China,China,0.0
2012,zinc,scrap,China,EU27,0.04752156684503799
2012,zinc,scrap,China,RoW,0.952478433154962
2012,zinc,scrap,EU27,China,0.13777647429973347
2012,zinc,scrap,EU27,EU27,0.7218313650842808
2012,zinc,scrap,EU27,RoW,0.14039216061598572
2012,zinc,scrap,RoW,China,0.1841851669632539
2012,zinc,scrap,RoW,EU27,0.12359582544640114
2012,zinc,scrap,RoW,RoW,0.692219007590345
2013,nickel,concentrates,China,China,0.0
2013,nickel,concentrates,China,EU27,0.017491130184867722
2013,nickel,concentrates,China,RoW,0.9825088698151322
2013,nickel,concentrates,EU27,China,0.5550386920725214
2013,nickel,concentrates,EU27,EU27,0.19298461795096936
2013,nickel,concentrates,EU27,RoW,0.2519766899765091
2013,nickel,concentrates,RoW,China,0.8065856066046373
2013,nickel,concentrates,RoW,EU27,0.013262594114410211
2013,nickel,concentrates,RoW,RoW,0.18015179928095246
2013,nickel,refined_metal,China,China,0.0
2013,nickel,refined_metal,China,EU27,0.17466537401856738
2013,nickel,refined_metal,China,RoW,0.8253346259814326
2013,nickel,refined_metal,EU27,China,0.03686253210168393
2013,nickel,refined_metal,EU27,EU27,0.6169371885644933
2013,nickel,refined_metal,EU27,RoW,0.3462002793338228
2013,nickel,refined_metal,RoW,China,0.19213893601870338
2013,nickel,refined_metal,RoW,EU27,0.23231455529342038
2013,nickel,refined_metal,RoW,RoW,0.5755465086878763
2013,nickel,scrap,China,China,0.0
2013,nickel,scrap,China,EU27,0.009445894570512833
2013,nickel,scrap,China,RoW,0.9905541054294872
2013,nickel,scrap,EU27,China,0.003432394135773904
2013,nickel,scrap,EU27,EU27,0.6377134547078298
2013,nickel,scrap,EU27,RoW,0.3588541511563963
2013,nickel,scrap,RoW,China,0.021282670997761124
2013,nickel,scrap,RoW,EU27,0.22371011219455494
2013,nickel,scrap,RoW,RoW,0.7550072168076839
2013,tin,concentrates,China,China,0.0
2013,tin,concentrates,China,EU27,0.00015516216746741787
2013,tin,concentrates,China,RoW,0.9998448378325326
2013,tin,concentrates,EU27,China,3.97185830070542e-06
2013,tin,concentrates,EU27,EU27,0.26500807154393996
2013,tin,concentrates,EU27,RoW,0.7349879565977594
2013,tin,concentrates,RoW,China,0.32622455016537577
2013,tin,concentrates,RoW,EU27,0.059147693578052635
2013,tin,concentrates,RoW,RoW,0.6146277562565716
2013,tin,refined_metal,China,China,0.0
2013,tin,refined_metal,China,EU27,0.13851548199284808
2013,tin,refined_metal,China,RoW,0.861484518007152
2013,tin,refined_metal,EU27,China,0.0021697461994506844
2013,tin,refined_metal,EU27,EU27,0.75532296190042
2013,tin,refined_metal,EU27,RoW,0.24250729190012937
2013,tin,refined_metal,RoW,China,0.07194747333625968
2013,tin,refined_metal,RoW,EU27,0.1754697571484206
2013,tin,refined_metal,RoW,RoW,0.7525827695153198
2013,tin,scrap,China,China,0.0
2013,tin,scrap,China,EU27,0.0007909849548930277
2013,tin,scrap,China,RoW,0.999209015045107
2013,tin,scrap,EU27,China,0.0008217427652562559
2013,tin,scrap,EU27,EU27,0.9604350973988746
2013,tin,scrap,EU27,RoW,0.038743159835869206
2013,tin,scrap,RoW,China,0.010251967374185591
2013,tin,scrap,RoW,EU27,0.06581854771657861
2013,tin,scrap,RoW,RoW,0.9239294849092358
2013,zinc,concentrates,China,China,0.0
2013,zinc,concentrates,China,EU27,0.06443565535464235
2013,zinc,concentrates,China,RoW,0.9355643446453576
2013,zinc,concentrates,EU27,China,0.08549641022082348
2013,zinc,concentrates,EU27,EU27,0.7565330015233198
2013,zinc,concentrates,EU27,RoW,0.1579705882558567
2013,zinc,concentrates,RoW,China,0.25205194440773004
2013,zinc,concentrates,RoW,EU27,0.268940678778045
2013,zinc,concentrates,RoW,RoW,0.4790073768142249
2013,zinc,refined_metal,China,China,0.0
2013,zinc,refined_metal,China,EU27,0.05743395615171152
2013,zinc,refined_metal,China,RoW,0.9425660438482885
2013,zinc,refined_metal,EU27,China,0.04700105407521279
2013,zinc,refined_metal,EU27,EU27,0.7894074962513576
2013,zinc,refined_metal,EU27,RoW,0.16359144967342956
2013,zinc,refined_metal,RoW,China,0.15839620808790608
2013,zinc,refined_metal,RoW,EU27,0.1480755525103782
2013,zinc,refined_metal,RoW,RoW,0.6935282394017158
2013,zinc,scrap,China,China,0.0
2013,zinc,scrap,China,EU27,0.09547842944031752
2013,zinc,scrap,China,RoW,0.9045215705596825
2013,zinc,scrap,EU27,China,0.11713364125421284
2013,zinc,scrap,EU27,EU27,0.7529257127455145
2013,zinc,scrap,EU27,RoW,0.12994064600027264
2013,zinc,scrap,RoW,China,0.1802645439589228
2013,zinc,scrap,RoW,EU27,0.14317479764575722
2013,zinc,scrap,RoW,RoW,0.67656065839532
2014,nickel,concentrates,China,China,0.0
2014,nickel,concentrates,China,EU27,0.030983139556000423
2014,nickel,concentrates,China,RoW,0.9690168604439996
2014,nickel,concentrates,EU27,China,0.6431362945462583
2014,nickel,concentrates,EU27,EU27,0.10512765123700203
2014,nickel,concentrates,EU27,RoW,0.2517360542167397
2014,nickel,concentrates,RoW,China,0.7968540398466128
2014,nickel,concentrates,RoW,EU27,0.01669775714638717
2014,nickel,concentrates,RoW,RoW,0.18644820300700005
2014,nickel,refined_metal,China,China,0.0
2014,nickel,refined_metal,China,EU27,0.18026042656755115
2014,nickel,refined_metal,China,RoW,0.8197395734324489
2014,nickel,refined_metal,EU27,China,0.034451418604834395
2014,nickel,refined_metal,EU27,EU27,0.6011728867880842
2014,nickel,refined_metal,EU27,RoW,0.36437569460708147
2014,nickel,refined_metal,RoW,China,0.20801963287125733
2014,nickel,refined_metal,RoW,EU27,0.20671011357131408
2014,nickel,refined_metal,RoW,RoW,0.5852702535574287
2014,nickel,scrap,China,China,0.0
2014,nickel,scrap,China,EU27,0.026042599508111764
2014,nickel,scrap,China,RoW,0.9739574004918883
2014,nickel,scrap,EU27,China,0.0006535059773369183
2014,nickel,scrap,EU27,EU27,0.6296633414340664
2014,nickel,scrap,EU27,RoW,0.36968315258859663
2014,nickel,scrap,RoW,China,0.015828943628160175
2014,nickel,scrap,RoW,EU27,0.18810751778913182
2014,nickel,scrap,RoW,RoW,0.796063538582708
2014,tin,concentrates,China,China,0.0
2014,tin,concentrates,China,EU27,0.0012471964226453203
2014,tin,concentrates,China,RoW,0.9987528035773546
2014,tin,concentrates,EU27,China,8.470126731963411e-06
2014,tin,concentrates,EU27,EU27,0.2981150536057285
2014,tin,concentrates,EU27,RoW,0.7018764762675396
2014,tin,concentrates,RoW,China,0.5171352870540825
2014,tin,concentrates,RoW,EU27,0.030889850334145607
2014,tin,concentrates,RoW,RoW,0.45197486261177183
2014,tin,refined_metal,China,China,0.0
2014,tin,refined_metal,China,EU27,0.11992022236559598
2014,tin,refined_metal,China,RoW,0.880079777634404
2014,tin,refined_metal,EU27,China,0.0025563682973292635
2014,tin,refined_metal,EU27,EU27,0.7956240820283611
2014,tin,refined_metal,EU27,RoW,0.2018195496743097
2014,tin,refined_metal,RoW,China,0.0643439237977693
2014,tin,refined_metal,RoW,EU27,0.1705527067817639
2014,tin,refined_metal,RoW,RoW,0.7651033694204669
2014,tin,scrap,China,China,0.0
2014,tin,scrap,China,EU27,0.009446274811139842
2014,tin,scrap,China,RoW,0.9905537251888602
2014,tin,scrap,EU27,China,0.0008217427652562559
2014,tin,scrap,EU27,EU27,0.9565646707170757
2014,tin,scrap,EU27,RoW,0.04261358651766805
2014,tin,scrap,RoW,China,0.006544291918371502
2014,tin,scrap,RoW,EU27,0.05638537203258879
2014,tin,scrap,RoW,RoW,0.9370703360490397
2014,zinc,concentrates,China,China,0.0
2014,zinc,concentrates,China,EU27,0.04968799034203652
2014,zinc,concentrates,China,RoW,0.9503120096579635
2014,zinc,concentrates,EU27,China,0.08165343127721786
2014,zinc,concentrates,EU27,EU27,0.771893942301267
2014,zinc,concentrates,EU27,RoW,0.14645262642151527
2014,zinc,concentrates,RoW,China,0.2302562631846151
2014,zinc,concentrates,RoW,EU27,0.26935109177152555
2014,zinc,concentrates,RoW,RoW,0.5003926450438594
2014,zinc,refined_metal,China,China,0.0
2014,zinc,refined_metal,China,EU27,0.043153580760825094
2014,zinc,refined_metal,China,RoW,0.9568464192391749
2014,zinc,refined_metal,EU27,China,0.061446898464388014
2014,zinc,refined_metal,EU27,EU27,0.7779354125031561
2014,zinc,refined_metal,EU27,RoW,0.16061768903245588
2014,zinc,refined_metal,RoW,China,0.15792801347852814
2014,zinc,refined_metal,RoW,EU27,0.1333809466918588
2014,zinc,refined_metal,RoW,RoW,0.7086910398296131
2014,zinc,scrap,China,China,0.0
2014,zinc,scrap,China,EU27,0.1025789779814764
2014,zinc,scrap,China,RoW,0.8974210220185236
2014,zinc,scrap,EU27,China,0.10028452625753066
2014,zinc,scrap,EU27,EU27,0.7674777523663505
2014,zinc,scrap,EU27,RoW,0.13223772137611875
2014,zinc,scrap,RoW,China,0.1929969623993085
2014,zinc,scrap,RoW,EU27,0.14134135724460542
2014,zinc,scrap,RoW,RoW,0.6656616803560861
2015,nickel,concentrates,China,China,0.0
2015,nickel,concentrates,China,EU27,0.026379698092517542
2015,nickel,concentrates,China,RoW,0.9736203019074825
2015,nickel,concentrates,EU27,China,0.742048886552053
2015,nickel,concentrates,EU27,EU27,0.03983177314004913
2015,nickel,concentrates,EU27,RoW,0.21811934030789792
2015,nickel,concentrates,RoW,China,0.7564944959564027
2015,nickel,concentrates,RoW,EU27,0.023565217729662802
2015,nickel,concentrates,RoW,RoW,0.21994028631393447
2015,nickel,refined_metal,China,China,0.0
2015,nickel,refined_metal,China,EU27,0.2508447325471684
2015,nickel,refined_metal,China,RoW,0.7491552674528317
2015,nickel,refined_metal,EU27,China,0.025324849049789388
2015,nickel,refined_metal,EU27,EU27,0.6200901634606947
2015,nickel,refined_metal,EU27,RoW,0.3545849874895159
2015,nickel,refined_metal,RoW,China,0.24074599576014832
2015,nickel,refined_metal,RoW,EU27,0.1740203945119593
2015,nickel,refined_metal,RoW,RoW,0.5852336097278924
2015,nickel,scrap,China,China,0.0
2015,nickel,scrap,China,EU27,0.026421135740689095
2015,nickel,scrap,China,RoW,0.973578864259311
2015,nickel,scrap,EU27,China,0.00046190243353536617
2015,nickel,scrap,EU27,EU27,0.6802270131562781
2015,nickel,scrap,EU27,RoW,0.31931108441018663
2015,nickel,scrap,RoW,China,0.017406236751174555
2015,nickel,scrap,RoW,EU27,0.1616406981704476
2015,nickel,scrap,RoW,RoW,0.820953065078378
2015,tin,concentrates,China,China,0.0
2015,tin,concentrates,China,EU27,0.0013091302132984643
2015,tin,concentrates,China,RoW,0.9986908697867015
2015,tin,concentrates,EU27,China,4.498268431257991e-06
2015,tin,concentrates,EU27,EU27,0.5088555096380603
2015,tin,concentrates,EU27,RoW,0.4911399920935084
2015,tin,concentrates,RoW,China,0.41572460133604555
2015,tin,concentrates,RoW,EU27,0.024356097786662017
2015,tin,concentrates,RoW,RoW,0.5599193008772924
2015,tin,refined_metal,China,China,0.0
2015,tin,refined_metal,China,EU27,0.12421838001007884
2015,tin,refined_metal,China,RoW,0.8757816199899212
2015,tin,refined_metal,EU27,China,0.002516821307826603
2015,tin,refined_metal,EU27,EU27,0.8206736775851066
2015,tin,refined_metal,EU27,RoW,0.1768095011070668
2015,tin,refined_metal,RoW,China,0.04954662481184443
2015,tin,refined_metal,RoW,EU27,0.19339746741605798
2015,tin,refined_metal,RoW,RoW,0.7570559077720976
2015,tin,scrap,China,China,0.0
2015,tin,scrap,China,EU27,0.19170325982254877
2015,tin,scrap,China,RoW,0.8082967401774512
2015,tin,scrap,EU27,China,0.0008217427652562559
2015,tin,scrap,EU27,EU27,0.8879424645969785
2015,tin,scrap,EU27,RoW,0.11123579263776533
2015,tin,scrap,RoW,China,0.00401543580113244
2015,tin,scrap,RoW,EU27,0.04323374066776813
2015,tin,scrap,RoW,RoW,0.9527508235310994
2015,zinc,concentrates,China,China,0.0
2015,zinc,concentrates,China,EU27,0.05247252022149663
2015,zinc,concentrates,China,RoW,0.9475274797785034
2015,zinc,concentrates,EU27,China,0.087385224907029
2015,zinc,concentrates,EU27,EU27,0.7675274182158522
2015,zinc,concentrates,EU27,RoW,0.14508735687711888
2015,zinc,concentrates,RoW,China,0.2602817607145094
2015,zinc,concentrates,RoW,EU27,0.24683525977469345
2015,zinc,concentrates,RoW,RoW,0.4928829795107971
2015,zinc,refined_metal,China,China,0.0
2015,zinc,refined_metal,China,EU27,0.0440707594579222
2015,zinc,refined_metal,China,RoW,0.9559292405420778
2015,zinc,refined_metal,EU27,China,0.05199332473092294
2015,zinc,refined_metal,EU27,EU27,0.7697565169388009
2015,zinc,refined_metal,EU27,RoW,0.1782501583302763
2015,zinc,refined_metal,RoW,China,0.15623043306354936
2015,zinc,refined_metal,RoW,EU27,0.11792751553598067
2015,zinc,refined_metal,RoW,RoW,0.7258420514004701
2015,zinc,scrap,China,China,0.0
2015,zinc,scrap,China,EU27,0.0840488308125874
2015,zinc,scrap,China,RoW,0.9159511691874127
2015,zinc,scrap,EU27,China,0.07957804805656275
2015,zinc,scrap,EU27,EU27,0.7873078681095442
2015,zinc,scrap,EU27,RoW,0.13311408383389303
2015,zinc,scrap,RoW,China,0.20324405305483093
2015,zinc,scrap,RoW,EU27,0.17199667204105296
2015,zinc,scrap,RoW,RoW,0.6247592749041161
2016,nickel,concentrates,China,China,0.0
2016,nickel,concentrates,China,EU27,0.02425966798502552
2016,nickel,concentrates,China,RoW,0.9757403320149746
2016,nickel,concentrates,EU27,China,0.7057917740565562
2016,nickel,concentrates,EU27,EU27,0.06025001375742441
2016,nickel,concentrates,EU27,RoW,0.2339582121860194
2016,nickel,concentrates,RoW,China,0.6409521024902259
2016,nickel,concentrates,RoW,EU27,0.02602515051275134
2016,nickel,concentrates,RoW,RoW,0.33302274699702267
2016,nickel,refined_metal,China,China,0.0
2016,nickel,refined_metal,China,EU27,0.30663055123323885
2016,nickel,refined_metal,China,RoW,0.6933694487667612
2016,nickel,refined_metal,EU27,China,0.04470542512677635
2016,nickel,refined_metal,EU27,EU27,0.5984208744629692
2016,nickel,refined_metal,EU27,RoW,0.35687370041025446
2016,nickel,refined_metal,RoW,China,0.260331679081842
2016,nickel,refined_metal,RoW,EU27,0.17198235260656178
2016,nickel,refined_metal,RoW,RoW,0.5676859683115962
2016,nickel,scrap,China,China,0.0
2016,nickel,scrap,China,EU27,0.039420548761104936
2016,nickel,scrap,China,RoW,0.9605794512388951
2016,nickel,scrap,EU27,China,9.66767371654743e-05
2016,nickel,scrap,EU27,EU27,0.6760491982310247
2016,nickel,scrap,EU27,RoW,0.3238541250318099
2016,nickel,scrap,RoW,China,0.02258088461209951
2016,nickel,scrap,RoW,EU27,0.15340921832803292
2016,nickel,scrap,RoW,RoW,0.8240098970598676
2016,tin,concentrates,China,China,0.0
2016,tin,concentrates,China,EU27,0.0032261645380240863
2016,tin,concentrates,China,RoW,0.996773835461976
2016,tin,concentrates,EU27,China,4.498268431257991e-06
2016,tin,concentrates,EU27,EU27,0.6151231686874852
2016,tin,concentrates,EU27,RoW,0.3848723330440835
2016,tin,concentrates,RoW,China,0.3765628077023108
2016,tin,concentrates,RoW,EU27,0.02269692929049515
2016,tin,concentrates,RoW,RoW,0.600740263007194
2016,tin,refined_metal,China,China,0.0
2016,tin,refined_metal,China,EU27,0.14843062903158646
2016,tin,refined_metal,China,RoW,0.8515693709684136
2016,tin,refined_metal,EU27,China,0.0026654522857546773
2016,tin,refined_metal,EU27,EU27,0.820945873463022
2016,tin,refined_metal,EU27,RoW,0.17638867425122343
2016,tin,refined_metal,RoW,China,0.04917697104850303
2016,tin,refined_metal,RoW,EU27,0.20376907676960043
2016,tin,refined_metal,RoW,RoW,0.7470539521818965
2016,tin,scrap,China,China,0.0
2016,tin,scrap,China,EU27,0.20040581155024131
2016,tin,scrap,China,RoW,0.7995941884497587
2016,tin,scrap,EU27,China,0.0
2016,tin,scrap,EU27,EU27,0.8737074541992329
2016,tin,scrap,EU27,RoW,0.12629254580076707
2016,tin,scrap,RoW,China,0.008042019597545629
2016,tin,scrap,RoW,EU27,0.03910256320360317
2016,tin,scrap,RoW,RoW,0.9528554171988511
2016,zinc,concentrates,China,China,0.0
2016,zinc,concentrates,China,EU27,0.04548701146038375
2016,zinc,concentrates,China,RoW,0.9545129885396162
2016,zinc,concentrates,EU27,China,0.07125496168899967
2016,zinc,concentrates,EU27,EU27,0.7679599246929028
2016,zinc,concentrates,EU27,RoW,0.16078511361809747
2016,zinc,concentrates,RoW,China,0.25610571697128964
2016,zinc,concentrates,RoW,EU27,0.23457134126648496
2016,zinc,concentrates,RoW,RoW,0.5093229417622254
2016,zinc,refined_metal,China,China,0.0
2016,zinc,refined_metal,China,EU27,0.03590248725282409
2016,zinc,refined_metal,China,RoW,0.9640975127471759
2016,zinc,refined_metal,EU27,China,0.02357496929100651
2016,zinc,refined_metal,EU27,EU27,0.7872937120239333
2016,zinc,refined_metal,EU27,RoW,0.18913131868506025
2016,zinc,refined_metal,RoW,China,0.1453820069259928
2016,zinc,refined_metal,RoW,EU27,0.1219461026875082
2016,zinc,refined_metal,RoW,RoW,0.7326718903864989
2016,zinc,scrap,China,China,0.0
2016,zinc,scrap,China,EU27,0.03598430667370198
2016,zinc,scrap,China,RoW,0.964015693326298
2016,zinc,scrap,EU27,China,0.06845791388149028
2016,zinc,scrap,EU27,EU27,0.7867918583106495
2016,zinc,scrap,EU27,RoW,0.14475022780786032
2016,zinc,scrap,RoW,China,0.18032411473317397
2016,zinc,scrap,RoW,EU27,0.19985628947116585
2016,zinc,scrap,RoW,RoW,0.6198195957956601
2017,nickel,concentrates,China,China,0.0
2017,nickel,concentrates,China,EU27,0.0026716002569965158
2017,nickel,concentrates,China,RoW,0.9973283997430036
2017,nickel,concentrates,EU27,China,0.6382276641746273
2017,nickel,concentrates,EU27,EU27,0.06278866709953884
2017,nickel,concentrates,EU27,RoW,0.2989836687258339
2017,nickel,concentrates,RoW,China,0.6450071770851538
2017,nickel,concentrates,RoW,EU27,0.021115883492255866
2017,nickel,concentrates,RoW,RoW,0.3338769394225903
2017,nickel,refined_metal,China,China,0.0
2017,nickel,refined_metal,China,EU27,0.3625045742020778
2017,nickel,refined_metal,China,RoW,0.6374954257979223
2017,nickel,refined_metal,EU27,China,0.07330280236181624
2017,nickel,refined_metal,EU27,EU27,0.5989537450340823
2017,nickel,refined_metal,EU27,RoW,0.3277434526041015
2017,nickel,refined_metal,RoW,China,0.30251852790321954
2017,nickel,refined_metal,RoW,EU27,0.18056993072579858
2017,nickel,refined_metal,RoW,RoW,0.5169115413709819
2017,nickel,scrap,China,China,0.0
2017,nickel,scrap,China,EU27,0.03600097308818565
2017,nickel,scrap,China,RoW,0.9639990269118144
2017,nickel,scrap,EU27,China,9.66946515088088e-05
2017,nickel,scrap,EU27,EU27,0.6638456530517057
2017,nickel,scrap,EU27,RoW,0.3360576522967855
2017,nickel,scrap,RoW,China,0.026668490204142067
2017,nickel,scrap,RoW,EU27,0.14710214850895953
2017,nickel,scrap,RoW,RoW,0.8262293612868984
2017,tin,concentrates,China,China,0.0
2017,tin,concentrates,China,EU27,0.002129028250918665
2017,tin,concentrates,China,RoW,0.9978709717490813
2017,tin,concentrates,EU27,China,0.022197159977334454
2017,tin,concentrates,EU27,EU27,0.6931429233157814
2017,tin,concentrates,EU27,RoW,0.2846599167068841
2017,tin,concentrates,RoW,China,0.0692625602144427
2017,tin,concentrates,RoW,EU27,0.028414853411408977
2017,tin,concentrates,RoW,RoW,0.9023225863741483
2017,tin,refined_metal,China,China,0.0
2017,tin,refined_metal,China,EU27,0.17764751262256792
2017,tin,refined_metal,China,RoW,0.822352487377432
2017,tin,refined_metal,EU27,China,0.0021740365118782627
2017,tin,refined_metal,EU27,EU27,0.8309662816909601
2017,tin,refined_metal,EU27,RoW,0.1668596817971616
2017,tin,refined_metal,RoW,China,0.04056794766677783
2017,tin,refined_metal,RoW,EU27,0.22219598193278825
2017,tin,refined_metal,RoW,RoW,0.737236070400434
2017,tin,scrap,China,China,0.0
2017,tin,scrap,China,EU27,0.19203966880170154
2017,tin,scrap,China,RoW,0.8079603311982985
2017,tin,scrap,EU27,China,7.102771844177888e-07
2017,tin,scrap,EU27,EU27,0.8593333921801474
2017,tin,scrap,EU27,RoW,0.1406658975426682
2017,tin,scrap,RoW,China,0.007284293049236991
2017,tin,scrap,RoW,EU27,0.03369448785610553
2017,tin,scrap,RoW,RoW,0.9590212190946574
2017,zinc,concentrates,China,China,0.0
2017,zinc,concentrates,China,EU27,0.04570776493764875
2017,zinc,concentrates,China,RoW,0.9542922350623513
2017,zinc,concentrates,EU27,China,0.04924375834775979
2017,zinc,concentrates,EU27,EU27,0.7698647400202852
2017,zinc,concentrates,EU27,RoW,0.18089150163195503
2017,zinc,concentrates,RoW,China,0.26205789074765584
2017,zinc,concentrates,RoW,EU27,0.21779412047535304
2017,zinc,concentrates,RoW,RoW,0.5201479887769911
2017,zinc,refined_metal,China,China,0.0
2017,zinc,refined_metal,China,EU27,0.03506620776939955
2017,zinc,refined_metal,China,RoW,0.9649337922306005
2017,zinc,refined_metal,EU27,China,0.02979545072079809
2017,zinc,refined_metal,EU27,EU27,0.7752601633505979
2017,zinc,refined_metal,EU27,RoW,0.19494438592860397
2017,zinc,refined_metal,RoW,China,0.14962256000221055
2017,zinc,refined_metal,RoW,EU27,0.11623667741646602
2017,zinc,refined_metal,RoW,RoW,0.7341407625813234
2017,zinc,scrap,China,China,0.0
2017,zinc,scrap,China,EU27,0.019083696094307236
2017,zinc,scrap,China,RoW,0.9809163039056927
2017,zinc,scrap,EU27,China,0.06152933058620597
2017,zinc,scrap,EU27,EU27,0.7708545275840949
2017,zinc,scrap,EU27,RoW,0.16761614182969906
2017,zinc,scrap,RoW,China,0.12104488245218935
2017,zinc,scrap,RoW,EU27,0.22148321122943093
2017,zinc,scrap,RoW,RoW,0.6574719063183797
2018,nickel,concentrates,China,China,0.0
2018,nickel,concentrates,China,EU27,0.0034685261961355704
2018,nickel,concentrates,China,RoW,0.9965314738038645
2018,nickel,concentrates,EU27,China,0.5201603800020372
2018,nickel,concentrates,EU27,EU27,0.0782487811083104
2018,nickel,concentrates,EU27,RoW,0.40159083888965247
2018,nickel,concentrates,RoW,China,0.6864827488901375
2018,nickel,concentrates,RoW,EU27,0.012893671466715908
2018,nickel,concentrates,RoW,RoW,0.30062357964314657
2018,nickel,refined_metal,China,China,0.0
2018,nickel,refined_metal,China,EU27,0.2759990056138338
2018,nickel,refined_metal,China,RoW,0.7240009943861663
2018,nickel,refined_metal,EU27,China,0.108012969848881
2018,nickel,refined_metal,EU27,EU27,0.5650078367144856
2018,nickel,refined_metal,EU27,RoW,0.3269791934366334
2018,nickel,refined_metal,RoW,China,0.282222612457045
2018,nickel,refined_metal,RoW,EU27,0.22164210469828957
2018,nickel,refined_metal,RoW,RoW,0.4961352828446654
2018,nickel,scrap,China,China,0.0
2018,nickel,scrap,China,EU27,0.03235532679594481
2018,nickel,scrap,China,RoW,0.9676446732040552
2018,nickel,scrap,EU27,China,9.865169646693745e-05
2018,nickel,scrap,EU27,EU27,0.6374702252371215
2018,nickel,scrap,EU27,RoW,0.3624311230664115
2018,nickel,scrap,RoW,China,0.022615101261977587
2018,nickel,scrap,RoW,EU27,0.1638784506023727
2018,nickel,scrap,RoW,RoW,0.8135064481356498
2018,tin,concentrates,China,China,0.0
2018,tin,concentrates,China,EU27,0.00196538694760098
2018,tin,concentrates,China,RoW,0.998034613052399
2018,tin,concentrates,EU27,China,0.026494651752645232
2018,tin,concentrates,EU27,EU27,0.5882533133179842
2018,tin,concentrates,EU27,RoW,0.3852520349293706
2018,tin,concentrates,RoW,China,0.06281605291366527
2018,tin,concentrates,RoW,EU27,0.0199965969919338
2018,tin,concentrates,RoW,RoW,0.9171873500944009
2018,tin,refined_metal,China,China,0.0
2018,tin,refined_metal,China,EU27,0.1842898240989526
2018,tin,refined_metal,China,RoW,0.8157101759010474
2018,tin,refined_metal,EU27,China,0.0037281766354995026
2018,tin,refined_metal,EU27,EU27,0.8378533883288666
2018,tin,refined_metal,EU27,RoW,0.15841843503563396
2018,tin,refined_metal,RoW,China,0.032470844057513354
2018,tin,refined_metal,RoW,EU27,0.2287857576096053
2018,tin,refined_metal,RoW,RoW,0.7387433983328814
2018,tin,scrap,China,China,0.0
2018,tin,scrap,China,EU27,0.009482337533437293
2018,tin,scrap,China,RoW,0.9905176624665627
2018,tin,scrap,EU27,China,0.00013243471276458256
2018,tin,scrap,EU27,EU27,0.9022757648926657
2018,tin,scrap,EU27,RoW,0.09759180039456979
2018,tin,scrap,RoW,China,0.030427249840185244
2018,tin,scrap,RoW,EU27,0.026923965514657523
2018,tin,scrap,RoW,RoW,0.9426487846451573
2018,zinc,concentrates,China,China,0.0
2018,zinc,concentrates,China,EU27,0.017317954938849574
2018,zinc,concentrates,China,RoW,0.9826820450611504
2018,zinc,concentrates,EU27,China,0.0360194465077417
2018,zinc,concentrates,EU27,EU27,0.7741740490797596
2018,zinc,concentrates,EU27,RoW,0.18980650441249877
2018,zinc,concentrates,RoW,China,0.2522602877084611
2018,zinc,concentrates,RoW,EU27,0.21686706730774835
2018,zinc,concentrates,RoW,RoW,0.5308726449837906
2018,zinc,refined_metal,China,China,0.0
2018,zinc,refined_metal,China,EU27,0.027034211958717743
2018,zinc,refined_metal,China,RoW,0.9729657880412823
2018,zinc,refined_metal,EU27,China,0.04106300170637701
2018,zinc,refined_metal,EU27,EU27,0.7615990850662437
2018,zinc,refined_metal,EU27,RoW,0.19733791322737926
2018,zinc,refined_metal,RoW,China,0.1420787187599817
2018,zinc,refined_metal,RoW,EU27,0.11655825682870337
2018,zinc,refined_metal,RoW,RoW,0.7413630244113149
2018,zinc,scrap,China,China,0.0
2018,zinc,scrap,China,EU27,0.046438842776953204
2018,zinc,scrap,China,RoW,0.9535611572230468
2018,zinc,scrap,EU27,China,0.06006940198137774
2018,zinc,scrap,EU27,EU27,0.7570787773703243
2018,zinc,scrap,EU27,RoW,0.182851820648298
2018,zinc,scrap,RoW,China,0.06967824670814139
2018,zinc,scrap,RoW,EU27,0.20495998930071804
2018,zinc,scrap,RoW,RoW,0.7253617639911406
2019,nickel,concentrates,China,China,0.0
2019,nickel,concentrates,China,EU27,0.0035696417647001003
2019,nickel,concentrates,China,RoW,0.9964303582352999
2019,nickel,concentrates,EU27,China,0.4381517399380387
2019,nickel,concentrates,EU27,EU27,0.12670080824045682
2019,nickel,concentrates,EU27,RoW,0.43514745182150444
2019,nickel,concentrates,RoW,China,0.8151331757263977
2019,nickel,concentrates,RoW,EU27,0.010966784206246279
2019,nickel,concentrates,RoW,RoW,0.17390004006735613
2019,nickel,refined_metal,China,China,0.0
2019,nickel,refined_metal,China,EU27,0.18945555227750147
2019,nickel,refined_metal,China,RoW,0.8105444477224985
2019,nickel,refined_metal,EU27,China,0.11002954682113152
2019,nickel,refined_metal,EU27,EU27,0.5567167557075224
2019,nickel,refined_metal,EU27,RoW,0.333253697471346
2019,nickel,refined_metal,RoW,China,0.28747438874793635
2019,nickel,refined_metal,RoW,EU27,0.226281809012
2019,nickel,refined_metal,RoW,RoW,0.48624380224006364
2019,nickel,scrap,China,China,0.0
2019,nickel,scrap,China,EU27,0.024512800074615006
2019,nickel,scrap,China,RoW,0.975487199925385
2019,nickel,scrap,EU27,China,3.446054348819453e-06
2019,nickel,scrap,EU27,EU27,0.6101712379265503
2019,nickel,scrap,EU27,RoW,0.389825316019101
2019,nickel,scrap,RoW,China,0.019352309823594222
2019,nickel,scrap,RoW,EU27,0.14987412338984518
2019,nickel,scrap,RoW,RoW,0.8307735667865606
2019,tin,concentrates,China,China,0.0
2019,tin,concentrates,China,EU27,3.7102279213337514e-05
2019,tin,concentrates,China,RoW,0.9999628977207866
2019,tin,concentrates,EU27,China,0.02660041075326498
2019,tin,concentrates,EU27,EU27,0.42616195125363415
2019,tin,concentrates,EU27,RoW,0.5472376379931009
2019,tin,concentrates,RoW,China,0.10702125613036426
2019,tin,concentrates,RoW,EU27,0.016493550404562594
2019,tin,concentrates,RoW,RoW,0.8764851934650731
2019,tin,refined_metal,China,China,0.0
2019,tin,refined_metal,China,EU27,0.1638851419935161
2019,tin,refined_metal,China,RoW,0.8361148580064839
2019,tin,refined_metal,EU27,China,0.0037297417260787474
2019,tin,refined_metal,EU27,EU27,0.8153810519493687
2019,tin,refined_metal,EU27,RoW,0.18088920632455255
2019,tin,refined_metal,RoW,China,0.02266699495472214
2019,tin,refined_metal,RoW,EU27,0.2400870277092766
2019,tin,refined_metal,RoW,RoW,0.7372459773360013
2019,tin,scrap,China,China,0.0
2019,tin,scrap,China,EU27,0.0012301634657928206
2019,tin,scrap,China,RoW,0.9987698365342071
2019,tin,scrap,EU27,China,0.00013243471276458256
2019,tin,scrap,EU27,EU27,0.9042526945599265
2019,tin,scrap,EU27,RoW,0.09561487072730886
2019,tin,scrap,RoW,China,0.029865669071038613
2019,tin,scrap,RoW,EU27,0.019516047354673886
2019,tin,scrap,RoW,RoW,0.9506182835742875
2019,zinc,concentrates,China,China,0.0
2019,zinc,concentrates,China,EU27,0.006591340511339296
2019,zinc,concentrates,China,RoW,0.9934086594886608
2019,zinc,concentrates,EU27,China,0.06588946392271669
2019,zinc,concentrates,EU27,EU27,0.7346341451941291
2019,zinc,concentrates,EU27,RoW,0.1994763908831543
2019,zinc,concentrates,RoW,China,0.27854269356186206
2019,zinc,concentrates,RoW,EU27,0.21318548054069816
2019,zinc,concentrates,RoW,RoW,0.5082718258974398
2019,zinc,refined_metal,China,China,0.0
2019,zinc,refined_metal,China,EU27,0.012936135121083731
2019,zinc,refined_metal,China,RoW,0.9870638648789163
2019,zinc,refined_metal,EU27,China,0.04127158526103406
2019,zinc,refined_metal,EU27,EU27,0.7388432522668437
2019,zinc,refined_metal,EU27,RoW,0.2198851624721223
2019,zinc,refined_metal,RoW,China,0.16581078247309256
2019,zinc,refined_metal,RoW,EU27,0.10323049790895093
2019,zinc,refined_metal,RoW,RoW,0.7309587196179566
2019,zinc,scrap,China,China,0.0
2019,zinc,scrap,China,EU27,0.054370394086375146
2019,zinc,scrap,China,RoW,0.9456296059136249
2019,zinc,scrap,EU27,China,0.04738248780355791
2019,zinc,scrap,EU27,EU27,0.7544251111850024
2019,zinc,scrap,EU27,RoW,0.19819240101143962
2019,zinc,scrap,RoW,China,0.09768399356728293
2019,zinc,scrap,RoW,EU27,0.1916788364172316
2019,zinc,scrap,RoW,RoW,0.7106371700154855
2020,nickel,concentrates,China,China,0.0
2020,nickel,concentrates,China,EU27,0.0023275781676692
2020,nickel,concentrates,China,RoW,0.9976724218323308
2020,nickel,concentrates,EU27,China,0.45618099081283553
2020,nickel,concentrates,EU27,EU27,0.1220592778389119
2020,nickel,concentrates,EU27,RoW,0.42175973134825256
2020,nickel,concentrates,RoW,China,0.8269879960791013
2020,nickel,concentrates,RoW,EU27,0.012801726751577267
2020,nickel,concentrates,RoW,RoW,0.16021027716932135
2020,nickel,refined_metal,China,China,0.0
2020,nickel,refined_metal,China,EU27,0.2103847755050782
2020,nickel,refined_metal,China,RoW,0.7896152244949218
2020,nickel,refined_metal,EU27,China,0.10894776050835116
2020,nickel,refined_metal,EU27,EU27,0.5446147849370501
2020,nickel,refined_metal,EU27,RoW,0.3464374545545988
2020,nickel,refined_metal,RoW,China,0.27927035305215325
2020,nickel,refined_metal,RoW,EU27,0.22864903358543323
2020,nickel,refined_metal,RoW,RoW,0.49208061336241354
2020,nickel,scrap,China,China,0.0
2020,nickel,scrap,China,EU27,0.014377405667316831
2020,nickel,scrap,China,RoW,0.9856225943326831
2020,nickel,scrap,EU27,China,3.414226699613841e-06
2020,nickel,scrap,EU27,EU27,0.6164355759516228
2020,nickel,scrap,EU27,RoW,0.38356100982167757
2020,nickel,scrap,RoW,China,0.017274039428956906
2020,nickel,scrap,RoW,EU27,0.1463798886557911
2020,nickel,scrap,RoW,RoW,0.836346071915252
2020,tin,concentrates,China,China,0.0
2020,tin,concentrates,China,EU27,0.001125433150030567
2020,tin,concentrates,China,RoW,0.9988745668499694
2020,tin,concentrates,EU27,China,0.0044032507759305265
2020,tin,concentrates,EU27,EU27,0.3322489914638815
2020,tin,concentrates,EU27,RoW,0.663347757760188
2020,tin,concentrates,RoW,China,0.1565343246651715
2020,tin,concentrates,RoW,EU27,0.013721314706473364
2020,tin,concentrates,RoW,RoW,0.8297443606283551
2020,tin,refined_metal,China,China,0.0
2020,tin,refined_metal,China,EU27,0.11041299628880415
2020,tin,refined_metal,China,RoW,0.8895870037111958
2020,tin,refined_metal,EU27,China,0.003740571273688427
2020,tin,refined_metal,EU27,EU27,0.7946607111167595
2020,tin,refined_metal,EU27,RoW,0.20159871760955206
2020,tin,refined_metal,RoW,China,0.049503832909472405
2020,tin,refined_metal,RoW,EU27,0.2391029238886739
2020,tin,refined_metal,RoW,RoW,0.7113932432018538
2020,tin,scrap,China,China,0.0
2020,tin,scrap,China,EU27,0.0010636955271543637
2020,tin,scrap,China,RoW,0.9989363044728456
2020,tin,scrap,EU27,China,0.00013172443558016477
2020,tin,scrap,EU27,EU27,0.9142097874738774
2020,tin,scrap,EU27,RoW,0.08565848809054245
2020,tin,scrap,RoW,China,0.029386599508113953
2020,tin,scrap,RoW,EU27,0.02641710181848834
2020,tin,scrap,RoW,RoW,0.9441962986733977
2020,zinc,concentrates,China,China,0.0
2020,zinc,concentrates,China,EU27,0.007225868851203958
2020,zinc,concentrates,China,RoW,0.9927741311487961
2020,zinc,concentrates,EU27,China,0.08197529332836853
2020,zinc,concentrates,EU27,EU27,0.7192548493784795
2020,zinc,concentrates,EU27,RoW,0.19876985729315205
2020,zinc,concentrates,RoW,China,0.31474577447533036
2020,zinc,concentrates,RoW,EU27,0.19690154013604386
2020,zinc,concentrates,RoW,RoW,0.48835268538862575
2020,zinc,refined_metal,China,China,0.0
2020,zinc,refined_metal,China,EU27,0.007912380083166354
2020,zinc,refined_metal,China,RoW,0.9920876199168337
2020,zinc,refined_metal,EU27,China,0.01897232644773512
2020,zinc,refined_metal,EU27,EU27,0.729597568098315
2020,zinc,refined_metal,EU27,RoW,0.25143010545394995
2020,zinc,refined_metal,RoW,China,0.17832731709783986
2020,zinc,refined_metal,RoW,EU27,0.09509494475854008
2020,zinc,refined_metal,RoW,RoW,0.7265777381436201
2020,zinc,scrap,China,China,0.0
2020,zinc,scrap,China,EU27,0.054143001144296356
2020,zinc,scrap,China,RoW,0.9458569988557036
2020,zinc,scrap,EU27,China,0.04404588940253722
2020,zinc,scrap,EU27,EU27,0.7638950505719678
2020,zinc,scrap,EU27,RoW,0.19205906002549503
2020,zinc,scrap,RoW,China,0.19929771836195723
2020,zinc,scrap,RoW,EU27,0.16956617974651164
2020,zinc,scrap,RoW,RoW,0.6311361018915312
2021,nickel,concentrates,China,China,0.0
2021,nickel,concentrates,China,EU27,0.01283172667773168
2021,nickel,concentrates,China,RoW,0.9871682733222683
2021,nickel,concentrates,EU27,China,0.448178891802105
2021,nickel,concentrates,EU27,EU27,0.11756531414753273
2021,nickel,concentrates,EU27,RoW,0.43425579405036235
2021,nickel,concentrates,RoW,China,0.8190381496432501
2021,nickel,concentrates,RoW,EU27,0.020819004524740156
2021,nickel,concentrates,RoW,RoW,0.16014284583200988
2021,nickel,refined_metal,China,China,0.0
2021,nickel,refined_metal,China,EU27,0.20082004914997062
2021,nickel,refined_metal,China,RoW,0.7991799508500295
2021,nickel,refined_metal,EU27,China,0.10914153909198616
2021,nickel,refined_metal,EU27,EU27,0.5699490105492819
2021,nickel,refined_metal,EU27,RoW,0.320909450358732
2021,nickel,refined_metal,RoW,China,0.34995542599126317
2021,nickel,refined_metal,RoW,EU27,0.1891089309247238
2021,nickel,refined_metal,RoW,RoW,0.4609356430840131
2021,nickel,scrap,China,China,0.0
2021,nickel,scrap,China,EU27,0.019193168337520234
2021,nickel,scrap,China,RoW,0.9808068316624797
2021,nickel,scrap,EU27,China,2.161492107150228e-06
2021,nickel,scrap,EU27,EU27,0.6239357396073775
2021,nickel,scrap,EU27,RoW,0.3760620989005154
2021,nickel,scrap,RoW,China,0.03340723126432702
2021,nickel,scrap,RoW,EU27,0.12597734871609698
2021,nickel,scrap,RoW,RoW,0.840615420019576
2021,tin,concentrates,China,China,0.0
2021,tin,concentrates,China,EU27,0.001478447005824407
2021,tin,concentrates,China,RoW,0.9985215529941757
2021,tin,concentrates,EU27,China,0.007747846007942914
2021,tin,concentrates,EU27,EU27,0.42358521693251355
2021,tin,concentrates,EU27,RoW,0.5686669370595435
2021,tin,concentrates,RoW,China,0.29082888563854464
2021,tin,concentrates,RoW,EU27,0.01323950527040639
2021,tin,concentrates,RoW,RoW,0.695931609091049
2021,tin,refined_metal,China,China,0.0
2021,tin,refined_metal,China,EU27,0.09645821578786323
2021,tin,refined_metal,China,RoW,0.9035417842121368
2021,tin,refined_metal,EU27,China,0.0025101573942768298
2021,tin,refined_metal,EU27,EU27,0.7967825839527601
2021,tin,refined_metal,EU27,RoW,0.20070725865296304
2021,tin,refined_metal,RoW,China,0.051768231185524795
2021,tin,refined_metal,RoW,EU27,0.23275170331133074
2021,tin,refined_metal,RoW,RoW,0.7154800655031446
2021,tin,scrap,China,China,0.0
2021,tin,scrap,China,EU27,0.001309121023371329
2021,tin,scrap,China,RoW,0.9986908789766287
2021,tin,scrap,EU27,China,0.00020060625113374546
2021,tin,scrap,EU27,EU27,0.9447905982557936
2021,tin,scrap,EU27,RoW,0.05500879549307271
2021,tin,scrap,RoW,China,0.004850238355396844
2021,tin,scrap,RoW,EU27,0.03571968673197862
2021,tin,scrap,RoW,RoW,0.9594300749126246
2021,zinc,concentrates,China,China,0.0
2021,zinc,concentrates,China,EU27,0.005459659022998387
2021,zinc,concentrates,China,RoW,0.9945403409770016
2021,zinc,concentrates,EU27,China,0.07094795166477552
2021,zinc,concentrates,EU27,EU27,0.7294107702611361
2021,zinc,concentrates,EU27,RoW,0.1996412780740884
2021,zinc,concentrates,RoW,China,0.3362566221619133
2021,zinc,concentrates,RoW,EU27,0.18198452696241366
2021,zinc,concentrates,RoW,RoW,0.4817588508756731
2021,zinc,refined_metal,China,China,0.0
2021,zinc,refined_metal,China,EU27,0.006152121784652055
2021,zinc,refined_metal,China,RoW,0.9938478782153479
2021,zinc,refined_metal,EU27,China,0.005090641412876537
2021,zinc,refined_metal,EU27,EU27,0.7333668090697681
2021,zinc,refined_metal,EU27,RoW,0.2615425495173554
2021,zinc,refined_metal,RoW,China,0.18112864736011214
2021,zinc,refined_metal,RoW,EU27,0.08556256956492485
2021,zinc,refined_metal,RoW,RoW,0.733308783074963
2021,zinc,scrap,China,China,0.0
2021,zinc,scrap,China,EU27,0.01030520269204803
2021,zinc,scrap,China,RoW,0.989694797307952
2021,zinc,scrap,EU27,China,0.026842792397087204
2021,zinc,scrap,EU27,EU27,0.7603207576897896
2021,zinc,scrap,EU27,RoW,0.2128364499131232
2021,zinc,scrap,RoW,China,0.20803823372025354
2021,zinc,scrap,RoW,EU27,0.1432125818778399
2021,zinc,scrap,RoW,RoW,0.6487491844019065
2022,nickel,concentrates,China,China,0.0
2022,nickel,concentrates,China,EU27,0.013403571148767252
2022,nickel,concentrates,China,RoW,0.9865964288512328
2022,nickel,concentrates,EU27,China,0.5410193238470528
2022,nickel,concentrates,EU27,EU27,0.054875058967163014
2022,nickel,concentrates,EU27,RoW,0.40410561718578425
2022,nickel,concentrates,RoW,China,0.824255931353408
2022,nickel,concentrates,RoW,EU27,0.018478358894650215
2022,nickel,concentrates,RoW,RoW,0.1572657097519418
2022,nickel,refined_metal,China,China,0.0
2022,nickel,refined_metal,China,EU27,0.15761911556814728
2022,nickel,refined_metal,China,RoW,0.8423808844318528
2022,nickel,refined_metal,EU27,China,0.12097072909295747
2022,nickel,refined_metal,EU27,EU27,0.5532449287938958
2022,nickel,refined_metal,EU27,RoW,0.32578434211314683
2022,nickel,refined_metal,RoW,China,0.42717425084407656
2022,nickel,refined_metal,RoW,EU27,0.170950930970077
2022,nickel,refined_metal,RoW,RoW,0.40187481818584647
2022,nickel,scrap,China,China,0.0
2022,nickel,scrap,China,EU27,0.016209112645192227
2022,nickel,scrap,China,RoW,0.9837908873548078
2022,nickel,scrap,EU27,China,0.0022039125232486065
2022,nickel,scrap,EU27,EU27,0.6415749785997621
2022,nickel,scrap,EU27,RoW,0.3562211088769893
2022,nickel,scrap,RoW,China,0.03725427791695484
2022,nickel,scrap,RoW,EU27,0.1287007993445443
2022,nickel,scrap,RoW,RoW,0.8340449227385008
2022,tin,concentrates,China,China,0.0
2022,tin,concentrates,China,EU27,0.001484234608085934
2022,tin,concentrates,China,RoW,0.9985157653919141
2022,tin,concentrates,EU27,China,0.012734666684710223
2022,tin,concentrates,EU27,EU27,0.510626551028117
2022,tin,concentrates,EU27,RoW,0.4766387822871727
2022,tin,concentrates,RoW,China,0.4427303690168491
2022,tin,concentrates,RoW,EU27,0.009467215816854243
2022,tin,concentrates,RoW,RoW,0.5478024151662967
2022,tin,refined_metal,China,China,0.0
2022,tin,refined_metal,China,EU27,0.11392874410836523
2022,tin,refined_metal,China,RoW,0.8860712558916348
2022,tin,refined_metal,EU27,China,0.002793570592297779
2022,tin,refined_metal,EU27,EU27,0.8252057022614804
2022,tin,refined_metal,EU27,RoW,0.17200072714622183
2022,tin,refined_metal,RoW,China,0.09405747576888422
2022,tin,refined_metal,RoW,EU27,0.2251894726035406
2022,tin,refined_metal,RoW,RoW,0.6807530516275753
2022,tin,scrap,China,China,0.0
2022,tin,scrap,China,EU27,0.0020667053669566767
2022,tin,scrap,China,RoW,0.9979332946330434
2022,tin,scrap,EU27,China,0.0002610286378771983
2022,tin,scrap,EU27,EU27,0.8484572377338947
2022,tin,scrap,EU27,RoW,0.15128173362822794
2022,tin,scrap,RoW,China,0.001584542723921369
2022,tin,scrap,RoW,EU27,0.03984036271617126
2022,tin,scrap,RoW,RoW,0.9585750945599074
2022,zinc,concentrates,China,China,0.0
2022,zinc,concentrates,China,EU27,0.008156577054104658
2022,zinc,concentrates,China,RoW,0.9918434229458954
2022,zinc,concentrates,EU27,China,0.045128705414612044
2022,zinc,concentrates,EU27,EU27,0.7608013048846112
2022,zinc,concentrates,EU27,RoW,0.19406998970077682
2022,zinc,concentrates,RoW,China,0.3649052033711833
2022,zinc,concentrates,RoW,EU27,0.16347112586043394
2022,zinc,concentrates,RoW,RoW,0.4716236707683827
2022,zinc,refined_metal,China,China,0.0
2022,zinc,refined_metal,China,EU27,0.0069560920402317004
2022,zinc,refined_metal,China,RoW,0.9930439079597684
2022,zinc,refined_metal,EU27,China,0.0010170320304226726
2022,zinc,refined_metal,EU27,EU27,0.7691707719433528
2022,zinc,refined_metal,EU27,RoW,0.22981219602622457
2022,zinc,refined_metal,RoW,China,0.13736957288447874
2022,zinc,refined_metal,RoW,EU27,0.10769342321629803
2022,zinc,refined_metal,RoW,RoW,0.7549370038992232
2022,zinc,scrap,China,China,0.0
2022,zinc,scrap,China,EU27,0.025233886731922336
2022,zinc,scrap,China,RoW,0.9747661132680777
2022,zinc,scrap,EU27,China,0.01715936155413917
2022,zinc,scrap,EU27,EU27,0.7748298095214211
2022,zinc,scrap,EU27,RoW,0.20801082892443962
2022,zinc,scrap,RoW,China,0.17002914262287191
2022,zinc,scrap,RoW,EU27,0.10539441996543693
2022,zinc,scrap,RoW,RoW,0.7245764374116911
2023,nickel,concentrates,China,China,0.0
2023,nickel,concentrates,China,EU27,0.12621936835527411
2023,nickel,concentrates,China,RoW,0.8737806316447259
2023,nickel,concentrates,EU27,China,0.37863892038827895
2023,nickel,concentrates,EU27,EU27,0.17699402236455927
2023,nickel,concentrates,EU27,RoW,0.4443670572471618
2023,nickel,concentrates,RoW,China,0.8144027398106587
2023,nickel,concentrates,RoW,EU27,0.018053013741267204
2023,nickel,concentrates,RoW,RoW,0.1675442464480742
2023,nickel,refined_metal,China,China,0.0
2023,nickel,refined_metal,China,EU27,0.09764580435946175
2023,nickel,refined_metal,China,RoW,0.9023541956405382
2023,nickel,refined_metal,EU27,China,0.10989513110486199
2023,nickel,refined_metal,EU27,EU27,0.5589457037286469
2023,nickel,refined_metal,EU27,RoW,0.3311591651664912
2023,nickel,refined_metal,RoW,China,0.5145090817927404
2023,nickel,refined_metal,RoW,EU27,0.14919384488119267
2023,nickel,refined_metal,RoW,RoW,0.336297073326067
2023,nickel,scrap,China,China,0.0
2023,nickel,scrap,China,EU27,0.017293278224394876
2023,nickel,scrap,China,RoW,0.9827067217756051
2023,nickel,scrap,EU27,China,0.0022041411571066542
2023,nickel,scrap,EU27,EU27,0.619994427314953
2023,nickel,scrap,EU27,RoW,0.3778014315279404
2023,nickel,scrap,RoW,China,0.04706503178054814
2023,nickel,scrap,RoW,EU27,0.13072135881040142
2023,nickel,scrap,RoW,RoW,0.8222136094090504
2023,tin,concentrates,China,China,0.0
2023,tin,concentrates,China,EU27,0.00040108717863191227
2023,tin,concentrates,China,RoW,0.9995989128213681
2023,tin,concentrates,EU27,China,0.01472179950273667
2023,tin,concentrates,EU27,EU27,0.5472630784743564
2023,tin,concentrates,EU27,RoW,0.43801512202290693
2023,tin,concentrates,RoW,China,0.5796167303980432
2023,tin,concentrates,RoW,EU27,0.008472717474351498
2023,tin,concentrates,RoW,RoW,0.41191055212760536
2023,tin,refined_metal,China,China,0.0
2023,tin,refined_metal,China,EU27,0.16438705223257594
2023,tin,refined_metal,China,RoW,0.8356129477674241
2023,tin,refined_metal,EU27,China,0.0028332382375502877
2023,tin,refined_metal,EU27,EU27,0.8403531087830032
2023,tin,refined_metal,EU27,RoW,0.15681365297944638
2023,tin,refined_metal,RoW,China,0.11915383708173743
2023,tin,refined_metal,RoW,EU27,0.2197542753176168
2023,tin,refined_metal,RoW,RoW,0.6610918876006457
2023,tin,scrap,China,China,0.0
2023,tin,scrap,China,EU27,0.015886953213366563
2023,tin,scrap,China,RoW,0.9841130467866335
2023,tin,scrap,EU27,China,0.0002713329687386026
2023,tin,scrap,EU27,EU27,0.768890229158648
2023,tin,scrap,EU27,RoW,0.23083843787261335
2023,tin,scrap,RoW,China,0.00393789278054083
2023,tin,scrap,RoW,EU27,0.0305079028009365
2023,tin,scrap,RoW,RoW,0.9655542044185227
2023,zinc,concentrates,China,China,0.0
2023,zinc,concentrates,China,EU27,0.01327339833410456
2023,zinc,concentrates,China,RoW,0.9867266016658954
2023,zinc,concentrates,EU27,China,0.03116427224207632
2023,zinc,concentrates,EU27,EU27,0.7799095631597618
2023,zinc,concentrates,EU27,RoW,0.18892616459816192
2023,zinc,concentrates,RoW,China,0.3855627847781066
2023,zinc,concentrates,RoW,EU27,0.14695404711919588
2023,zinc,concentrates,RoW,RoW,0.46748316810269747
2023,zinc,refined_metal,China,China,0.0
2023,zinc,refined_metal,China,EU27,0.0097616296289605
2023,zinc,refined_metal,China,RoW,0.9902383703710395
2023,zinc,refined_metal,EU27,China,0.0010588507554469748
2023,zinc,refined_metal,EU27,EU27,0.783931076474369
2023,zinc,refined_metal,EU27,RoW,0.21501007277018414
2023,zinc,refined_metal,RoW,China,0.10992151334282037
2023,zinc,refined_metal,RoW,EU27,0.11955642041470092
2023,zinc,refined_metal,RoW,RoW,0.7705220662424788
2023,zinc,scrap,China,China,0.0
2023,zinc,scrap,China,EU27,0.03495123758634616
2023,zinc,scrap,China,RoW,0.9650487624136539
2023,zinc,scrap,EU27,China,0.0015966913030009613
2023,zinc,scrap,EU27,EU27,0.7997992059723739
2023,zinc,scrap,EU27,RoW,0.19860410272462517
2023,zinc,scrap,RoW,China,0.07120593469774122
2023,zinc,scrap,RoW,EU27,0.11770591131631998
2023,zinc,scrap,RoW,RoW,0.8110881539859388
2024,nickel,concentrates,China,China,0.0
2024,nickel,concentrates,China,EU27,0.11491586775618723
2024,nickel,concentrates,China,RoW,0.8850841322438128
2024,nickel,concentrates,EU27,China,0.36991057833966395
2024,nickel,concentrates,EU27,EU27,0.18166709427046449
2024,nickel,concentrates,EU27,RoW,0.44842232738987153
2024,nickel,concentrates,RoW,China,0.7909365427203959
2024,nickel,concentrates,RoW,EU27,0.00899080204039286
2024,nickel,concentrates,RoW,RoW,0.20007265523921125
2024,nickel,refined_metal,China,China,0.0
2024,nickel,refined_metal,China,EU27,0.09607590903517811
2024,nickel,refined_metal,China,RoW,0.9039240909648218
2024,nickel,refined_metal,EU27,China,0.10538362215026977
2024,nickel,refined_metal,EU27,EU27,0.5431804737653961
2024,nickel,refined_metal,EU27,RoW,0.35143590408433406
2024,nickel,refined_metal,RoW,China,0.5765652256185456
2024,nickel,refined_metal,RoW,EU27,0.13846159761763002
2024,nickel,refined_metal,RoW,RoW,0.28497317676382433
2024,nickel,scrap,China,China,0.0
2024,nickel,scrap,China,EU27,0.008706460388559482
2024,nickel,scrap,China,RoW,0.9912935396114405
2024,nickel,scrap,EU27,China,0.002204371797706039
2024,nickel,scrap,EU27,EU27,0.5815844016068612
2024,nickel,scrap,EU27,RoW,0.41621122659543275
2024,nickel,scrap,RoW,China,0.038118767311756806
2024,nickel,scrap,RoW,EU27,0.1384045388045195
2024,nickel,scrap,RoW,RoW,0.8234766938837237
2024,tin,concentrates,China,China,0.0
2024,tin,concentrates,China,EU27,6.099257566231327e-05
2024,tin,concentrates,China,RoW,0.9999390074243377
2024,tin,concentrates,EU27,China,0.007079712495413504
2024,tin,concentrates,EU27,EU27,0.40638343804395766
2024,tin,concentrates,EU27,RoW,0.5865368494606289
2024,tin,concentrates,RoW,China,0.6534672358797443
2024,tin,concentrates,RoW,EU27,0.007113733855266753
2024,tin,concentrates,RoW,RoW,0.33941903026498904
2024,tin,refined_metal,China,China,0.0
2024,tin,refined_metal,China,EU27,0.1966130921357859
2024,tin,refined_metal,China,RoW,0.8033869078642142
2024,tin,refined_metal,EU27,China,0.0022385426340662466
2024,tin,refined_metal,EU27,EU27,0.8318368444514754
2024,tin,refined_metal,EU27,RoW,0.1659246129144584
2024,tin,refined_metal,RoW,China,0.15473234861827165
2024,tin,refined_metal,RoW,EU27,0.22151237543704483
2024,tin,refined_metal,RoW,RoW,0.6237552759446836
2024,tin,scrap,China,China,0.0
2024,tin,scrap,China,EU27,0.06836459950221489
2024,tin,scrap,China,RoW,0.9316354004977851
2024,tin,scrap,EU27,China,7.191731895637613e-05
2024,tin,scrap,EU27,EU27,0.7347092302036441
2024,tin,scrap,EU27,RoW,0.26521885247739957
2024,tin,scrap,RoW,China,0.00917047782958425
2024,tin,scrap,RoW,EU27,0.028961550144236126
2024,tin,scrap,RoW,RoW,0.9618679720261797
2024,zinc,concentrates,China,China,0.0
2024,zinc,concentrates,China,EU27,0.027331755806676305
2024,zinc,concentrates,China,RoW,0.9726682441933238
2024,zinc,concentrates,EU27,China,0.02129698784463424
2024,zinc,concentrates,EU27,EU27,0.7820580035972039
2024,zinc,concentrates,EU27,RoW,0.19664500855816194
2024,zinc,concentrates,RoW,China,0.4033042238114124
2024,zinc,concentrates,RoW,EU27,0.1506643568777305
2024,zinc,concentrates,RoW,RoW,0.44603141931085716
2024,zinc,refined_metal,China,China,0.0
2024,zinc,refined_metal,China,EU27,0.008959389793283022
2024,zinc,refined_metal,China,RoW,0.9910406102067171
2024,zinc,refined_metal,EU27,China,0.0016127426267418964
2024,zinc,refined_metal,EU27,EU27,0.592543957125991
2024,zinc,refined_metal,EU27,RoW,0.40584330024726706
2024,zinc,refined_metal,RoW,China,0.1008538587797596
2024,zinc,refined_metal,RoW,EU27,0.12417908221214174
2024,zinc,refined_metal,RoW,RoW,0.7749670590080987
2024,zinc,scrap,China,China,0.0
2024,zinc,scrap,China,EU27,0.0478466708911801
2024,zinc,scrap,China,RoW,0.9521533291088199
2024,zinc,scrap,EU27,China,0.0006193202193215151
2024,zinc,scrap,EU27,EU27,0.8275655242406829
2024,zinc,scrap,EU27,RoW,0.17181515553999557
2024,zinc,scrap,RoW,China,0.07996388368605839
2024,zinc,scrap,RoW,EU27,0.14911311066539434
2024,zinc,scrap,RoW,RoW,0.7709230056485473
