year,material,commodity,origin_region,destination_region,flow_kt
1995,nickel,concentrates,China,China,0.0
1995,nickel,concentrates,China,EU27,0.0
1995,nickel,concentrates,China,RoW,483.06224999999995
1995,nickel,concentrates,EU27,China,6.9375
1995,nickel,concentrates,EU27,EU27,15375.5132
1995,nickel,concentrates,EU27,RoW,51210.645350000006
1995,nickel,concentrates,RoW,China,116.0289
1995,nickel,concentrates,RoW,EU27,148878.9348
1995,nickel,concentrates,RoW,RoW,4857522.7089
1995,nickel,refined_metal,China,China,0.0
1995,nickel,refined_metal,China,EU27,145.448
1995,nickel,refined_metal,China,RoW,7445.03075
1995,nickel,refined_metal,EU27,China,68.0335
1995,nickel,refined_metal,EU27,EU27,42797.537800000006
1995,nickel,refined_metal,EU27,RoW,31682.27565
1995,nickel,refined_metal,RoW,China,2207.6641
1995,nickel,refined_metal,RoW,EU27,258288.9772
1995,nickel,refined_metal,RoW,RoW,509190.4561
1995,nickel,scrap,China,China,0.0
1995,nickel,scrap,China,EU27,26.398
1995,nickel,scrap,China,RoW,770.5360000000001
1995,nickel,scrap,EU27,China,1.0
1995,nickel,scrap,EU27,EU27,42553.651000000005
1995,nickel,scrap,EU27,RoW,8043.744
1995,nickel,scrap,RoW,China,567.57
1995,nickel,scrap,RoW,EU27,19180.928999999996
1995,nickel,scrap,RoW,RoW,44274.637
1995,tin,concentrates,China,China,0.0
1995,tin,concentrates,China,EU27,0.0
1995,tin,concentrates,China,RoW,2820.069
1995,tin,concentrates,EU27,China,0.0
1995,tin,concentrates,EU27,EU27,632.7330000000001
1995,tin,concentrates,EU27,RoW,10016.431
1995,tin,concentrates,RoW,China,110.73400000000001
1995,tin,concentrates,RoW,EU27,2569.484
1995,tin,concentrates,RoW,RoW,149140.23599999998
1995,tin,refined_metal,China,China,0.0
1995,tin,refined_metal,China,EU27,21185.845
1995,tin,refined_metal,China,RoW,45613.856
1995,tin,refined_metal,EU27,China,32.549
1995,tin,refined_metal,EU27,EU27,18132.945
1995,tin,refined_metal,EU27,RoW,5760.054
1995,tin,refined_metal,RoW,China,6739.594
1995,tin,refined_metal,RoW,EU27,39279.633
1995,tin,refined_metal,RoW,RoW,172946.765
1995,tin,scrap,China,China,0.0
1995,tin,scrap,China,EU27,1.0
1995,tin,scrap,China,RoW,43.041
1995,tin,scrap,EU27,China,147.816
1995,tin,scrap,EU27,EU27,4319.306
1995,tin,scrap,EU27,RoW,449.57399999999996
1995,tin,scrap,RoW,China,1301.312
1995,tin,scrap,RoW,EU27,1801.4270000000001
1995,tin,scrap,RoW,RoW,28262.036999999997
1995,zinc,concentrates,China,China,0.0
1995,zinc,concentrates,China,EU27,10633.2384
1995,zinc,concentrates,China,RoW,198745.4644
1995,zinc,concentrates,EU27,China,24.4887
1995,zinc,concentrates,EU27,EU27,921497.9537
1995,zinc,concentrates,EU27,RoW,277948.7463
1995,zinc,concentrates,RoW,China,90968.1906
1995,zinc,concentrates,RoW,EU27,2366321.9142
1995,zinc,concentrates,RoW,RoW,2724815.668
1995,zinc,refined_metal,China,China,0.0
1995,zinc,refined_metal,China,EU27,10519.919600000001
1995,zinc,refined_metal,China,RoW,275909.7671
1995,zinc,refined_metal,EU27,China,512.2153000000001
1995,zinc,refined_metal,EU27,EU27,868013.3622999999
1995,zinc,refined_metal,EU27,RoW,420656.46869999997
1995,zinc,refined_metal,RoW,China,15112.5854
1995,zinc,refined_metal,RoW,EU27,317153.6323
1995,zinc,refined_metal,RoW,RoW,1549352.016
1995,zinc,scrap,China,China,0.0
1995,zinc,scrap,China,EU27,35.0
1995,zinc,scrap,China,RoW,11034.1775
1995,zinc,scrap,EU27,China,6961.754
1995,zinc,scrap,EU27,EU27,164416.627
1995,zinc,scrap,EU27,RoW,89652.224
1995,zinc,scrap,RoW,China,15520.628
1995,zinc,scrap,RoW,EU27,39233.2875
1995,zinc,scrap,RoW,RoW,191538.485
1996,nickel,concentrates,China,China,0.0
1996,nickel,concentrates,China,EU27,0.0
1996,nickel,concentrates,China,RoW,53.7162
1996,nickel,concentrates,EU27,China,157.851
1996,nickel,concentrates,EU27,EU27,3085.1112999999996
1996,nickel,concentrates,EU27,RoW,39158.450450000004
1996,nickel,concentrates,RoW,China,8246.13595
1996,nickel,concentrates,RoW,EU27,211872.12159999995
1996,nickel,concentrates,RoW,RoW,5874778.0342999995
1996,nickel,refined_metal,China,China,0.0
1996,nickel,refined_metal,China,EU27,162.974
1996,nickel,refined_metal,China,RoW,576.5078
1996,nickel,refined_metal,EU27,China,225.01999999999998
1996,nickel,refined_metal,EU27,EU27,59863.6617
1996,nickel,refined_metal,EU27,RoW,26728.88155
1996,nickel,refined_metal,RoW,China,21633.39905
1996,nickel,refined_metal,RoW,EU27,186873.3634
1996,nickel,refined_metal,RoW,RoW,491266.5417
1996,nickel,scrap,China,China,0.0
1996,nickel,scrap,China,EU27,0.0
1996,nickel,scrap,China,RoW,159.305
1996,nickel,scrap,EU27,China,4.0
1996,nickel,scrap,EU27,EU27,20906.782
1996,nickel,scrap,EU27,RoW,8896.812
1996,nickel,scrap,RoW,China,261.71000000000004
1996,nickel,scrap,RoW,EU27,24021.003
1996,nickel,scrap,RoW,RoW,48595.982
1996,tin,concentrates,China,China,0.0
1996,tin,concentrates,China,EU27,20.503
1996,tin,concentrates,China,RoW,5174.429
1996,tin,concentrates,EU27,China,0.0
1996,tin,concentrates,EU27,EU27,1351.674
1996,tin,concentrates,EU27,RoW,10997.757
1996,tin,concentrates,RoW,China,491.081
1996,tin,concentrates,RoW,EU27,102006.354
1996,tin,concentrates,RoW,RoW,180225.25
1996,tin,refined_metal,China,China,0.0
1996,tin,refined_metal,China,EU27,19958.355
1996,tin,refined_metal,China,RoW,31924.575
1996,tin,refined_metal,EU27,China,25.893
1996,tin,refined_metal,EU27,EU27,19966.795
1996,tin,refined_metal,EU27,RoW,5126.907
1996,tin,refined_metal,RoW,China,7850.186
1996,tin,refined_metal,RoW,EU27,41830.354
1996,tin,refined_metal,RoW,RoW,185708.182
1996,tin,scrap,China,China,0.0
1996,tin,scrap,China,EU27,6.669
1996,tin,scrap,China,RoW,71.47200000000001
1996,tin,scrap,EU27,China,0.0
1996,tin,scrap,EU27,EU27,5026.031
1996,tin,scrap,EU27,RoW,699.347
1996,tin,scrap,RoW,China,831.1220000000001
1996,tin,scrap,RoW,EU27,740.191
1996,tin,scrap,RoW,RoW,20293.175
1996,zinc,concentrates,China,China,0.0
1996,zinc,concentrates,China,EU27,5448.8180999999995
1996,zinc,concentrates,China,RoW,92635.1487
1996,zinc,concentrates,EU27,China,8.6756
1996,zinc,concentrates,EU27,EU27,1860535.9205
1996,zinc,concentrates,EU27,RoW,220857.8431
1996,zinc,concentrates,RoW,China,287636.9611
1996,zinc,concentrates,RoW,EU27,2733788.1414
1996,zinc,concentrates,RoW,RoW,2915647.7462999998
1996,zinc,refined_metal,China,China,0.0
1996,zinc,refined_metal,China,EU27,3860.4279
1996,zinc,refined_metal,China,RoW,259157.80430000002
1996,zinc,refined_metal,EU27,China,960.7074
1996,zinc,refined_metal,EU27,EU27,931892.6255
1996,zinc,refined_metal,EU27,RoW,494500.53390000004
1996,zinc,refined_metal,RoW,China,14011.0024
1996,zinc,refined_metal,RoW,EU27,294571.8861
1996,zinc,refined_metal,RoW,RoW,1606759.2662
1996,zinc,scrap,China,China,0.0
1996,zinc,scrap,China,EU27,42.5
1996,zinc,scrap,China,RoW,3924.388
1996,zinc,scrap,EU27,China,8277.366000000002
1996,zinc,scrap,EU27,EU27,194821.299
1996,zinc,scrap,EU27,RoW,101595.478
1996,zinc,scrap,RoW,China,12780.3195
1996,zinc,scrap,RoW,EU27,39603.2485
1996,zinc,scrap,RoW,RoW,162013.8915
1997,nickel,concentrates,China,China,0.0
1997,nickel,concentrates,China,EU27,0.0
1997,nickel,concentrates,China,RoW,4053.72325
1997,nickel,concentrates,EU27,China,129.8472
1997,nickel,concentrates,EU27,EU27,2154.8674499999997
1997,nickel,concentrates,EU27,RoW,56641.276549999995
1997,nickel,concentrates,RoW,China,29696.3153
1997,nickel,concentrates,RoW,EU27,246241.3277
1997,nickel,concentrates,RoW,RoW,6097153.2217
1997,nickel,refined_metal,China,China,0.0
1997,nickel,refined_metal,China,EU27,59.652
1997,nickel,refined_metal,China,RoW,6895.286749999999
1997,nickel,refined_metal,EU27,China,359.49379999999996
1997,nickel,refined_metal,EU27,EU27,76593.17355
1997,nickel,refined_metal,EU27,RoW,31565.32145
1997,nickel,refined_metal,RoW,China,4285.664699999999
1997,nickel,refined_metal,RoW,EU27,227533.67429999998
1997,nickel,refined_metal,RoW,RoW,497899.58330000006
1997,nickel,scrap,China,China,0.0
1997,nickel,scrap,China,EU27,103.44800000000001
1997,nickel,scrap,China,RoW,767.33
1997,nickel,scrap,EU27,China,3.0
1997,nickel,scrap,EU27,EU27,18455.074
1997,nickel,scrap,EU27,RoW,11833.751
1997,nickel,scrap,RoW,China,497.214
1997,nickel,scrap,RoW,EU27,22338.925000000003
1997,nickel,scrap,RoW,RoW,159668.53
1997,tin,concentrates,China,China,0.0
1997,tin,concentrates,China,EU27,102.0
1997,tin,concentrates,China,RoW,3030.562
1997,tin,concentrates,EU27,China,0.0
1997,tin,concentrates,EU27,EU27,187.878
1997,tin,concentrates,EU27,RoW,8681.413
1997,tin,concentrates,RoW,China,632.1
1997,tin,concentrates,RoW,EU27,2212.711
1997,tin,concentrates,RoW,RoW,82258.75700000001
1997,tin,refined_metal,China,China,0.0
1997,tin,refined_metal,China,EU27,19241.326
1997,tin,refined_metal,China,RoW,28774.892
1997,tin,refined_metal,EU27,China,74.444
1997,tin,refined_metal,EU27,EU27,17197.368
1997,tin,refined_metal,EU27,RoW,8910.117
1997,tin,refined_metal,RoW,China,9553.651
1997,tin,refined_metal,RoW,EU27,44842.414000000004
1997,tin,refined_metal,RoW,RoW,198431.706
1997,tin,scrap,China,China,0.0
1997,tin,scrap,China,EU27,0.0
1997,tin,scrap,China,RoW,144.159
1997,tin,scrap,EU27,China,0.0
1997,tin,scrap,EU27,EU27,3584.51
1997,tin,scrap,EU27,RoW,643.569
1997,tin,scrap,RoW,China,435.343
1997,tin,scrap,RoW,EU27,1532.724
1997,tin,scrap,RoW,RoW,14738.619999999999
1997,zinc,concentrates,China,China,0.0
1997,zinc,concentrates,China,EU27,78426.7909
1997,zinc,concentrates,China,RoW,332377.0685
1997,zinc,concentrates,EU27,China,13.5288
1997,zinc,concentrates,EU27,EU27,2112898.4824
1997,zinc,concentrates,EU27,RoW,262142.6591
1997,zinc,concentrates,RoW,China,218403.82749999998
1997,zinc,concentrates,RoW,EU27,2753921.0374
1997,zinc,concentrates,RoW,RoW,2899493.6223
1997,zinc,refined_metal,China,China,0.0
1997,zinc,refined_metal,China,EU27,14097.609100000001
1997,zinc,refined_metal,China,RoW,625304.407
1997,zinc,refined_metal,EU27,China,495.4412
1997,zinc,refined_metal,EU27,EU27,947831.2121000001
1997,zinc,refined_metal,EU27,RoW,503556.3314
1997,zinc,refined_metal,RoW,China,11110.4925
1997,zinc,refined_metal,RoW,EU27,369430.6416
1997,zinc,refined_metal,RoW,RoW,1728412.6676999999
1997,zinc,scrap,China,China,0.0
1997,zinc,scrap,China,EU27,72.311
1997,zinc,scrap,China,RoW,1996.2275000000002
1997,zinc,scrap,EU27,China,9606.878
1997,zinc,scrap,EU27,EU27,268964.0305
1997,zinc,scrap,EU27,RoW,163282.1425
1997,zinc,scrap,RoW,China,12545.228000000001
1997,zinc,scrap,RoW,EU27,42001.746
1997,zinc,scrap,RoW,RoW,163414.45799999998
1998,nickel,concentrates,China,China,0.0
1998,nickel,concentrates,China,EU27,0.0
1998,nickel,concentrates,China,RoW,66.50925
1998,nickel,concentrates,EU27,China,0.0597
1998,nickel,concentrates,EU27,EU27,2275.1935999999996
1998,nickel,concentrates,EU27,RoW,72199.37640000001
1998,nickel,concentrates,RoW,China,2000.0757999999998
1998,nickel,concentrates,RoW,EU27,263886.77719999995
1998,nickel,concentrates,RoW,RoW,5680638.3093
1998,nickel,refined_metal,China,China,0.0
1998,nickel,refined_metal,China,EU27,35.952
1998,nickel,refined_metal,China,RoW,12349.63275
1998,nickel,refined_metal,EU27,China,216.8493
1998,nickel,refined_metal,EU27,EU27,87697.4904
1998,nickel,refined_metal,EU27,RoW,25734.881599999997
1998,nickel,refined_metal,RoW,China,8002.9822
1998,nickel,refined_metal,RoW,EU27,267892.8228
1998,nickel,refined_metal,RoW,RoW,522158.0337
1998,nickel,scrap,China,China,0.0
1998,nickel,scrap,China,EU27,1.0
1998,nickel,scrap,China,RoW,756.6320000000001
1998,nickel,scrap,EU27,China,4.398
1998,nickel,scrap,EU27,EU27,17886.309999999998
1998,nickel,scrap,EU27,RoW,8633.949
1998,nickel,scrap,RoW,China,342.479
1998,nickel,scrap,RoW,EU27,19339.421000000002
1998,nickel,scrap,RoW,RoW,94962.94
1998,tin,concentrates,China,China,0.0
1998,tin,concentrates,China,EU27,0.0
1998,tin,concentrates,China,RoW,515.812
1998,tin,concentrates,EU27,China,0.0
1998,tin,concentrates,EU27,EU27,8489.778
1998,tin,concentrates,EU27,RoW,7373.4619999999995
1998,tin,concentrates,RoW,China,623.615
1998,tin,concentrates,RoW,EU27,2551.4610000000002
1998,tin,concentrates,RoW,RoW,54828.976
1998,tin,refined_metal,China,China,0.0
1998,tin,refined_metal,China,EU27,24047.144
1998,tin,refined_metal,China,RoW,45288.904
1998,tin,refined_metal,EU27,China,68.757
1998,tin,refined_metal,EU27,EU27,21347.992
1998,tin,refined_metal,EU27,RoW,5069.505
1998,tin,refined_metal,RoW,China,9404.151
1998,tin,refined_metal,RoW,EU27,41685.934
1998,tin,refined_metal,RoW,RoW,177685.147
1998,tin,scrap,China,China,0.0
1998,tin,scrap,China,EU27,350.823
1998,tin,scrap,China,RoW,123.33099999999999
1998,tin,scrap,EU27,China,0.0
1998,tin,scrap,EU27,EU27,4276.27
1998,tin,scrap,EU27,RoW,775.9290000000001
1998,tin,scrap,RoW,China,894.847
1998,tin,scrap,RoW,EU27,2932.345
1998,tin,scrap,RoW,RoW,16996.101000000002
1998,zinc,concentrates,China,China,0.0
1998,zinc,concentrates,China,EU27,37637.4556
1998,zinc,concentrates,China,RoW,189733.3429
1998,zinc,concentrates,EU27,China,11.122200000000001
1998,zinc,concentrates,EU27,EU27,1475480.3322
1998,zinc,concentrates,EU27,RoW,228869.3219
1998,zinc,concentrates,RoW,China,61468.674
1998,zinc,concentrates,RoW,EU27,2870846.6223
1998,zinc,concentrates,RoW,RoW,3196004.2579
1998,zinc,refined_metal,China,China,0.0
1998,zinc,refined_metal,China,EU27,31519.9914
1998,zinc,refined_metal,China,RoW,497480.3581
1998,zinc,refined_metal,EU27,China,983.9467999999999
1998,zinc,refined_metal,EU27,EU27,1009998.1553
1998,zinc,refined_metal,EU27,RoW,328732.5451
1998,zinc,refined_metal,RoW,China,12458.425
1998,zinc,refined_metal,RoW,EU27,576983.8422
1998,zinc,refined_metal,RoW,RoW,1750913.4711
1998,zinc,scrap,China,China,0.0
1998,zinc,scrap,China,EU27,85.071
1998,zinc,scrap,China,RoW,5892.315
1998,zinc,scrap,EU27,China,8455.986
1998,zinc,scrap,EU27,EU27,233654.2225
1998,zinc,scrap,EU27,RoW,87467.147
1998,zinc,scrap,RoW,China,30202.552999999996
1998,zinc,scrap,RoW,EU27,34428.4625
1998,zinc,scrap,RoW,RoW,162698.32
1999,nickel,concentrates,China,China,0.0
1999,nickel,concentrates,China,EU27,0.0
1999,nickel,concentrates,China,RoW,514.6943
1999,nickel,concentrates,EU27,China,40.55815
1999,nickel,concentrates,EU27,EU27,2843.2578
1999,nickel,concentrates,EU27,RoW,15501.44275
1999,nickel,concentrates,RoW,China,274.62885
1999,nickel,concentrates,RoW,EU27,273539.7182
1999,nickel,concentrates,RoW,RoW,6745201.705
1999,nickel,refined_metal,China,China,0.0
1999,nickel,refined_metal,China,EU27,37.221000000000004
1999,nickel,refined_metal,China,RoW,18634.5307
1999,nickel,refined_metal,EU27,China,159.02085
1999,nickel,refined_metal,EU27,EU27,101235.1362
1999,nickel,refined_metal,EU27,RoW,30323.60125
1999,nickel,refined_metal,RoW,China,4866.33215
1999,nickel,refined_metal,RoW,EU27,272911.4438
1999,nickel,refined_metal,RoW,RoW,528533.1
1999,nickel,scrap,China,China,0.0
1999,nickel,scrap,China,EU27,0.0
1999,nickel,scrap,China,RoW,1202.378
1999,nickel,scrap,EU27,China,20.601
1999,nickel,scrap,EU27,EU27,20638.632
1999,nickel,scrap,EU27,RoW,11521.781
1999,nickel,scrap,RoW,China,946.0129999999999
1999,nickel,scrap,RoW,EU27,10623.969000000001
1999,nickel,scrap,RoW,RoW,118472.90900000001
1999,tin,concentrates,China,China,0.0
1999,tin,concentrates,China,EU27,50.148
1999,tin,concentrates,China,RoW,3388.3849999999998
1999,tin,concentrates,EU27,China,0.699
1999,tin,concentrates,EU27,EU27,185.09699999999998
1999,tin,concentrates,EU27,RoW,6034.642
1999,tin,concentrates,RoW,China,1225.568
1999,tin,concentrates,RoW,EU27,1431.1390000000001
1999,tin,concentrates,RoW,RoW,98306.639
1999,tin,refined_metal,China,China,0.0
1999,tin,refined_metal,China,EU27,25259.78
1999,tin,refined_metal,China,RoW,46992.461
1999,tin,refined_metal,EU27,China,121.01100000000001
1999,tin,refined_metal,EU27,EU27,17487.74
1999,tin,refined_metal,EU27,RoW,16133.696
1999,tin,refined_metal,RoW,China,9919.174
1999,tin,refined_metal,RoW,EU27,32498.743000000002
1999,tin,refined_metal,RoW,RoW,183872.26
1999,tin,scrap,China,China,0.0
1999,tin,scrap,China,EU27,575.812
1999,tin,scrap,China,RoW,128.667
1999,tin,scrap,EU27,China,0.0
1999,tin,scrap,EU27,EU27,4064.73
1999,tin,scrap,EU27,RoW,1111.393
1999,tin,scrap,RoW,China,884.518
1999,tin,scrap,RoW,EU27,2136.696
1999,tin,scrap,RoW,RoW,86176.242
1999,zinc,concentrates,China,China,0.0
1999,zinc,concentrates,China,EU27,21668.9644
1999,zinc,concentrates,China,RoW,227009.33669999999
1999,zinc,concentrates,EU27,China,18.0826
1999,zinc,concentrates,EU27,EU27,1427772.4887
1999,zinc,concentrates,EU27,RoW,226107.91239999997
1999,zinc,concentrates,RoW,China,50807.676999999996
1999,zinc,concentrates,RoW,EU27,2781382.473
1999,zinc,concentrates,RoW,RoW,3545180.4079
1999,zinc,refined_metal,China,China,0.0
1999,zinc,refined_metal,China,EU27,25482.547599999998
1999,zinc,refined_metal,China,RoW,540226.7798
1999,zinc,refined_metal,EU27,China,1454.8729
1999,zinc,refined_metal,EU27,EU27,1053940.6073
1999,zinc,refined_metal,EU27,RoW,284994.0391
1999,zinc,refined_metal,RoW,China,16290.351
1999,zinc,refined_metal,RoW,EU27,367675.273
1999,zinc,refined_metal,RoW,RoW,5018045.889599999
1999,zinc,scrap,China,China,0.0
1999,zinc,scrap,China,EU27,130.54399999999998
1999,zinc,scrap,China,RoW,10617.245499999999
1999,zinc,scrap,EU27,China,13741.5075
1999,zinc,scrap,EU27,EU27,233097.22400000002
1999,zinc,scrap,EU27,RoW,101333.4585
1999,zinc,scrap,RoW,China,27086.912999999997
1999,zinc,scrap,RoW,EU27,29221.106
1999,zinc,scrap,RoW,RoW,316248.7415
2000,nickel,concentrates,China,China,0.0
2000,nickel,concentrates,China,EU27,0.15
2000,nickel,concentrates,China,RoW,222.12550000000002
2000,nickel,concentrates,EU27,China,23.4445
2000,nickel,concentrates,EU27,EU27,4250.1577
2000,nickel,concentrates,EU27,RoW,28490.679350000002
2000,nickel,concentrates,RoW,China,2358.72035
2000,nickel,concentrates,RoW,EU27,255820.09235
2000,nickel,concentrates,RoW,RoW,7831131.457749999
2000,nickel,refined_metal,China,China,0.0
2000,nickel,refined_metal,China,EU27,43.311
2000,nickel,refined_metal,China,RoW,12183.882500000002
2000,nickel,refined_metal,EU27,China,242.5485
2000,nickel,refined_metal,EU27,EU27,88564.4603
2000,nickel,refined_metal,EU27,RoW,34672.300650000005
2000,nickel,refined_metal,RoW,China,12731.751649999998
2000,nickel,refined_metal,RoW,EU27,319406.22465
2000,nickel,refined_metal,RoW,RoW,606773.08125
2000,nickel,scrap,China,China,0.0
2000,nickel,scrap,China,EU27,3.8
2000,nickel,scrap,China,RoW,1616.3960000000002
2000,nickel,scrap,EU27,China,105.92
2000,nickel,scrap,EU27,EU27,37535.988
2000,nickel,scrap,EU27,RoW,13142.329
2000,nickel,scrap,RoW,China,358.743
2000,nickel,scrap,RoW,EU27,14408.648
2000,nickel,scrap,RoW,RoW,70870.523
2000,tin,concentrates,China,China,0.0
2000,tin,concentrates,China,EU27,181.925
2000,tin,concentrates,China,RoW,2870.451
2000,tin,concentrates,EU27,China,227.305
2000,tin,concentrates,EU27,EU27,485.355
2000,tin,concentrates,EU27,RoW,15105.094000000001
2000,tin,concentrates,RoW,China,1822.4160000000002
2000,tin,concentrates,RoW,EU27,935.633
2000,tin,concentrates,RoW,RoW,64668.471000000005
2000,tin,refined_metal,China,China,0.0
2000,tin,refined_metal,China,EU27,30250.994
2000,tin,refined_metal,China,RoW,56563.447
2000,tin,refined_metal,EU27,China,194.97899999999998
2000,tin,refined_metal,EU27,EU27,16935.101
2000,tin,refined_metal,EU27,RoW,6004.848
2000,tin,refined_metal,RoW,China,11651.675000000001
2000,tin,refined_metal,RoW,EU27,31811.689
2000,tin,refined_metal,RoW,RoW,192532.584
2000,tin,scrap,China,China,0.0
2000,tin,scrap,China,EU27,60.197
2000,tin,scrap,China,RoW,1342.314
2000,tin,scrap,EU27,China,0.0
2000,tin,scrap,EU27,EU27,7211.531
2000,tin,scrap,EU27,RoW,783.236
2000,tin,scrap,RoW,China,433.76
2000,tin,scrap,RoW,EU27,2869.636
2000,tin,scrap,RoW,RoW,26022.632
2000,zinc,concentrates,China,China,0.0
2000,zinc,concentrates,China,EU27,13359.7667
2000,zinc,concentrates,China,RoW,164686.8181
2000,zinc,concentrates,EU27,China,457.4271
2000,zinc,concentrates,EU27,EU27,1462657.2483
2000,zinc,concentrates,EU27,RoW,234288.0608
2000,zinc,concentrates,RoW,China,97284.7772
2000,zinc,concentrates,RoW,EU27,2814669.6912000002
2000,zinc,concentrates,RoW,RoW,3541025.6518
2000,zinc,refined_metal,China,China,0.0
2000,zinc,refined_metal,China,EU27,65201.5033
2000,zinc,refined_metal,China,RoW,627764.9964
2000,zinc,refined_metal,EU27,China,3418.5839
2000,zinc,refined_metal,EU27,EU27,1082609.6297
2000,zinc,refined_metal,EU27,RoW,254981.0202
2000,zinc,refined_metal,RoW,China,25410.694799999997
2000,zinc,refined_metal,RoW,EU27,437667.0513
2000,zinc,refined_metal,RoW,RoW,1930871.4547
2000,zinc,scrap,China,China,0.0
2000,zinc,scrap,China,EU27,0.0
2000,zinc,scrap,China,RoW,10731.4665
2000,zinc,scrap,EU27,China,19292.386
2000,zinc,scrap,EU27,EU27,225225.044
2000,zinc,scrap,EU27,RoW,82754.533
2000,zinc,scrap,RoW,China,46637.297
2000,zinc,scrap,RoW,EU27,32611.1505
2000,zinc,scrap,RoW,RoW,183486.8855
2001,nickel,concentrates,China,China,0.0
2001,nickel,concentrates,China,EU27,72.06525
2001,nickel,concentrates,China,RoW,211.0118
2001,nickel,concentrates,EU27,China,321.08835
2001,nickel,concentrates,EU27,EU27,3820.8186499999997
2001,nickel,concentrates,EU27,RoW,39041.1412
2001,nickel,concentrates,RoW,China,7356.73105
2001,nickel,concentrates,RoW,EU27,310428.65825000004
2001,nickel,concentrates,RoW,RoW,7256222.18115
2001,nickel,refined_metal,China,China,0.0
2001,nickel,refined_metal,China,EU27,7.4777499999999995
2001,nickel,refined_metal,China,RoW,4289.6412
2001,nickel,refined_metal,EU27,China,933.21965
2001,nickel,refined_metal,EU27,EU27,102639.34835
2001,nickel,refined_metal,EU27,RoW,42787.1238
2001,nickel,refined_metal,RoW,China,22684.38895
2001,nickel,refined_metal,RoW,EU27,399615.17974999995
2001,nickel,refined_metal,RoW,RoW,573638.54285
2001,nickel,scrap,China,China,0.0
2001,nickel,scrap,China,EU27,0.0
2001,nickel,scrap,China,RoW,388.696
2001,nickel,scrap,EU27,China,162.538
2001,nickel,scrap,EU27,EU27,25868.341
2001,nickel,scrap,EU27,RoW,14007.869999999999
2001,nickel,scrap,RoW,China,848.41
2001,nickel,scrap,RoW,EU27,16518.015
2001,nickel,scrap,RoW,RoW,61265.204
2001,tin,concentrates,China,China,0.0
2001,tin,concentrates,China,EU27,25.285
2001,tin,concentrates,China,RoW,8095.275
2001,tin,concentrates,EU27,China,792.3389999999999
2001,tin,concentrates,EU27,EU27,408.631
2001,tin,concentrates,EU27,RoW,3632.0090000000005
2001,tin,concentrates,RoW,China,2173.304
2001,tin,concentrates,RoW,EU27,1969.901
2001,tin,concentrates,RoW,RoW,104771.247
2001,tin,refined_metal,China,China,0.0
2001,tin,refined_metal,China,EU27,27970.839
2001,tin,refined_metal,China,RoW,46919.227
2001,tin,refined_metal,EU27,China,155.957
2001,tin,refined_metal,EU27,EU27,16354.092
2001,tin,refined_metal,EU27,RoW,5637.4929999999995
2001,tin,refined_metal,RoW,China,11980.549
2001,tin,refined_metal,RoW,EU27,49014.342
2001,tin,refined_metal,RoW,RoW,158443.102
2001,tin,scrap,China,China,0.0
2001,tin,scrap,China,EU27,78.831
2001,tin,scrap,China,RoW,118.35599999999998
2001,tin,scrap,EU27,China,0.0
2001,tin,scrap,EU27,EU27,6889.461
2001,tin,scrap,EU27,RoW,466.158
2001,tin,scrap,RoW,China,1141.158
2001,tin,scrap,RoW,EU27,2198.04
2001,tin,scrap,RoW,RoW,35884.486
2001,zinc,concentrates,China,China,0.0
2001,zinc,concentrates,China,EU27,3936.264800000001
2001,zinc,concentrates,China,RoW,17972.255100000002
2001,zinc,concentrates,EU27,China,22940.6607
2001,zinc,concentrates,EU27,EU27,1407820.2873
2001,zinc,concentrates,EU27,RoW,289890.806
2001,zinc,concentrates,RoW,China,647887.0733
2001,zinc,concentrates,RoW,EU27,2708377.2944
2001,zinc,concentrates,RoW,RoW,4264355.9102
2001,zinc,refined_metal,China,China,0.0
2001,zinc,refined_metal,China,EU27,41793.9432
2001,zinc,refined_metal,China,RoW,607400.7089
2001,zinc,refined_metal,EU27,China,4409.7653
2001,zinc,refined_metal,EU27,EU27,1144324.1422
2001,zinc,refined_metal,EU27,RoW,217379.9945
2001,zinc,refined_metal,RoW,China,20624.649699999998
2001,zinc,refined_metal,RoW,EU27,436610.6326
2001,zinc,refined_metal,RoW,RoW,2017955.3493000001
2001,zinc,scrap,China,China,0.0
2001,zinc,scrap,China,EU27,0.0
2001,zinc,scrap,China,RoW,2638.781
2001,zinc,scrap,EU27,China,26713.705
2001,zinc,scrap,EU27,EU27,245403.9555
2001,zinc,scrap,EU27,RoW,74478.2425
2001,zinc,scrap,RoW,China,38379.312
2001,zinc,scrap,RoW,EU27,35590.645
2001,zinc,scrap,RoW,RoW,162640.96649999998
2002,nickel,concentrates,China,China,0.0
2002,nickel,concentrates,China,EU27,0.6286999999999999
2002,nickel,concentrates,China,RoW,333.03234999999995
2002,nickel,concentrates,EU27,China,3664.8793
2002,nickel,concentrates,EU27,EU27,8147.25505
2002,nickel,concentrates,EU27,RoW,21226.196099999997
2002,nickel,concentrates,RoW,China,11533.8042
2002,nickel,concentrates,RoW,EU27,206330.3988
2002,nickel,concentrates,RoW,RoW,6714566.83155
2002,nickel,refined_metal,China,China,0.0
2002,nickel,refined_metal,China,EU27,73.3433
2002,nickel,refined_metal,China,RoW,3220.64965
2002,nickel,refined_metal,EU27,China,541.7827
2002,nickel,refined_metal,EU27,EU27,93347.84294999999
2002,nickel,refined_metal,EU27,RoW,41611.0209
2002,nickel,refined_metal,RoW,China,41476.4668
2002,nickel,refined_metal,RoW,EU27,462966.12320000003
2002,nickel,refined_metal,RoW,RoW,550061.68745
2002,nickel,scrap,China,China,0.0
2002,nickel,scrap,China,EU27,0.0
2002,nickel,scrap,China,RoW,474.977
2002,nickel,scrap,EU27,China,3.5650000000000004
2002,nickel,scrap,EU27,EU27,27980.162
2002,nickel,scrap,EU27,RoW,11108.028
2002,nickel,scrap,RoW,China,914.131
2002,nickel,scrap,RoW,EU27,16247.469000000001
2002,nickel,scrap,RoW,RoW,185143.32700000002
2002,tin,concentrates,China,China,0.0
2002,tin,concentrates,China,EU27,2.05
2002,tin,concentrates,China,RoW,1140.4270000000001
2002,tin,concentrates,EU27,China,516.317
2002,tin,concentrates,EU27,EU27,1284.493
2002,tin,concentrates,EU27,RoW,1336.589
2002,tin,concentrates,RoW,China,3082.9410000000003
2002,tin,concentrates,RoW,EU27,474.811
2002,tin,concentrates,RoW,RoW,61731.435
2002,tin,refined_metal,China,China,0.0
2002,tin,refined_metal,China,EU27,16285.536
2002,tin,refined_metal,China,RoW,39770.918000000005
2002,tin,refined_metal,EU27,China,123.678
2002,tin,refined_metal,EU27,EU27,17091.979
2002,tin,refined_metal,EU27,RoW,6581.862
2002,tin,refined_metal,RoW,China,12172.831
2002,tin,refined_metal,RoW,EU27,191232.99199999997
2002,tin,refined_metal,RoW,RoW,215524.858
2002,tin,scrap,China,China,0.0
2002,tin,scrap,China,EU27,0.0
2002,tin,scrap,China,RoW,82.587
2002,tin,scrap,EU27,China,0.0
2002,tin,scrap,EU27,EU27,8063.651
2002,tin,scrap,EU27,RoW,586.636
2002,tin,scrap,RoW,China,981.428
2002,tin,scrap,RoW,EU27,4300.719
2002,tin,scrap,RoW,RoW,32962.623999999996
2002,zinc,concentrates,China,China,0.0
2002,zinc,concentrates,China,EU27,7511.464599999999
2002,zinc,concentrates,China,RoW,10831.0905
2002,zinc,concentrates,EU27,China,8164.738700000001
2002,zinc,concentrates,EU27,EU27,1372119.4918
2002,zinc,concentrates,EU27,RoW,190801.64419999998
2002,zinc,concentrates,RoW,China,751198.7038
2002,zinc,concentrates,RoW,EU27,2933915.9598000003
2002,zinc,concentrates,RoW,RoW,4237144.212499999
2002,zinc,refined_metal,China,China,0.0
2002,zinc,refined_metal,China,EU27,26227.7104
2002,zinc,refined_metal,China,RoW,547206.908
2002,zinc,refined_metal,EU27,China,6512.9893
2002,zinc,refined_metal,EU27,EU27,1204363.1077
2002,zinc,refined_metal,EU27,RoW,219160.8413
2002,zinc,refined_metal,RoW,China,70475.1282
2002,zinc,refined_metal,RoW,EU27,397985.1002
2002,zinc,refined_metal,RoW,RoW,2657531.6245
2002,zinc,scrap,China,China,0.0
2002,zinc,scrap,China,EU27,30.167
2002,zinc,scrap,China,RoW,4361.1345
2002,zinc,scrap,EU27,China,35968.955
2002,zinc,scrap,EU27,EU27,246720.12350000002
2002,zinc,scrap,EU27,RoW,66745.13949999999
2002,zinc,scrap,RoW,China,39884.451
2002,zinc,scrap,RoW,EU27,43005.306
2002,zinc,scrap,RoW,RoW,266391.387
2003,nickel,concentrates,China,China,0.0
2003,nickel,concentrates,China,EU27,0.5412
2003,nickel,concentrates,China,RoW,10.9265
2003,nickel,concentrates,EU27,China,3504.035
2003,nickel,concentrates,EU27,EU27,6731.347299999999
2003,nickel,concentrates,EU27,RoW,32718.29195
2003,nickel,concentrates,RoW,China,7135.9947
2003,nickel,concentrates,RoW,EU27,211903.11
2003,nickel,concentrates,RoW,RoW,8279378.6595
2003,nickel,refined_metal,China,China,0.0
2003,nickel,refined_metal,China,EU27,32.4138
2003,nickel,refined_metal,China,RoW,7622.526500000001
2003,nickel,refined_metal,EU27,China,582.985
2003,nickel,refined_metal,EU27,EU27,79996.1087
2003,nickel,refined_metal,EU27,RoW,35508.10005
2003,nickel,refined_metal,RoW,China,67231.7323
2003,nickel,refined_metal,RoW,EU27,399837.256
2003,nickel,refined_metal,RoW,RoW,620067.3265
2003,nickel,scrap,China,China,0.0
2003,nickel,scrap,China,EU27,0.0
2003,nickel,scrap,China,RoW,474.29900000000004
2003,nickel,scrap,EU27,China,1.62
2003,nickel,scrap,EU27,EU27,25446.374
2003,nickel,scrap,EU27,RoW,13886.112
2003,nickel,scrap,RoW,China,690.267
2003,nickel,scrap,RoW,EU27,12861.828000000001
2003,nickel,scrap,RoW,RoW,85942.524
2003,tin,concentrates,China,China,0.0
2003,tin,concentrates,China,EU27,0.0
2003,tin,concentrates,China,RoW,451.882
2003,tin,concentrates,EU27,China,726.461
2003,tin,concentrates,EU27,EU27,434.59799999999996
2003,tin,concentrates,EU27,RoW,382.155
2003,tin,concentrates,RoW,China,2373.999
2003,tin,concentrates,RoW,EU27,204.16000000000003
2003,tin,concentrates,RoW,RoW,33013.974
2003,tin,refined_metal,China,China,0.0
2003,tin,refined_metal,China,EU27,15027.105
2003,tin,refined_metal,China,RoW,34475.955
2003,tin,refined_metal,EU27,China,236.982
2003,tin,refined_metal,EU27,EU27,16005.895
2003,tin,refined_metal,EU27,RoW,6015.374
2003,tin,refined_metal,RoW,China,13210.855
2003,tin,refined_metal,RoW,EU27,59512.931
2003,tin,refined_metal,RoW,RoW,185787.384
2003,tin,scrap,China,China,0.0
2003,tin,scrap,China,EU27,0.0
2003,tin,scrap,China,RoW,48.165
2003,tin,scrap,EU27,China,0.0
2003,tin,scrap,EU27,EU27,5255.688
2003,tin,scrap,EU27,RoW,432.012
2003,tin,scrap,RoW,China,1781.96
2003,tin,scrap,RoW,EU27,3081.441
2003,tin,scrap,RoW,RoW,13799.093
2003,zinc,concentrates,China,China,0.0
2003,zinc,concentrates,China,EU27,3389.2186
2003,zinc,concentrates,China,RoW,8762.9879
2003,zinc,concentrates,EU27,China,74.66980000000001
2003,zinc,concentrates,EU27,EU27,2003417.5067
2003,zinc,concentrates,EU27,RoW,230596.54379999998
2003,zinc,concentrates,RoW,China,737553.7699
2003,zinc,concentrates,RoW,EU27,2849528.9922
2003,zinc,concentrates,RoW,RoW,4224594.4835
2003,zinc,refined_metal,China,China,0.0
2003,zinc,refined_metal,China,EU27,44872.2594
2003,zinc,refined_metal,China,RoW,488335.63810000004
2003,zinc,refined_metal,EU27,China,8282.3572
2003,zinc,refined_metal,EU27,EU27,1337612.1808
2003,zinc,refined_metal,EU27,RoW,219174.7052
2003,zinc,refined_metal,RoW,China,120480.8111
2003,zinc,refined_metal,RoW,EU27,366145.8748
2003,zinc,refined_metal,RoW,RoW,2311736.4455
2003,zinc,scrap,China,China,0.0
2003,zinc,scrap,China,EU27,0.21
2003,zinc,scrap,China,RoW,3337.881
2003,zinc,scrap,EU27,China,49631.218
2003,zinc,scrap,EU27,EU27,246498.7275
2003,zinc,scrap,EU27,RoW,76176.628
2003,zinc,scrap,RoW,China,65866.589
2003,zinc,scrap,RoW,EU27,36645.361000000004
2003,zinc,scrap,RoW,RoW,210039.02000000002
2004,nickel,concentrates,China,China,0.0
2004,nickel,concentrates,China,EU27,0.69325
2004,nickel,concentrates,China,RoW,13.4732
2004,nickel,concentrates,EU27,China,0.0
2004,nickel,concentrates,EU27,EU27,5351.9036
2004,nickel,concentrates,EU27,RoW,12843.791050000002
2004,nickel,concentrates,RoW,China,115464.11425
2004,nickel,concentrates,RoW,EU27,209386.33765
2004,nickel,concentrates,RoW,RoW,9250300.14945
2004,nickel,refined_metal,China,China,0.0
2004,nickel,refined_metal,China,EU27,163.98975000000002
2004,nickel,refined_metal,China,RoW,11662.0718
2004,nickel,refined_metal,EU27,China,1449.138
2004,nickel,refined_metal,EU27,EU27,85400.0654
2004,nickel,refined_metal,EU27,RoW,39699.24795
2004,nickel,refined_metal,RoW,China,58773.384750000005
2004,nickel,refined_metal,RoW,EU27,402760.97935
2004,nickel,refined_metal,RoW,RoW,677170.40155
2004,nickel,scrap,China,China,0.0
2004,nickel,scrap,China,EU27,0.0
2004,nickel,scrap,China,RoW,603.864
2004,nickel,scrap,EU27,China,88.0
2004,nickel,scrap,EU27,EU27,21850.367000000002
2004,nickel,scrap,EU27,RoW,12917.099
2004,nickel,scrap,RoW,China,666.135
2004,nickel,scrap,RoW,EU27,17690.795
2004,nickel,scrap,RoW,RoW,52777.731999999996
2004,tin,concentrates,China,China,0.0
2004,tin,concentrates,China,EU27,22.0
2004,tin,concentrates,China,RoW,683.2909999999999
2004,tin,concentrates,EU27,China,717.114
2004,tin,concentrates,EU27,EU27,776.171
2004,tin,concentrates,EU27,RoW,1140.695
2004,tin,concentrates,RoW,China,4756.087
2004,tin,concentrates,RoW,EU27,679.145
2004,tin,concentrates,RoW,RoW,37214.414
2004,tin,refined_metal,China,China,0.0
2004,tin,refined_metal,China,EU27,9161.723
2004,tin,refined_metal,China,RoW,41500.449
2004,tin,refined_metal,EU27,China,221.893
2004,tin,refined_metal,EU27,EU27,19973.217
2004,tin,refined_metal,EU27,RoW,6904.303
2004,tin,refined_metal,RoW,China,24013.229
2004,tin,refined_metal,RoW,EU27,60334.233
2004,tin,refined_metal,RoW,RoW,272984.04099999997
2004,tin,scrap,China,China,0.0
2004,tin,scrap,China,EU27,0.001
2004,tin,scrap,China,RoW,101.068
2004,tin,scrap,EU27,China,0.0
2004,tin,scrap,EU27,EU27,7711.4890000000005
2004,tin,scrap,EU27,RoW,1033.391
2004,tin,scrap,RoW,China,3602.717
2004,tin,scrap,RoW,EU27,3931.9889999999996
2004,tin,scrap,RoW,RoW,24177.112
2004,zinc,concentrates,China,China,0.0
2004,zinc,concentrates,China,EU27,1864.8736
2004,zinc,concentrates,China,RoW,5350.902700000001
2004,zinc,concentrates,EU27,China,87.5875
2004,zinc,concentrates,EU27,EU27,2198353.2755
2004,zinc,concentrates,EU27,RoW,253981.62079999998
2004,zinc,concentrates,RoW,China,613425.6917999999
2004,zinc,concentrates,RoW,EU27,2875083.114
2004,zinc,concentrates,RoW,RoW,3954536.0671
2004,zinc,refined_metal,China,China,0.0
2004,zinc,refined_metal,China,EU27,20542.7264
2004,zinc,refined_metal,China,RoW,361888.4708
2004,zinc,refined_metal,EU27,China,6351.7135
2004,zinc,refined_metal,EU27,EU27,1410035.5185
2004,zinc,refined_metal,EU27,RoW,250334.32020000002
2004,zinc,refined_metal,RoW,China,257028.3262
2004,zinc,refined_metal,RoW,EU27,432011.4385
2004,zinc,refined_metal,RoW,RoW,2369104.1424
2004,zinc,scrap,China,China,0.0
2004,zinc,scrap,China,EU27,25.22
2004,zinc,scrap,China,RoW,925.5015
2004,zinc,scrap,EU27,China,57617.306000000004
2004,zinc,scrap,EU27,EU27,282596.162
2004,zinc,scrap,EU27,RoW,74639.287
2004,zinc,scrap,RoW,China,73543.42000000001
2004,zinc,scrap,RoW,EU27,49490.991500000004
2004,zinc,scrap,RoW,RoW,341901.8865
2005,nickel,concentrates,China,China,0.0
2005,nickel,concentrates,China,EU27,0.675
2005,nickel,concentrates,China,RoW,399.94545000000005
2005,nickel,concentrates,EU27,China,96389.95999999999
2005,nickel,concentrates,EU27,EU27,7412.65725
2005,nickel,concentrates,EU27,RoW,8701.208149999999
2005,nickel,concentrates,RoW,China,456135.50475
2005,nickel,concentrates,RoW,EU27,297977.0734
2005,nickel,concentrates,RoW,RoW,9037870.4861
2005,nickel,refined_metal,China,China,0.0
2005,nickel,refined_metal,China,EU27,150.413
2005,nickel,refined_metal,China,RoW,13335.00555
2005,nickel,refined_metal,EU27,China,3303.802
2005,nickel,refined_metal,EU27,EU27,86777.55075
2005,nickel,refined_metal,EU27,RoW,26974.369850000003
2005,nickel,refined_metal,RoW,China,94545.12725
2005,nickel,refined_metal,RoW,EU27,404398.90260000003
2005,nickel,refined_metal,RoW,RoW,659613.1139
2005,nickel,scrap,China,China,0.0
2005,nickel,scrap,China,EU27,22.22
2005,nickel,scrap,China,RoW,570.929
2005,nickel,scrap,EU27,China,576.5699999999999
2005,nickel,scrap,EU27,EU27,22121.3
2005,nickel,scrap,EU27,RoW,13686.151999999998
2005,nickel,scrap,RoW,China,2206.407
2005,nickel,scrap,RoW,EU27,20447.047
2005,nickel,scrap,RoW,RoW,59560.797
2005,tin,concentrates,China,China,0.0
2005,tin,concentrates,China,EU27,0.161
2005,tin,concentrates,China,RoW,865.905
2005,tin,concentrates,EU27,China,576.2090000000001
2005,tin,concentrates,EU27,EU27,717.266
2005,tin,concentrates,EU27,RoW,1899.837
2005,tin,concentrates,RoW,China,3743.113
2005,tin,concentrates,RoW,EU27,2642.896
2005,tin,concentrates,RoW,RoW,43887.258
2005,tin,refined_metal,China,China,0.0
2005,tin,refined_metal,China,EU27,6506.482
2005,tin,refined_metal,China,RoW,25565.58
2005,tin,refined_metal,EU27,China,171.411
2005,tin,refined_metal,EU27,EU27,20513.359
2005,tin,refined_metal,EU27,RoW,10104.869
2005,tin,refined_metal,RoW,China,28188.259
2005,tin,refined_metal,RoW,EU27,66392.484
2005,tin,refined_metal,RoW,RoW,278914.5
2005,tin,scrap,China,China,0.0
2005,tin,scrap,China,EU27,0.0
2005,tin,scrap,China,RoW,48.1
2005,tin,scrap,EU27,China,0.0
2005,tin,scrap,EU27,EU27,5008.701
2005,tin,scrap,EU27,RoW,964.804
2005,tin,scrap,RoW,China,22516.915
2005,tin,scrap,RoW,EU27,1702.739
2005,tin,scrap,RoW,RoW,33252.693
2005,zinc,concentrates,China,China,0.0
2005,zinc,concentrates,China,EU27,1026.8799000000001
2005,zinc,concentrates,China,RoW,5170.1304
2005,zinc,concentrates,EU27,China,83.93610000000001
2005,zinc,concentrates,EU27,EU27,2207489.724
2005,zinc,concentrates,EU27,RoW,294987.7126
2005,zinc,concentrates,RoW,China,683426.2648
2005,zinc,concentrates,RoW,EU27,2906614.7925
2005,zinc,concentrates,RoW,RoW,3840474.0964
2005,zinc,refined_metal,China,China,0.0
2005,zinc,refined_metal,China,EU27,15993.515599999999
2005,zinc,refined_metal,China,RoW,204338.5081
2005,zinc,refined_metal,EU27,China,8997.739899999999
2005,zinc,refined_metal,EU27,EU27,1393613.1085
2005,zinc,refined_metal,EU27,RoW,265352.9749
2005,zinc,refined_metal,RoW,China,397013.9647
2005,zinc,refined_metal,RoW,EU27,371824.8725
2005,zinc,refined_metal,RoW,RoW,2351892.8561
2005,zinc,scrap,China,China,0.0
2005,zinc,scrap,China,EU27,0.0045
2005,zinc,scrap,China,RoW,1401.9275
2005,zinc,scrap,EU27,China,70826.265
2005,zinc,scrap,EU27,EU27,297579.5715
2005,zinc,scrap,EU27,RoW,86854.3265
2005,zinc,scrap,RoW,China,70075.7205
2005,zinc,scrap,RoW,EU27,77401.817
2005,zinc,scrap,RoW,RoW,354369.28949999996
2006,nickel,concentrates,China,China,0.0
2006,nickel,concentrates,China,EU27,24.4974
2006,nickel,concentrates,China,RoW,245.39755
2006,nickel,concentrates,EU27,China,74646.75790000001
2006,nickel,concentrates,EU27,EU27,6017.9387
2006,nickel,concentrates,EU27,RoW,63525.506049999996
2006,nickel,concentrates,RoW,China,4579119.9195
2006,nickel,concentrates,RoW,EU27,237123.95265000002
2006,nickel,concentrates,RoW,RoW,8957155.278250001
2006,nickel,refined_metal,China,China,0.0
2006,nickel,refined_metal,China,EU27,358.2926
2006,nickel,refined_metal,China,RoW,9447.060449999999
2006,nickel,refined_metal,EU27,China,8033.9191
2006,nickel,refined_metal,EU27,EU27,106174.1693
2006,nickel,refined_metal,EU27,RoW,41822.71195
2006,nickel,refined_metal,RoW,China,127304.4625
2006,nickel,refined_metal,RoW,EU27,390865.09935
2006,nickel,refined_metal,RoW,RoW,619190.2907499999
2006,nickel,scrap,China,China,0.0
2006,nickel,scrap,China,EU27,64.95
2006,nickel,scrap,China,RoW,1261.132
2006,nickel,scrap,EU27,China,777.605
2006,nickel,scrap,EU27,EU27,25958.478
2006,nickel,scrap,EU27,RoW,11204.082
2006,nickel,scrap,RoW,China,28055.759
2006,nickel,scrap,RoW,EU27,24933.898999999998
2006,nickel,scrap,RoW,RoW,54685.042
2006,tin,concentrates,China,China,0.0
2006,tin,concentrates,China,EU27,22.0
2006,tin,concentrates,China,RoW,2402.3959999999997
2006,tin,concentrates,EU27,China,287.572
2006,tin,concentrates,EU27,EU27,1179.201
2006,tin,concentrates,EU27,RoW,1265.2020000000002
2006,tin,concentrates,RoW,China,3225.856
2006,tin,concentrates,RoW,EU27,3035.2009999999996
2006,tin,concentrates,RoW,RoW,31394.673
2006,tin,refined_metal,China,China,0.0
2006,tin,refined_metal,China,EU27,3089.9159999999997
2006,tin,refined_metal,China,RoW,26405.526
2006,tin,refined_metal,EU27,China,185.177
2006,tin,refined_metal,EU27,EU27,20196.581
2006,tin,refined_metal,EU27,RoW,11871.382
2006,tin,refined_metal,RoW,China,22394.079
2006,tin,refined_metal,RoW,EU27,95891.656
2006,tin,refined_metal,RoW,RoW,309605.927
2006,tin,scrap,China,China,0.0
2006,tin,scrap,China,EU27,0.0
2006,tin,scrap,China,RoW,431.756
2006,tin,scrap,EU27,China,0.0
2006,tin,scrap,EU27,EU27,7962.006
2006,tin,scrap,EU27,RoW,1393.1870000000001
2006,tin,scrap,RoW,China,34074.055
2006,tin,scrap,RoW,EU27,4641.627
2006,tin,scrap,RoW,RoW,47188.621
2006,zinc,concentrates,China,China,0.0
2006,zinc,concentrates,China,EU27,1229.2079
2006,zinc,concentrates,China,RoW,6491.3282
2006,zinc,concentrates,EU27,China,7721.6066
2006,zinc,concentrates,EU27,EU27,2128186.2402
2006,zinc,concentrates,EU27,RoW,328742.91150000005
2006,zinc,concentrates,RoW,China,896589.2586
2006,zinc,concentrates,RoW,EU27,2944186.6159
2006,zinc,concentrates,RoW,RoW,4177537.9249
2006,zinc,refined_metal,China,China,0.0
2006,zinc,refined_metal,China,EU27,113209.6751
2006,zinc,refined_metal,China,RoW,434972.2228
2006,zinc,refined_metal,EU27,China,10808.0164
2006,zinc,refined_metal,EU27,EU27,2296388.7413
2006,zinc,refined_metal,EU27,RoW,395336.48
2006,zinc,refined_metal,RoW,China,447836.0399
2006,zinc,refined_metal,RoW,EU27,646837.3971
2006,zinc,refined_metal,RoW,RoW,2815277.7076
2006,zinc,scrap,China,China,0.0
2006,zinc,scrap,China,EU27,0.001
2006,zinc,scrap,China,RoW,1983.155
2006,zinc,scrap,EU27,China,61065.901
2006,zinc,scrap,EU27,EU27,326710.3505
2006,zinc,scrap,EU27,RoW,98076.65650000001
2006,zinc,scrap,RoW,China,67926.73849999999
2006,zinc,scrap,RoW,EU27,42834.09
2006,zinc,scrap,RoW,RoW,490414.70149999997
2007,nickel,concentrates,China,China,0.0
2007,nickel,concentrates,China,EU27,25.43825
2007,nickel,concentrates,China,RoW,568.9807
2007,nickel,concentrates,EU27,China,101463.795
2007,nickel,concentrates,EU27,EU27,4859.2738
2007,nickel,concentrates,EU27,RoW,13735.961800000001
2007,nickel,concentrates,RoW,China,15637140.336299999
2007,nickel,concentrates,RoW,EU27,858005.25255
2007,nickel,concentrates,RoW,RoW,8930686.49755
2007,nickel,refined_metal,China,China,0.0
2007,nickel,refined_metal,China,EU27,291.25275
2007,nickel,refined_metal,China,RoW,10655.9293
2007,nickel,refined_metal,EU27,China,4764.678
2007,nickel,refined_metal,EU27,EU27,100911.9512
2007,nickel,refined_metal,EU27,RoW,59043.01320000001
2007,nickel,refined_metal,RoW,China,131956.01469999997
2007,nickel,refined_metal,RoW,EU27,419542.53644999996
2007,nickel,refined_metal,RoW,RoW,624098.55345
2007,nickel,scrap,China,China,0.0
2007,nickel,scrap,China,EU27,21.515
2007,nickel,scrap,China,RoW,890.2139999999999
2007,nickel,scrap,EU27,China,1696.043
2007,nickel,scrap,EU27,EU27,35738.777
2007,nickel,scrap,EU27,RoW,10890.287
2007,nickel,scrap,RoW,China,2406.544
2007,nickel,scrap,RoW,EU27,32948.485
2007,nickel,scrap,RoW,RoW,61129.46
2007,tin,concentrates,China,China,0.0
2007,tin,concentrates,China,EU27,0.0
2007,tin,concentrates,China,RoW,1733.674
2007,tin,concentrates,EU27,China,21.802999999999997
2007,tin,concentrates,EU27,EU27,259.617
2007,tin,concentrates,EU27,RoW,1080.028
2007,tin,concentrates,RoW,China,20214.066000000003
2007,tin,concentrates,RoW,EU27,3477.831
2007,tin,concentrates,RoW,RoW,49474.315
2007,tin,refined_metal,China,China,0.0
2007,tin,refined_metal,China,EU27,6785.954
2007,tin,refined_metal,China,RoW,27528.077
2007,tin,refined_metal,EU27,China,117.97899999999998
2007,tin,refined_metal,EU27,EU27,25360.877
2007,tin,refined_metal,EU27,RoW,20753.036
2007,tin,refined_metal,RoW,China,18168.896
2007,tin,refined_metal,RoW,EU27,62160.068999999996
2007,tin,refined_metal,RoW,RoW,213606.676
2007,tin,scrap,China,China,0.0
2007,tin,scrap,China,EU27,0.0
2007,tin,scrap,China,RoW,171.65
2007,tin,scrap,EU27,China,0.0
2007,tin,scrap,EU27,EU27,6492.116
2007,tin,scrap,EU27,RoW,1222.608
2007,tin,scrap,RoW,China,22885.92
2007,tin,scrap,RoW,EU27,5899.226
2007,tin,scrap,RoW,RoW,70528.509
2007,zinc,concentrates,China,China,0.0
2007,zinc,concentrates,China,EU27,870.2049000000001
2007,zinc,concentrates,China,RoW,4837.0707
2007,zinc,concentrates,EU27,China,38793.034
2007,zinc,concentrates,EU27,EU27,1987529.4676
2007,zinc,concentrates,EU27,RoW,401212.46290000004
2007,zinc,concentrates,RoW,China,2394859.2525
2007,zinc,concentrates,RoW,EU27,2996904.3356
2007,zinc,concentrates,RoW,RoW,4202219.2046
2007,zinc,refined_metal,China,China,0.0
2007,zinc,refined_metal,China,EU27,62370.9996
2007,zinc,refined_metal,China,RoW,283618.7003
2007,zinc,refined_metal,EU27,China,4625.4400000000005
2007,zinc,refined_metal,EU27,EU27,1460280.5214
2007,zinc,refined_metal,EU27,RoW,278438.7706
2007,zinc,refined_metal,RoW,China,160992.501
2007,zinc,refined_metal,RoW,EU27,801109.8754
2007,zinc,refined_metal,RoW,RoW,2210228.2864
2007,zinc,scrap,China,China,0.0
2007,zinc,scrap,China,EU27,2.5225
2007,zinc,scrap,China,RoW,2089.003
2007,zinc,scrap,EU27,China,55102.043000000005
2007,zinc,scrap,EU27,EU27,268731.579
2007,zinc,scrap,EU27,RoW,72727.9755
2007,zinc,scrap,RoW,China,68944.9335
2007,zinc,scrap,RoW,EU27,57288.705
2007,zinc,scrap,RoW,RoW,255646.665
2008,nickel,concentrates,China,China,0.0
2008,nickel,concentrates,China,EU27,8.195
2008,nickel,concentrates,China,RoW,4958.5975499999995
2008,nickel,concentrates,EU27,China,118413.7186
2008,nickel,concentrates,EU27,EU27,2177.08425
2008,nickel,concentrates,EU27,RoW,8952.750250000001
2008,nickel,concentrates,RoW,China,11811764.48435
2008,nickel,concentrates,RoW,EU27,782968.3014499999
2008,nickel,concentrates,RoW,RoW,9943629.0146
2008,nickel,refined_metal,China,China,0.0
2008,nickel,refined_metal,China,EU27,623.7950000000001
2008,nickel,refined_metal,China,RoW,8088.63645
2008,nickel,refined_metal,EU27,China,4952.117400000001
2008,nickel,refined_metal,EU27,EU27,105432.50675
2008,nickel,refined_metal,EU27,RoW,46868.62275
2008,nickel,refined_metal,RoW,China,138869.06765
2008,nickel,refined_metal,RoW,EU27,438742.77955000004
2008,nickel,refined_metal,RoW,RoW,625849.1574
2008,nickel,scrap,China,China,0.0
2008,nickel,scrap,China,EU27,9.207
2008,nickel,scrap,China,RoW,965.984
2008,nickel,scrap,EU27,China,637.5300000000001
2008,nickel,scrap,EU27,EU27,28640.192
2008,nickel,scrap,EU27,RoW,10855.236
2008,nickel,scrap,RoW,China,3401.01
2008,nickel,scrap,RoW,EU27,24030.541
2008,nickel,scrap,RoW,RoW,59800.206
2008,tin,concentrates,China,China,0.0
2008,tin,concentrates,China,EU27,0.001
2008,tin,concentrates,China,RoW,0.902
2008,tin,concentrates,EU27,China,538.851
2008,tin,concentrates,EU27,EU27,345.793
2008,tin,concentrates,EU27,RoW,5306.35
2008,tin,concentrates,RoW,China,7462.528
2008,tin,concentrates,RoW,EU27,6106.18
2008,tin,concentrates,RoW,RoW,40891.576
2008,tin,refined_metal,China,China,0.0
2008,tin,refined_metal,China,EU27,2090.496
2008,tin,refined_metal,China,RoW,135540.701
2008,tin,refined_metal,EU27,China,208.408
2008,tin,refined_metal,EU27,EU27,20595.108
2008,tin,refined_metal,EU27,RoW,11633.389
2008,tin,refined_metal,RoW,China,15144.346
2008,tin,refined_metal,RoW,EU27,61062.092000000004
2008,tin,refined_metal,RoW,RoW,215299.674
2008,tin,scrap,China,China,0.0
2008,tin,scrap,China,EU27,0.0
2008,tin,scrap,China,RoW,139.382
2008,tin,scrap,EU27,China,0.4
2008,tin,scrap,EU27,EU27,5964.181
2008,tin,scrap,EU27,RoW,1090.6390000000001
2008,tin,scrap,RoW,China,10471.795
2008,tin,scrap,RoW,EU27,9016.223
2008,tin,scrap,RoW,RoW,71799.412
2008,zinc,concentrates,China,China,0.0
2008,zinc,concentrates,China,EU27,142.68
2008,zinc,concentrates,China,RoW,3051.8169000000003
2008,zinc,concentrates,EU27,China,39081.9311
2008,zinc,concentrates,EU27,EU27,2153849.3221
2008,zinc,concentrates,EU27,RoW,334037.09679999994
2008,zinc,concentrates,RoW,China,2350330.4134
2008,zinc,concentrates,RoW,EU27,2455914.6411
2008,zinc,concentrates,RoW,RoW,4348088.2101
2008,zinc,refined_metal,China,China,0.0
2008,zinc,refined_metal,China,EU27,3597.221
2008,zinc,refined_metal,China,RoW,65297.2431
2008,zinc,refined_metal,EU27,China,1412.5289
2008,zinc,refined_metal,EU27,EU27,1266963.8859
2008,zinc,refined_metal,EU27,RoW,276911.6277
2008,zinc,refined_metal,RoW,China,213233.34860000003
2008,zinc,refined_metal,RoW,EU27,572660.3079
2008,zinc,refined_metal,RoW,RoW,2430669.5169
2008,zinc,scrap,China,China,0.0
2008,zinc,scrap,China,EU27,0.312
2008,zinc,scrap,China,RoW,1221.053
2008,zinc,scrap,EU27,China,46393.64400000001
2008,zinc,scrap,EU27,EU27,205566.895
2008,zinc,scrap,EU27,RoW,49462.6465
2008,zinc,scrap,RoW,China,60586.333
2008,zinc,scrap,RoW,EU27,35620.604
2008,zinc,scrap,RoW,RoW,190293.5
2009,nickel,concentrates,China,China,0.0
2009,nickel,concentrates,China,EU27,0.19
2009,nickel,concentrates,China,RoW,4337.02155
2009,nickel,concentrates,EU27,China,115711.02085
2009,nickel,concentrates,EU27,EU27,4901.9776
2009,nickel,concentrates,EU27,RoW,148927.94235
2009,nickel,concentrates,RoW,China,15863924.8084
2009,nickel,concentrates,RoW,EU27,747783.3205
2009,nickel,concentrates,RoW,RoW,9404279.950650001
2009,nickel,refined_metal,China,China,0.0
2009,nickel,refined_metal,China,EU27,414.40599999999995
2009,nickel,refined_metal,China,RoW,11959.96245
2009,nickel,refined_metal,EU27,China,6581.801149999999
2009,nickel,refined_metal,EU27,EU27,68560.1664
2009,nickel,refined_metal,EU27,RoW,42168.58965
2009,nickel,refined_metal,RoW,China,228611.4916
2009,nickel,refined_metal,RoW,EU27,347899.2085
2009,nickel,refined_metal,RoW,RoW,545280.3743499999
2009,nickel,scrap,China,China,0.0
2009,nickel,scrap,China,EU27,1.3
2009,nickel,scrap,China,RoW,1233.6709999999998
2009,nickel,scrap,EU27,China,221.068
2009,nickel,scrap,EU27,EU27,25016.513000000003
2009,nickel,scrap,EU27,RoW,15894.954
2009,nickel,scrap,RoW,China,2970.2720000000004
2009,nickel,scrap,RoW,EU27,15397.542
2009,nickel,scrap,RoW,RoW,38582.466
2009,tin,concentrates,China,China,0.0
2009,tin,concentrates,China,EU27,0.139
2009,tin,concentrates,China,RoW,12.826
2009,tin,concentrates,EU27,China,15.358
2009,tin,concentrates,EU27,EU27,386.288
2009,tin,concentrates,EU27,RoW,1375.75
2009,tin,concentrates,RoW,China,13991.044
2009,tin,concentrates,RoW,EU27,2308.046
2009,tin,concentrates,RoW,RoW,46606.528
2009,tin,refined_metal,China,China,0.0
2009,tin,refined_metal,China,EU27,1042.76
2009,tin,refined_metal,China,RoW,5332.519
2009,tin,refined_metal,EU27,China,88.88900000000001
2009,tin,refined_metal,EU27,EU27,17882.478
2009,tin,refined_metal,EU27,RoW,8784.456
2009,tin,refined_metal,RoW,China,24565.559
2009,tin,refined_metal,RoW,EU27,36187.994
2009,tin,refined_metal,RoW,RoW,222004.907
2009,tin,scrap,China,China,0.0
2009,tin,scrap,China,EU27,0.608
2009,tin,scrap,China,RoW,2034.718
2009,tin,scrap,EU27,China,0.0
2009,tin,scrap,EU27,EU27,6125.12
2009,tin,scrap,EU27,RoW,512.289
2009,tin,scrap,RoW,China,12775.542
2009,tin,scrap,RoW,EU27,3191.901
2009,tin,scrap,RoW,RoW,146260.037
2009,zinc,concentrates,China,China,0.0
2009,zinc,concentrates,China,EU27,56.891200000000005
2009,zinc,concentrates,China,RoW,1719.8197
2009,zinc,concentrates,EU27,China,349376.0416
2009,zinc,concentrates,EU27,EU27,1693952.5204
2009,zinc,concentrates,EU27,RoW,251255.42690000002
2009,zinc,concentrates,RoW,China,3588880.7006
2009,zinc,concentrates,RoW,EU27,1736370.8086
2009,zinc,concentrates,RoW,RoW,3667891.6551
2009,zinc,refined_metal,China,China,0.0
2009,zinc,refined_metal,China,EU27,1234.2328
2009,zinc,refined_metal,China,RoW,35211.984300000004
2009,zinc,refined_metal,EU27,China,6921.3784000000005
2009,zinc,refined_metal,EU27,EU27,1159479.8726000001
2009,zinc,refined_metal,EU27,RoW,257143.7946
2009,zinc,refined_metal,RoW,China,733086.5614000001
2009,zinc,refined_metal,RoW,EU27,424478.9369
2009,zinc,refined_metal,RoW,RoW,2376485.2439
2009,zinc,scrap,China,China,0.0
2009,zinc,scrap,China,EU27,11.008
2009,zinc,scrap,China,RoW,745.8009999999999
2009,zinc,scrap,EU27,China,51289.208
2009,zinc,scrap,EU27,EU27,222699.672
2009,zinc,scrap,EU27,RoW,55863.8725
2009,zinc,scrap,RoW,China,37291.06
2009,zinc,scrap,RoW,EU27,31155.9005
2009,zinc,scrap,RoW,RoW,219216.56
2010,nickel,concentrates,China,China,0.0
2010,nickel,concentrates,China,EU27,0.0063999999999999994
2010,nickel,concentrates,China,RoW,64.75525
2010,nickel,concentrates,EU27,China,92571.74734999999
2010,nickel,concentrates,EU27,EU27,23421.917
2010,nickel,concentrates,EU27,RoW,28192.5804
2010,nickel,concentrates,RoW,China,25807030.97485
2010,nickel,concentrates,RoW,EU27,1087039.4463
2010,nickel,concentrates,RoW,RoW,12909967.9114
2010,nickel,refined_metal,China,China,0.0
2010,nickel,refined_metal,China,EU27,2373.3116
2010,nickel,refined_metal,China,RoW,11372.543749999999
2010,nickel,refined_metal,EU27,China,7209.57965
2010,nickel,refined_metal,EU27,EU27,97368.16
2010,nickel,refined_metal,EU27,RoW,34577.6446
2010,nickel,refined_metal,RoW,China,196796.73815
2010,nickel,refined_metal,RoW,EU27,398674.7547
2010,nickel,refined_metal,RoW,RoW,636787.0536
2010,nickel,scrap,China,China,0.0
2010,nickel,scrap,China,EU27,0.712
2010,nickel,scrap,China,RoW,907.142
2010,nickel,scrap,EU27,China,130.20100000000002
2010,nickel,scrap,EU27,EU27,42209.343
2010,nickel,scrap,EU27,RoW,13363.255
2010,nickel,scrap,RoW,China,11397.751
2010,nickel,scrap,RoW,EU27,22935.868
2010,nickel,scrap,RoW,RoW,54694.068
2010,tin,concentrates,China,China,0.0
2010,tin,concentrates,China,EU27,0.093
2010,tin,concentrates,China,RoW,59.295
2010,tin,concentrates,EU27,China,21.432
2010,tin,concentrates,EU27,EU27,771.938
2010,tin,concentrates,EU27,RoW,1727.8719999999998
2010,tin,concentrates,RoW,China,18677.102
2010,tin,concentrates,RoW,EU27,1729.442
2010,tin,concentrates,RoW,RoW,49359.533
2010,tin,refined_metal,China,China,0.0
2010,tin,refined_metal,China,EU27,1155.7530000000002
2010,tin,refined_metal,China,RoW,10856.628
2010,tin,refined_metal,EU27,China,85.456
2010,tin,refined_metal,EU27,EU27,22381.969
2010,tin,refined_metal,EU27,RoW,8765.961
2010,tin,refined_metal,RoW,China,18421.773
2010,tin,refined_metal,RoW,EU27,52230.898
2010,tin,refined_metal,RoW,RoW,224479.882
2010,tin,scrap,China,China,0.0
2010,tin,scrap,China,EU27,0.094
2010,tin,scrap,China,RoW,349.606
2010,tin,scrap,EU27,China,6.78
2010,tin,scrap,EU27,EU27,6943.312
2010,tin,scrap,EU27,RoW,917.179
2010,tin,scrap,RoW,China,4876.246
2010,tin,scrap,RoW,EU27,10790.768
2010,tin,scrap,RoW,RoW,138811.197
2010,zinc,concentrates,China,China,0.0
2010,zinc,concentrates,China,EU27,119.53380000000001
2010,zinc,concentrates,China,RoW,2897.0370000000003
2010,zinc,concentrates,EU27,China,98800.70569999999
2010,zinc,concentrates,EU27,EU27,1704890.1453999998
2010,zinc,concentrates,EU27,RoW,263771.1741
2010,zinc,concentrates,RoW,China,3313680.1801
2010,zinc,concentrates,RoW,EU27,2540614.6619
2010,zinc,concentrates,RoW,RoW,3749736.0449
2010,zinc,refined_metal,China,China,0.0
2010,zinc,refined_metal,China,EU27,2364.3197
2010,zinc,refined_metal,China,RoW,48946.9125
2010,zinc,refined_metal,EU27,China,13482.1898
2010,zinc,refined_metal,EU27,EU27,1419836.5131
2010,zinc,refined_metal,EU27,RoW,267854.1689
2010,zinc,refined_metal,RoW,China,444755.3319
2010,zinc,refined_metal,RoW,EU27,779835.3266
2010,zinc,refined_metal,RoW,RoW,2435204.2456
2010,zinc,scrap,China,China,0.0
2010,zinc,scrap,China,EU27,13.5355
2010,zinc,scrap,China,RoW,1957.2285
2010,zinc,scrap,EU27,China,56251.0645
2010,zinc,scrap,EU27,EU27,236401.7595
2010,zinc,scrap,EU27,RoW,51388.743
2010,zinc,scrap,RoW,China,47798.425
2010,zinc,scrap,RoW,EU27,26567.5645
2010,zinc,scrap,RoW,RoW,209135.17450000002
2011,nickel,concentrates,China,China,0.0
2011,nickel,concentrates,China,EU27,26.817249999999998
2011,nickel,concentrates,China,RoW,805.60645
2011,nickel,concentrates,EU27,China,42310.809049999996
2011,nickel,concentrates,EU27,EU27,24659.646849999997
2011,nickel,concentrates,EU27,RoW,9102.38705
2011,nickel,concentrates,RoW,China,50251960.3012
2011,nickel,concentrates,RoW,EU27,1068304.2963
2011,nickel,concentrates,RoW,RoW,11908685.799349999
2011,nickel,refined_metal,China,China,0.0
2011,nickel,refined_metal,China,EU27,1268.55475
2011,nickel,refined_metal,China,RoW,11199.97355
2011,nickel,refined_metal,EU27,China,6717.00795
2011,nickel,refined_metal,EU27,EU27,96381.81115000001
2011,nickel,refined_metal,EU27,RoW,48609.274950000006
2011,nickel,refined_metal,RoW,China,192478.3178
2011,nickel,refined_metal,RoW,EU27,298509.5847
2011,nickel,refined_metal,RoW,RoW,705973.7336500001
2011,nickel,scrap,China,China,0.0
2011,nickel,scrap,China,EU27,0.427
2011,nickel,scrap,China,RoW,784.914
2011,nickel,scrap,EU27,China,331.0
2011,nickel,scrap,EU27,EU27,26986.104
2011,nickel,scrap,EU27,RoW,12386.826000000001
2011,nickel,scrap,RoW,China,2451.764
2011,nickel,scrap,RoW,EU27,20661.453
2011,nickel,scrap,RoW,RoW,59338.074
2011,tin,concentrates,China,China,0.0
2011,tin,concentrates,China,EU27,0.062
2011,tin,concentrates,China,RoW,573.657
2011,tin,concentrates,EU27,China,0.0
2011,tin,concentrates,EU27,EU27,452.224
2011,tin,concentrates,EU27,RoW,1149.5169999999998
2011,tin,concentrates,RoW,China,32392.975000000002
2011,tin,concentrates,RoW,EU27,6738.112
2011,tin,concentrates,RoW,RoW,39621.971
2011,tin,refined_metal,China,China,0.0
2011,tin,refined_metal,China,EU27,3714.344
2011,tin,refined_metal,China,RoW,17609.219
2011,tin,refined_metal,EU27,China,77.867
2011,tin,refined_metal,EU27,EU27,23438.406
2011,tin,refined_metal,EU27,RoW,9527.737
2011,tin,refined_metal,RoW,China,22512.710000000003
2011,tin,refined_metal,RoW,EU27,62014.841
2011,tin,refined_metal,RoW,RoW,232750.946
2011,tin,scrap,China,China,0.0
2011,tin,scrap,China,EU27,0.321
2011,tin,scrap,China,RoW,334.928
2011,tin,scrap,EU27,China,0.0
2011,tin,scrap,EU27,EU27,14411.028
2011,tin,scrap,EU27,RoW,437.784
2011,tin,scrap,RoW,China,2841.4610000000002
2011,tin,scrap,RoW,EU27,11252.533
2011,tin,scrap,RoW,RoW,151854.594
2011,zinc,concentrates,China,China,0.0
2011,zinc,concentrates,China,EU27,480.2873
2011,zinc,concentrates,China,RoW,9103.9892
2011,zinc,concentrates,EU27,China,190379.7815
2011,zinc,concentrates,EU27,EU27,1410808.2129
2011,zinc,concentrates,EU27,RoW,329945.5524
2011,zinc,concentrates,RoW,China,2735956.5336
2011,zinc,concentrates,RoW,EU27,2384863.8796
2011,zinc,concentrates,RoW,RoW,4026231.3899
2011,zinc,refined_metal,China,China,0.0
2011,zinc,refined_metal,China,EU27,3128.7482
2011,zinc,refined_metal,China,RoW,43796.1973
2011,zinc,refined_metal,EU27,China,11280.4405
2011,zinc,refined_metal,EU27,EU27,1415155.4341000002
2011,zinc,refined_metal,EU27,RoW,310108.87710000004
2011,zinc,refined_metal,RoW,China,523504.9904
2011,zinc,refined_metal,RoW,EU27,640169.2714
2011,zinc,refined_metal,RoW,RoW,2636896.4796
2011,zinc,scrap,China,China,0.0
2011,zinc,scrap,China,EU27,57.6115
2011,zinc,scrap,China,RoW,1855.5815
2011,zinc,scrap,EU27,China,45420.357
2011,zinc,scrap,EU27,EU27,258716.481
2011,zinc,scrap,EU27,RoW,48538.8745
2011,zinc,scrap,RoW,China,59379.361999999994
2011,zinc,scrap,RoW,EU27,37711.964
2011,zinc,scrap,RoW,RoW,196628.1795
2012,nickel,concentrates,China,China,0.0
2012,nickel,concentrates,China,EU27,9.68535
2012,nickel,concentrates,China,RoW,690.72755
2012,nickel,concentrates,EU27,China,24362.9112
2012,nickel,concentrates,EU27,EU27,9161.2859
2012,nickel,concentrates,EU27,RoW,10242.2896
2012,nickel,concentrates,RoW,China,66798297.71100001
2012,nickel,concentrates,RoW,EU27,911322.4533
2012,nickel,concentrates,RoW,RoW,13844550.94085
2012,nickel,refined_metal,China,China,0.0
2012,nickel,refined_metal,China,EU27,2214.56565
2012,nickel,refined_metal,China,RoW,12106.282449999999
2012,nickel,refined_metal,EU27,China,6559.6078
2012,nickel,refined_metal,EU27,EU27,89903.6081
2012,nickel,refined_metal,EU27,RoW,56629.354400000004
2012,nickel,refined_metal,RoW,China,234452.042
2012,nickel,refined_metal,RoW,EU27,302474.4847
2012,nickel,refined_metal,RoW,RoW,694476.63915
2012,nickel,scrap,China,China,0.0
2012,nickel,scrap,China,EU27,25.674
2012,nickel,scrap,China,RoW,1107.977
2012,nickel,scrap,EU27,China,30.086
2012,nickel,scrap,EU27,EU27,28465.18
2012,nickel,scrap,EU27,RoW,23802.817000000003
2012,nickel,scrap,RoW,China,1776.2820000000002
2012,nickel,scrap,RoW,EU27,20719.155
2012,nickel,scrap,RoW,RoW,67303.303
2012,tin,concentrates,China,China,0.0
2012,tin,concentrates,China,EU27,0.078
2012,tin,concentrates,China,RoW,255.557
2012,tin,concentrates,EU27,China,0.022
2012,tin,concentrates,EU27,EU27,235.58499999999998
2012,tin,concentrates,EU27,RoW,1610.716
2012,tin,concentrates,RoW,China,27791.112
2012,tin,concentrates,RoW,EU27,3997.467
2012,tin,concentrates,RoW,RoW,34743.246999999996
2012,tin,refined_metal,China,China,0.0
2012,tin,refined_metal,China,EU27,533.886
2012,tin,refined_metal,China,RoW,5450.919
2012,tin,refined_metal,EU27,China,74.675
2012,tin,refined_metal,EU27,EU27,26579.531
2012,tin,refined_metal,EU27,RoW,9556.786
2012,tin,refined_metal,RoW,China,30323.514000000003
2012,tin,refined_metal,RoW,EU27,50321.953
2012,tin,refined_metal,RoW,RoW,255007.524
2012,tin,scrap,China,China,0.0
2012,tin,scrap,China,EU27,0.46900000000000003
2012,tin,scrap,China,RoW,382.079
2012,tin,scrap,EU27,China,0.0
2012,tin,scrap,EU27,EU27,8609.551
2012,tin,scrap,EU27,RoW,489.172
2012,tin,scrap,RoW,China,1750.946
2012,tin,scrap,RoW,EU27,10446.843
2012,tin,scrap,RoW,RoW,129826.66299999999
2012,zinc,concentrates,China,China,0.0
2012,zinc,concentrates,China,EU27,477.31980000000004
2012,zinc,concentrates,China,RoW,4874.1463
2012,zinc,concentrates,EU27,China,165373.47499999998
2012,zinc,concentrates,EU27,EU27,1426162.8732
2012,zinc,concentrates,EU27,RoW,301905.0283
2012,zinc,concentrates,RoW,China,2047734.5793
2012,zinc,concentrates,RoW,EU27,2661479.3978
2012,zinc,concentrates,RoW,RoW,4559737.0708
2012,zinc,refined_metal,China,China,0.0
2012,zinc,refined_metal,China,EU27,795.9372
2012,zinc,refined_metal,China,RoW,22365.0187
2012,zinc,refined_metal,EU27,China,63763.061
2012,zinc,refined_metal,EU27,EU27,1383596.4968
2012,zinc,refined_metal,EU27,RoW,260273.4017
2012,zinc,refined_metal,RoW,China,795777.3446999999
2012,zinc,refined_metal,RoW,EU27,665237.3637
2012,zinc,refined_metal,RoW,RoW,2848713.0792
2012,zinc,scrap,China,China,0.0
2012,zinc,scrap,China,EU27,228.524
2012,zinc,scrap,China,RoW,1935.8609999999999
2012,zinc,scrap,EU27,China,42149.544
2012,zinc,scrap,EU27,EU27,259352.097
2012,zinc,scrap,EU27,RoW,46724.383
2012,zinc,scrap,RoW,China,53613.62
2012,zinc,scrap,RoW,EU27,43848.609500000006
2012,zinc,scrap,RoW,RoW,197455.87699999998
2013,nickel,concentrates,China,China,0.0
2013,nickel,concentrates,China,EU27,2.2225
2013,nickel,concentrates,China,RoW,343.45155
2013,nickel,concentrates,EU27,China,124583.89285
2013,nickel,concentrates,EU27,EU27,10258.13785
2013,nickel,concentrates,EU27,RoW,90742.58984999999
2013,nickel,concentrates,RoW,China,85739064.48189999
2013,nickel,concentrates,RoW,EU27,1246574.91565
2013,nickel,concentrates,RoW,RoW,19399831.4981
2013,nickel,refined_metal,China,China,0.0
2013,nickel,refined_metal,China,EU27,8258.3365
2013,nickel,refined_metal,China,RoW,22600.53245
2013,nickel,refined_metal,EU27,China,3652.0701500000005
2013,nickel,refined_metal,EU27,EU27,97782.84715
2013,nickel,refined_metal,EU27,RoW,54208.13115
2013,nickel,refined_metal,RoW,China,305979.54309999995
2013,nickel,refined_metal,RoW,EU27,274328.78135
2013,nickel,refined_metal,RoW,RoW,778291.4449
2013,nickel,scrap,China,China,0.0
2013,nickel,scrap,China,EU27,5.715
2013,nickel,scrap,China,RoW,1104.6860000000001
2013,nickel,scrap,EU27,China,51.004
2013,nickel,scrap,EU27,EU27,25375.748
2013,nickel,scrap,EU27,RoW,11394.004
2013,nickel,scrap,RoW,China,1220.514
2013,nickel,scrap,RoW,EU27,16165.050999999998
2013,nickel,scrap,RoW,RoW,67778.036
2013,tin,concentrates,China,China,0.0
2013,tin,concentrates,China,EU27,0.047
2013,tin,concentrates,China,RoW,898.664
2013,tin,concentrates,EU27,China,0.0
2013,tin,concentrates,EU27,EU27,356.318
2013,tin,concentrates,EU27,RoW,568.956
2013,tin,concentrates,RoW,China,6797.572
2013,tin,concentrates,RoW,EU27,1444.5439999999999
2013,tin,concentrates,RoW,RoW,37184.445
2013,tin,refined_metal,China,China,0.0
2013,tin,refined_metal,China,EU27,1663.662
2013,tin,refined_metal,China,RoW,9270.701
2013,tin,refined_metal,EU27,China,83.954
2013,tin,refined_metal,EU27,EU27,33036.22
2013,tin,refined_metal,EU27,RoW,7038.519
2013,tin,refined_metal,RoW,China,16993.585
2013,tin,refined_metal,RoW,EU27,56399.69500000001
2013,tin,refined_metal,RoW,RoW,238159.007
2013,tin,scrap,China,China,0.0
2013,tin,scrap,China,EU27,0.147
2013,tin,scrap,China,RoW,775.711
2013,tin,scrap,EU27,China,29.434
2013,tin,scrap,EU27,EU27,11516.413
2013,tin,scrap,EU27,RoW,393.81800000000004
2013,tin,scrap,RoW,China,142.615
2013,tin,scrap,RoW,EU27,6130.45
2013,tin,scrap,RoW,RoW,103020.389
2013,zinc,concentrates,China,China,0.0
2013,zinc,concentrates,China,EU27,224.8523
2013,zinc,concentrates,China,RoW,3939.0213000000003
2013,zinc,concentrates,EU27,China,142634.4405
2013,zinc,concentrates,EU27,EU27,1588417.4773000001
2013,zinc,concentrates,EU27,RoW,290279.54339999997
2013,zinc,concentrates,RoW,China,2084558.1216
2013,zinc,concentrates,RoW,EU27,2286144.2141
2013,zinc,concentrates,RoW,RoW,4457542.778299999
2013,zinc,refined_metal,China,China,0.0
2013,zinc,refined_metal,China,EU27,1322.9222
2013,zinc,refined_metal,China,RoW,17241.5902
2013,zinc,refined_metal,EU27,China,178618.52049999998
2013,zinc,refined_metal,EU27,EU27,1365926.0172
2013,zinc,refined_metal,EU27,RoW,293714.4276
2013,zinc,refined_metal,RoW,China,554204.2054
2013,zinc,refined_metal,RoW,EU27,440428.15489999996
2013,zinc,refined_metal,RoW,RoW,2632404.4492
2013,zinc,scrap,China,China,0.0
2013,zinc,scrap,China,EU27,138.29450000000003
2013,zinc,scrap,China,RoW,779.1505
2013,zinc,scrap,EU27,China,41717.368
2013,zinc,scrap,EU27,EU27,320528.7485
2013,zinc,scrap,EU27,RoW,48469.954
2013,zinc,scrap,RoW,China,50185.839
2013,zinc,scrap,RoW,EU27,48781.332
2013,zinc,scrap,RoW,RoW,221016.8365
2014,nickel,concentrates,China,China,0.0
2014,nickel,concentrates,China,EU27,195.69875
2014,nickel,concentrates,China,RoW,2496.4687
2014,nickel,concentrates,EU27,China,202402.12775000004
2014,nickel,concentrates,EU27,EU27,14946.14655
2014,nickel,concentrates,EU27,RoW,29338.91725
2014,nickel,concentrates,RoW,China,45591067.8636
2014,nickel,concentrates,RoW,EU27,1619892.09965
2014,nickel,concentrates,RoW,RoW,12341053.63515
2014,nickel,refined_metal,China,China,0.0
2014,nickel,refined_metal,China,EU27,6801.09325
2014,nickel,refined_metal,China,RoW,50579.6573
2014,nickel,refined_metal,EU27,China,6250.233249999999
2014,nickel,refined_metal,EU27,EU27,99217.03044999999
2014,nickel,refined_metal,EU27,RoW,63264.00875
2014,nickel,refined_metal,RoW,China,318058.65839999996
2014,nickel,refined_metal,RoW,EU27,263324.02635
2014,nickel,refined_metal,RoW,RoW,944460.1938499999
2014,nickel,scrap,China,China,0.0
2014,nickel,scrap,China,EU27,92.55499999999999
2014,nickel,scrap,China,RoW,1746.268
2014,nickel,scrap,EU27,China,0.002
2014,nickel,scrap,EU27,EU27,31410.369
2014,nickel,scrap,EU27,RoW,16505.392
2014,nickel,scrap,RoW,China,1263.858
2014,nickel,scrap,RoW,EU27,13586.824999999999
2014,nickel,scrap,RoW,RoW,79645.31
2014,tin,concentrates,China,China,0.0
2014,tin,concentrates,China,EU27,7.9559999999999995
2014,tin,concentrates,China,RoW,2342.99
2014,tin,concentrates,EU27,China,0.017
2014,tin,concentrates,EU27,EU27,480.786
2014,tin,concentrates,EU27,RoW,778.941
2014,tin,concentrates,RoW,China,2904468.3959999997
2014,tin,concentrates,RoW,EU27,2321.303
2014,tin,concentrates,RoW,RoW,44739.042
2014,tin,refined_metal,China,China,0.0
2014,tin,refined_metal,China,EU27,2118.506
2014,tin,refined_metal,China,RoW,15773.696
2014,tin,refined_metal,EU27,China,131.597
2014,tin,refined_metal,EU27,EU27,31070.302
2014,tin,refined_metal,EU27,RoW,6222.635
2014,tin,refined_metal,RoW,China,13938.079
2014,tin,refined_metal,RoW,EU27,52315.186
2014,tin,refined_metal,RoW,RoW,223248.68300000002
2014,tin,scrap,China,China,0.0
2014,tin,scrap,China,EU27,61.436
2014,tin,scrap,China,RoW,2220.448
2014,tin,scrap,EU27,China,0.0
2014,tin,scrap,EU27,EU27,9888.897
2014,tin,scrap,EU27,RoW,423.79
2014,tin,scrap,RoW,China,683.985
2014,tin,scrap,RoW,EU27,4504.159
2014,tin,scrap,RoW,RoW,108818.636
2014,zinc,concentrates,China,China,0.0
2014,zinc,concentrates,China,EU27,95.38250000000001
2014,zinc,concentrates,China,RoW,16156.510199999999
2014,zinc,concentrates,EU27,China,184321.1717
2014,zinc,concentrates,EU27,EU27,1644371.5669
2014,zinc,concentrates,EU27,RoW,288589.8773
2014,zinc,concentrates,RoW,China,2207896.318
2014,zinc,concentrates,RoW,EU27,2474625.6837999998
2014,zinc,concentrates,RoW,RoW,4764196.7882
2014,zinc,refined_metal,China,China,0.0
2014,zinc,refined_metal,China,EU27,2414.726
2014,zinc,refined_metal,China,RoW,98897.6638
2014,zinc,refined_metal,EU27,China,98501.8153
2014,zinc,refined_metal,EU27,EU27,1542771.6496
2014,zinc,refined_metal,EU27,RoW,335347.1872
2014,zinc,refined_metal,RoW,China,484958.72500000003
2014,zinc,refined_metal,RoW,EU27,442336.1817
2014,zinc,refined_metal,RoW,RoW,2629706.5203
2014,zinc,scrap,China,China,0.0
2014,zinc,scrap,China,EU27,21.5315
2014,zinc,scrap,China,RoW,397.252
2014,zinc,scrap,EU27,China,38096.388
2014,zinc,scrap,EU27,EU27,378447.78750000003
2014,zinc,scrap,EU27,RoW,70369.5255
2014,zinc,scrap,RoW,China,88811.353
2014,zinc,scrap,RoW,EU27,45408.398499999996
2014,zinc,scrap,RoW,RoW,235272.1585
2015,nickel,concentrates,China,China,0.0
2015,nickel,concentrates,China,EU27,0.17225
2015,nickel,concentrates,China,RoW,9713.18275
2015,nickel,concentrates,EU27,China,205656.70519999997
2015,nickel,concentrates,EU27,EU27,3237.4885
2015,nickel,concentrates,EU27,RoW,32092.47035
2015,nickel,concentrates,RoW,China,31522857.531599995
2015,nickel,concentrates,RoW,EU27,1435119.75875
2015,nickel,concentrates,RoW,RoW,12204488.1449
2015,nickel,refined_metal,China,China,0.0
2015,nickel,refined_metal,China,EU27,13676.52275
2015,nickel,refined_metal,China,RoW,23651.026250000003
2015,nickel,refined_metal,EU27,China,2836.3298
2015,nickel,refined_metal,EU27,EU27,118091.95049999999
2015,nickel,refined_metal,EU27,RoW,62443.79965
2015,nickel,refined_metal,RoW,China,525594.6484
2015,nickel,refined_metal,RoW,EU27,268768.07325
2015,nickel,refined_metal,RoW,RoW,1026993.0221
2015,nickel,scrap,China,China,0.0
2015,nickel,scrap,China,EU27,41.19800000000001
2015,nickel,scrap,China,RoW,1691.0629999999999
2015,nickel,scrap,EU27,China,0.020999999999999998
2015,nickel,scrap,EU27,EU27,31191.07
2015,nickel,scrap,EU27,RoW,13625.064
2015,nickel,scrap,RoW,China,1890.634
2015,nickel,scrap,RoW,EU27,11671.823
2015,nickel,scrap,RoW,RoW,63566.674
2015,tin,concentrates,China,China,0.0
2015,tin,concentrates,China,EU27,1.554
2015,tin,concentrates,China,RoW,3163.906
2015,tin,concentrates,EU27,China,0.0
2015,tin,concentrates,EU27,EU27,1816.562
2015,tin,concentrates,EU27,RoW,574.223
2015,tin,concentrates,RoW,China,5412.864
2015,tin,concentrates,RoW,EU27,1930.9660000000001
2015,tin,concentrates,RoW,RoW,40355.221
2015,tin,refined_metal,China,China,0.0
2015,tin,refined_metal,China,EU27,949.537
2015,tin,refined_metal,China,RoW,8350.405
2015,tin,refined_metal,EU27,China,80.30799999999999
2015,tin,refined_metal,EU27,EU27,33434.514
2015,tin,refined_metal,EU27,RoW,7804.844
2015,tin,refined_metal,RoW,China,11780.212
2015,tin,refined_metal,RoW,EU27,56005.879
2015,tin,refined_metal,RoW,RoW,188584.36899999998
2015,tin,scrap,China,China,0.0
2015,tin,scrap,China,EU27,144.218
2015,tin,scrap,China,RoW,118.955
2015,tin,scrap,EU27,China,0.0
2015,tin,scrap,EU27,EU27,4860.646
2015,tin,scrap,EU27,RoW,1704.5059999999999
2015,tin,scrap,RoW,China,331.167
2015,tin,scrap,RoW,EU27,2381.607
2015,tin,scrap,RoW,RoW,67125.476
2015,zinc,concentrates,China,China,0.0
2015,zinc,concentrates,China,EU27,1154.074
2015,zinc,concentrates,China,RoW,10676.7821
2015,zinc,concentrates,EU27,China,205308.11839999998
2015,zinc,concentrates,EU27,EU27,1453583.1408
2015,zinc,concentrates,EU27,RoW,305111.7425
2015,zinc,concentrates,RoW,China,3061458.4762
2015,zinc,concentrates,RoW,EU27,2161638.8822
2015,zinc,concentrates,RoW,RoW,4620802.1182
2015,zinc,refined_metal,China,China,0.0
2015,zinc,refined_metal,China,EU27,1551.9270000000001
2015,zinc,refined_metal,China,RoW,40259.820400000004
2015,zinc,refined_metal,EU27,China,16780.4196
2015,zinc,refined_metal,EU27,EU27,1468317.3067
2015,zinc,refined_metal,EU27,RoW,383690.326
2015,zinc,refined_metal,RoW,China,686258.1313
2015,zinc,refined_metal,RoW,EU27,412765.6118
2015,zinc,refined_metal,RoW,RoW,2722990.7793
2015,zinc,scrap,China,China,0.0
2015,zinc,scrap,China,EU27,35.961
2015,zinc,scrap,China,RoW,683.3544999999999
2015,zinc,scrap,EU27,China,30867.28
2015,zinc,scrap,EU27,EU27,421335.8135
2015,zinc,scrap,EU27,RoW,71669.6755
2015,zinc,scrap,RoW,China,76217.55649999999
2015,zinc,scrap,RoW,EU27,86299.582
2015,zinc,scrap,RoW,RoW,196098.3235
2016,nickel,concentrates,China,China,0.0
2016,nickel,concentrates,China,EU27,0.40180000000000005
2016,nickel,concentrates,China,RoW,5791.14505
2016,nickel,concentrates,EU27,China,54001.87765
2016,nickel,concentrates,EU27,EU27,12995.557350000001
2016,nickel,concentrates,EU27,RoW,54765.56920000001
2016,nickel,concentrates,RoW,China,13099212.29235
2016,nickel,concentrates,RoW,EU27,544653.4518
2016,nickel,concentrates,RoW,RoW,14876011.49655
2016,nickel,refined_metal,China,China,0.0
2016,nickel,refined_metal,China,EU27,5574.2632
2016,nickel,refined_metal,China,RoW,7240.90795
2016,nickel,refined_metal,EU27,China,13728.60735
2016,nickel,refined_metal,EU27,EU27,94754.39665
2016,nickel,refined_metal,EU27,RoW,59747.1068
2016,nickel,refined_metal,RoW,China,451876.63964999997
2016,nickel,refined_metal,RoW,EU27,311578.6682
2016,nickel,refined_metal,RoW,RoW,827805.93145
2016,nickel,scrap,China,China,0.0
2016,nickel,scrap,China,EU27,103.088
2016,nickel,scrap,China,RoW,2232.1240000000003
2016,nickel,scrap,EU27,China,12.418
2016,nickel,scrap,EU27,EU27,29022.077
2016,nickel,scrap,EU27,RoW,13857.204000000002
2016,nickel,scrap,RoW,China,2655.5190000000002
2016,nickel,scrap,RoW,EU27,14686.552
2016,nickel,scrap,RoW,RoW,71604.10399999999
2016,tin,concentrates,China,China,0.0
2016,tin,concentrates,China,EU27,2.238
2016,tin,concentrates,China,RoW,383.39799999999997
2016,tin,concentrates,EU27,China,0.0
2016,tin,concentrates,EU27,EU27,1451.9140000000002
2016,tin,concentrates,EU27,RoW,610.764
2016,tin,concentrates,RoW,China,1499.183
2016,tin,concentrates,RoW,EU27,1250.606
2016,tin,concentrates,RoW,RoW,43876.269
2016,tin,refined_metal,China,China,0.0
2016,tin,refined_metal,China,EU27,2549.509
2016,tin,refined_metal,China,RoW,8792.398
2016,tin,refined_metal,EU27,China,103.635
2016,tin,refined_metal,EU27,EU27,33645.112
2016,tin,refined_metal,EU27,RoW,7109.555
2016,tin,refined_metal,RoW,China,11934.548
2016,tin,refined_metal,RoW,EU27,47380.651
2016,tin,refined_metal,RoW,RoW,164027.942
2016,tin,scrap,China,China,0.0
2016,tin,scrap,China,EU27,20.798
2016,tin,scrap,China,RoW,770.087
2016,tin,scrap,EU27,China,0.0
2016,tin,scrap,EU27,EU27,6315.307000000001
2016,tin,scrap,EU27,RoW,535.413
2016,tin,scrap,RoW,China,855.042
2016,tin,scrap,RoW,EU27,2791.5389999999998
2016,tin,scrap,RoW,RoW,60235.784
2016,zinc,concentrates,China,China,0.0
2016,zinc,concentrates,China,EU27,166.24200000000002
2016,zinc,concentrates,China,RoW,4864.652300000001
2016,zinc,concentrates,EU27,China,40463.2306
2016,zinc,concentrates,EU27,EU27,1436361.9588000001
2016,zinc,concentrates,EU27,RoW,347995.8476
2016,zinc,concentrates,RoW,China,1956456.5118999998
2016,zinc,concentrates,RoW,EU27,1943949.2572
2016,zinc,concentrates,RoW,RoW,4849572.1658
2016,zinc,refined_metal,China,China,0.0
2016,zinc,refined_metal,China,EU27,1439.997
2016,zinc,refined_metal,China,RoW,29358.1292
2016,zinc,refined_metal,EU27,China,20430.3194
2016,zinc,refined_metal,EU27,EU27,1364631.5277
2016,zinc,refined_metal,EU27,RoW,330019.50840000005
2016,zinc,refined_metal,RoW,China,474112.6751
2016,zinc,refined_metal,RoW,EU27,526282.2677999999
2016,zinc,refined_metal,RoW,RoW,2942238.6492
2016,zinc,scrap,China,China,0.0
2016,zinc,scrap,China,EU27,35.474000000000004
2016,zinc,scrap,China,RoW,5384.405500000001
2016,zinc,scrap,EU27,China,40021.706
2016,zinc,scrap,EU27,EU27,456981.4375
2016,zinc,scrap,EU27,RoW,89723.20199999999
2016,zinc,scrap,RoW,China,31657.096999999998
2016,zinc,scrap,RoW,EU27,84832.764
2016,zinc,scrap,RoW,RoW,242928.157
2017,nickel,concentrates,China,China,0.0
2017,nickel,concentrates,China,EU27,4.62425
2017,nickel,concentrates,China,RoW,578.6793
2017,nickel,concentrates,EU27,China,47369.3178
2017,nickel,concentrates,EU27,EU27,5229.53795
2017,nickel,concentrates,EU27,RoW,24076.7586
2017,nickel,concentrates,RoW,China,38562349.99495
2017,nickel,concentrates,RoW,EU27,618474.1239
2017,nickel,concentrates,RoW,RoW,10402231.93365
2017,nickel,refined_metal,China,China,0.0
2017,nickel,refined_metal,China,EU27,5705.944750000001
2017,nickel,refined_metal,China,RoW,14234.6087
2017,nickel,refined_metal,EU27,China,24106.4172
2017,nickel,refined_metal,EU27,EU27,115712.81705
2017,nickel,refined_metal,EU27,RoW,56431.7004
2017,nickel,refined_metal,RoW,China,512829.11505
2017,nickel,refined_metal,RoW,EU27,303616.0771
2017,nickel,refined_metal,RoW,RoW,714349.6463499999
2017,nickel,scrap,China,China,0.0
2017,nickel,scrap,China,EU27,128.474
2017,nickel,scrap,China,RoW,3077.357
2017,nickel,scrap,EU27,China,0.004
2017,nickel,scrap,EU27,EU27,25928.084
2017,nickel,scrap,EU27,RoW,15964.208999999999
2017,nickel,scrap,RoW,China,2315.609
2017,nickel,scrap,RoW,EU27,11277.556
2017,nickel,scrap,RoW,RoW,76727.855
2017,tin,concentrates,China,China,0.0
2017,tin,concentrates,China,EU27,0.045
2017,tin,concentrates,China,RoW,485.074
2017,tin,concentrates,EU27,China,206.718
2017,tin,concentrates,EU27,EU27,1911.34
2017,tin,concentrates,EU27,RoW,986.213
2017,tin,concentrates,RoW,China,3607.1079999999997
2017,tin,concentrates,RoW,EU27,1041.148
2017,tin,concentrates,RoW,RoW,53385.950000000004
2017,tin,refined_metal,China,China,0.0
2017,tin,refined_metal,China,EU27,2997.511
2017,tin,refined_metal,China,RoW,11549.663
2017,tin,refined_metal,EU27,China,86.35299999999998
2017,tin,refined_metal,EU27,EU27,36378.153
2017,tin,refined_metal,EU27,RoW,5822.231
2017,tin,refined_metal,RoW,China,4990.335
2017,tin,refined_metal,RoW,EU27,52767.397
2017,tin,refined_metal,RoW,RoW,165844.057
2017,tin,scrap,China,China,0.0
2017,tin,scrap,China,EU27,2.063
2017,tin,scrap,China,RoW,1128.3860000000002
2017,tin,scrap,EU27,China,0.017
2017,tin,scrap,EU27,EU27,7306.22
2017,tin,scrap,EU27,RoW,671.869
2017,tin,scrap,RoW,China,305.607
2017,tin,scrap,RoW,EU27,1909.5529999999999
2017,tin,scrap,RoW,RoW,79797.662
2017,zinc,concentrates,China,China,0.0
2017,zinc,concentrates,China,EU27,158.9588
2017,zinc,concentrates,China,RoW,24179.159300000003
2017,zinc,concentrates,EU27,China,38483.3927
2017,zinc,concentrates,EU27,EU27,1432206.9597999998
2017,zinc,concentrates,EU27,RoW,359940.8589
2017,zinc,concentrates,RoW,China,2341499.0615
2017,zinc,concentrates,RoW,EU27,1969645.3332000002
2017,zinc,concentrates,RoW,RoW,4996123.1618
2017,zinc,refined_metal,China,China,0.0
2017,zinc,refined_metal,China,EU27,1328.3177
2017,zinc,refined_metal,China,RoW,60959.0937
2017,zinc,refined_metal,EU27,China,130810.18479999999
2017,zinc,refined_metal,EU27,EU27,1421657.7562
2017,zinc,refined_metal,EU27,RoW,357312.29760000005
2017,zinc,refined_metal,RoW,China,613511.2605
2017,zinc,refined_metal,RoW,EU27,441334.5823
2017,zinc,refined_metal,RoW,RoW,3060998.3047
2017,zinc,scrap,China,China,0.0
2017,zinc,scrap,China,EU27,37.6215
2017,zinc,scrap,China,RoW,52759.846999999994
2017,zinc,scrap,EU27,China,33834.3425
2017,zinc,scrap,EU27,EU27,429549.022
2017,zinc,scrap,EU27,RoW,125503.0615
2017,zinc,scrap,RoW,China,28835.342
2017,zinc,scrap,RoW,EU27,86600.9235
2017,zinc,scrap,RoW,RoW,345759.0865
2018,nickel,concentrates,China,China,0.0
2018,nickel,concentrates,China,EU27,0.97575
2018,nickel,concentrates,China,RoW,404.15004999999996
2018,nickel,concentrates,EU27,China,47809.836299999995
2018,nickel,concentrates,EU27,EU27,5728.70665
2018,nickel,concentrates,EU27,RoW,42235.76775
2018,nickel,concentrates,RoW,China,46288822.8269
2018,nickel,concentrates,RoW,EU27,400190.17110000004
2018,nickel,concentrates,RoW,RoW,9595029.2192
2018,nickel,refined_metal,China,China,0.0
2018,nickel,refined_metal,China,EU27,834.44625
2018,nickel,refined_metal,China,RoW,6973.201950000001
2018,nickel,refined_metal,EU27,China,24188.853700000003
2018,nickel,refined_metal,EU27,EU27,109653.28935
2018,nickel,refined_metal,EU27,RoW,68408.97125
2018,nickel,refined_metal,RoW,China,315351.7931
2018,nickel,refined_metal,RoW,EU27,375040.8629
2018,nickel,refined_metal,RoW,RoW,694639.3748
2018,nickel,scrap,China,China,0.0
2018,nickel,scrap,China,EU27,57.008
2018,nickel,scrap,China,RoW,4380.845
2018,nickel,scrap,EU27,China,0.262
2018,nickel,scrap,EU27,EU27,25492.502
2018,nickel,scrap,EU27,RoW,15834.009
2018,nickel,scrap,RoW,China,1343.365
2018,nickel,scrap,RoW,EU27,21930.879
2018,nickel,scrap,RoW,RoW,85478.99900000001
2018,tin,concentrates,China,China,0.0
2018,tin,concentrates,China,EU27,0.0
2018,tin,concentrates,China,RoW,98.36699999999999
2018,tin,concentrates,EU27,China,21.099
2018,tin,concentrates,EU27,EU27,728.503
2018,tin,concentrates,EU27,RoW,886.934
2018,tin,concentrates,RoW,China,5943.6539999999995
2018,tin,concentrates,RoW,EU27,961.4090000000001
2018,tin,concentrates,RoW,RoW,56231.287000000004
2018,tin,refined_metal,China,China,0.0
2018,tin,refined_metal,China,EU27,1966.6789999999999
2018,tin,refined_metal,China,RoW,14149.899
2018,tin,refined_metal,EU27,China,263.81899999999996
2018,tin,refined_metal,EU27,EU27,33140.259
2018,tin,refined_metal,EU27,RoW,6532.201
2018,tin,refined_metal,RoW,China,4840.303
2018,tin,refined_metal,RoW,EU27,53239.095
2018,tin,refined_metal,RoW,RoW,165401.914
2018,tin,scrap,China,China,0.0
2018,tin,scrap,China,EU27,1.03
2018,tin,scrap,China,RoW,3168.677
2018,tin,scrap,EU27,China,2.55
2018,tin,scrap,EU27,EU27,5608.816
2018,tin,scrap,EU27,RoW,841.499
2018,tin,scrap,RoW,China,7393.424
2018,tin,scrap,RoW,EU27,1374.621
2018,tin,scrap,RoW,RoW,90913.03600000001
2018,zinc,concentrates,China,China,0.0
2018,zinc,concentrates,China,EU27,73.2603
2018,zinc,concentrates,China,RoW,5845.1516
2018,zinc,concentrates,EU27,China,131977.4586
2018,zinc,concentrates,EU27,EU27,1532228.8916
2018,zinc,concentrates,EU27,RoW,370516.977
2018,zinc,concentrates,RoW,China,2979127.2399
2018,zinc,concentrates,RoW,EU27,2293637.9111
2018,zinc,concentrates,RoW,RoW,5306229.877599999
2018,zinc,refined_metal,China,China,0.0
2018,zinc,refined_metal,China,EU27,351.8942
2018,zinc,refined_metal,China,RoW,26673.1899
2018,zinc,refined_metal,EU27,China,76012.8404
2018,zinc,refined_metal,EU27,EU27,1323185.4404
2018,zinc,refined_metal,EU27,RoW,377551.60199999996
2018,zinc,refined_metal,RoW,China,624358.2191
2018,zinc,refined_metal,RoW,EU27,433532.9324
2018,zinc,refined_metal,RoW,RoW,2920876.5344
2018,zinc,scrap,China,China,0.0
2018,zinc,scrap,China,EU27,98.2775
2018,zinc,scrap,China,RoW,645.9175
2018,zinc,scrap,EU27,China,28369.289
2018,zinc,scrap,EU27,EU27,396838.405
2018,zinc,scrap,EU27,RoW,94933.232
2018,zinc,scrap,RoW,China,22320.127
2018,zinc,scrap,RoW,EU27,72987.3015
2018,zinc,scrap,RoW,RoW,286671.234
2019,nickel,concentrates,China,China,0.0
2019,nickel,concentrates,China,EU27,0.8179500000000001
2019,nickel,concentrates,China,RoW,2193.7032
2019,nickel,concentrates,EU27,China,4011.9450999999995
2019,nickel,concentrates,EU27,EU27,5121.428
2019,nickel,concentrates,EU27,RoW,11182.95175
2019,nickel,concentrates,RoW,China,60709806.0488
2019,nickel,concentrates,RoW,EU27,956462.4740500001
2019,nickel,concentrates,RoW,RoW,10158199.72495
2019,nickel,refined_metal,China,China,0.0
2019,nickel,refined_metal,China,EU27,2309.00605
2019,nickel,refined_metal,China,RoW,10859.4738
2019,nickel,refined_metal,EU27,China,16283.543899999999
2019,nickel,refined_metal,EU27,EU27,100011.164
2019,nickel,refined_metal,EU27,RoW,69472.04825
2019,nickel,refined_metal,RoW,China,431856.4462
2019,nickel,refined_metal,RoW,EU27,302176.70895
2019,nickel,refined_metal,RoW,RoW,706788.83705
2019,nickel,scrap,China,China,0.0
2019,nickel,scrap,China,EU27,102.00999999999999
2019,nickel,scrap,China,RoW,4845.741
2019,nickel,scrap,EU27,China,0.152
2019,nickel,scrap,EU27,EU27,23161.977
2019,nickel,scrap,EU27,RoW,15782.63
2019,nickel,scrap,RoW,China,2608.962
2019,nickel,scrap,RoW,EU27,16005.128
2019,nickel,scrap,RoW,RoW,111398.63900000001
2019,tin,concentrates,China,China,0.0
2019,tin,concentrates,China,EU27,0.028
2019,tin,concentrates,China,RoW,1509.724
2019,tin,concentrates,EU27,China,0.4
2019,tin,concentrates,EU27,EU27,274.36400000000003
2019,tin,concentrates,EU27,RoW,985.9639999999999
2019,tin,concentrates,RoW,China,12316.162
2019,tin,concentrates,RoW,EU27,1219.358
2019,tin,concentrates,RoW,RoW,61212.561
2019,tin,refined_metal,China,China,0.0
2019,tin,refined_metal,China,EU27,2666.799
2019,tin,refined_metal,China,RoW,13636.661
2019,tin,refined_metal,EU27,China,103.885
2019,tin,refined_metal,EU27,EU27,30907.871
2019,tin,refined_metal,EU27,RoW,9869.432999999999
2019,tin,refined_metal,RoW,China,5163.209
2019,tin,refined_metal,RoW,EU27,52879.213
2019,tin,refined_metal,RoW,RoW,156872.962
2019,tin,scrap,China,China,0.0
2019,tin,scrap,China,EU27,0.954
2019,tin,scrap,China,RoW,618.2850000000001
2019,tin,scrap,EU27,China,0.0
2019,tin,scrap,EU27,EU27,6398.909
2019,tin,scrap,EU27,RoW,498.128
2019,tin,scrap,RoW,China,736.653
2019,tin,scrap,RoW,EU27,1352.077
2019,tin,scrap,RoW,RoW,60873.653999999995
2019,zinc,concentrates,China,China,0.0
2019,zinc,concentrates,China,EU27,49.4726
2019,zinc,concentrates,China,RoW,57185.2368
2019,zinc,concentrates,EU27,China,242331.4066
2019,zinc,concentrates,EU27,EU27,1449223.4139999999
2019,zinc,concentrates,EU27,RoW,476302.032
2019,zinc,concentrates,RoW,China,3092403.5761
2019,zinc,concentrates,RoW,EU27,2158664.8404
2019,zinc,concentrates,RoW,RoW,4973686.3476
2019,zinc,refined_metal,China,China,0.0
2019,zinc,refined_metal,China,EU27,216.3219
2019,zinc,refined_metal,China,RoW,48267.1772
2019,zinc,refined_metal,EU27,China,24732.8364
2019,zinc,refined_metal,EU27,EU27,1434898.2365
2019,zinc,refined_metal,EU27,RoW,513013.477
2019,zinc,refined_metal,RoW,China,752289.2489
2019,zinc,refined_metal,RoW,EU27,367410.2011
2019,zinc,refined_metal,RoW,RoW,2809750.8854
2019,zinc,scrap,China,China,0.0
2019,zinc,scrap,China,EU27,77.7995
2019,zinc,scrap,China,RoW,2486.471
2019,zinc,scrap,EU27,China,18404.391
2019,zinc,scrap,EU27,EU27,470564.1815
2019,zinc,scrap,EU27,RoW,121435.998
2019,zinc,scrap,RoW,China,66559.308
2019,zinc,scrap,RoW,EU27,75875.7635
2019,zinc,scrap,RoW,RoW,244321.761
2020,nickel,concentrates,China,China,0.0
2020,nickel,concentrates,China,EU27,5.876849999999999
2020,nickel,concentrates,China,RoW,1392.8736999999999
2020,nickel,concentrates,EU27,China,61749.218250000005
2020,nickel,concentrates,EU27,EU27,4988.5287
2020,nickel,concentrates,EU27,RoW,25167.885949999996
2020,nickel,concentrates,RoW,China,42153099.554299995
2020,nickel,concentrates,RoW,EU27,931814.87445
2020,nickel,concentrates,RoW,RoW,8744990.1534
2020,nickel,refined_metal,China,China,0.0
2020,nickel,refined_metal,China,EU27,5114.57115
2020,nickel,refined_metal,China,RoW,9543.0723
2020,nickel,refined_metal,EU27,China,26359.10975
2020,nickel,refined_metal,EU27,EU27,121957.21429999999
2020,nickel,refined_metal,EU27,RoW,72097.28405
2020,nickel,refined_metal,RoW,China,388530.25269999995
2020,nickel,refined_metal,RoW,EU27,257154.67655
2020,nickel,refined_metal,RoW,RoW,606038.3465999999
2020,nickel,scrap,China,China,0.0
2020,nickel,scrap,China,EU27,14.003
2020,nickel,scrap,China,RoW,1434.246
2020,nickel,scrap,EU27,China,0.0
2020,nickel,scrap,EU27,EU27,23838.088
2020,nickel,scrap,EU27,RoW,13542.356
2020,nickel,scrap,RoW,China,2838.093
2020,nickel,scrap,RoW,EU27,16730.413
2020,nickel,scrap,RoW,RoW,126704.353
2020,tin,concentrates,China,China,0.0
2020,tin,concentrates,China,EU27,0.011
2020,tin,concentrates,China,RoW,3.265
2020,tin,concentrates,EU27,China,0.0
2020,tin,concentrates,EU27,EU27,302.12
2020,tin,concentrates,EU27,RoW,602.501
2020,tin,concentrates,RoW,China,15794.206
2020,tin,concentrates,RoW,EU27,721.407
2020,tin,concentrates,RoW,RoW,58447.134
2020,tin,refined_metal,China,China,0.0
2020,tin,refined_metal,China,EU27,678.091
2020,tin,refined_metal,China,RoW,14179.916000000001
2020,tin,refined_metal,EU27,China,81.999
2020,tin,refined_metal,EU27,EU27,31545.998
2020,tin,refined_metal,EU27,RoW,7897.765
2020,tin,refined_metal,RoW,China,19904.434
2020,tin,refined_metal,RoW,EU27,45108.603
2020,tin,refined_metal,RoW,RoW,128556.25300000001
2020,tin,scrap,China,China,0.0
2020,tin,scrap,China,EU27,0.08
2020,tin,scrap,China,RoW,60.272999999999996
2020,tin,scrap,EU27,China,0.0
2020,tin,scrap,EU27,EU27,5450.246
2020,tin,scrap,EU27,RoW,313.215
2020,tin,scrap,RoW,China,87.712
2020,tin,scrap,RoW,EU27,1685.434
2020,tin,scrap,RoW,RoW,36543.706999999995
2020,zinc,concentrates,China,China,0.0
2020,zinc,concentrates,China,EU27,28.096700000000002
2020,zinc,concentrates,China,RoW,3302.9271000000003
2020,zinc,concentrates,EU27,China,158226.1672
2020,zinc,concentrates,EU27,EU27,1681439.0677999998
2020,zinc,concentrates,EU27,RoW,444219.09680000006
2020,zinc,concentrates,RoW,China,3539160.1164
2020,zinc,concentrates,RoW,EU27,1599388.0891
2020,zinc,concentrates,RoW,RoW,4687355.2523
2020,zinc,refined_metal,China,China,0.0
2020,zinc,refined_metal,China,EU27,230.2953
2020,zinc,refined_metal,China,RoW,36591.2929
2020,zinc,refined_metal,EU27,China,2925.3808
2020,zinc,refined_metal,EU27,EU27,1312705.8807
2020,zinc,refined_metal,EU27,RoW,516037.6537
2020,zinc,refined_metal,RoW,China,733974.8941
2020,zinc,refined_metal,RoW,EU27,325753.09489999997
2020,zinc,refined_metal,RoW,RoW,2873464.6427
2020,zinc,scrap,China,China,0.0
2020,zinc,scrap,China,EU27,0.045
2020,zinc,scrap,China,RoW,1481.01
2020,zinc,scrap,EU27,China,27995.543999999998
2020,zinc,scrap,EU27,EU27,447171.0115
2020,zinc,scrap,EU27,RoW,114896.6865
2020,zinc,scrap,RoW,China,166057.0155
2020,zinc,scrap,RoW,EU27,54892.276
2020,zinc,scrap,RoW,RoW,231073.53100000002
2021,nickel,concentrates,China,China,0.0
2021,nickel,concentrates,China,EU27,4.9164
2021,nickel,concentrates,China,RoW,140.02055000000001
2021,nickel,concentrates,EU27,China,64077.5938
2021,nickel,concentrates,EU27,EU27,6247.84625
2021,nickel,concentrates,EU27,RoW,64521.84099999999
2021,nickel,concentrates,RoW,China,44253673.3767
2021,nickel,concentrates,RoW,EU27,1726889.7351
2021,nickel,concentrates,RoW,RoW,9435921.86595
2021,nickel,refined_metal,China,China,0.0
2021,nickel,refined_metal,China,EU27,254.84560000000002
2021,nickel,refined_metal,China,RoW,3004.82845
2021,nickel,refined_metal,EU27,China,26565.260199999993
2021,nickel,refined_metal,EU27,EU27,136643.65675
2021,nickel,refined_metal,EU27,RoW,57837.678
2021,nickel,refined_metal,RoW,China,652175.1913
2021,nickel,refined_metal,RoW,EU27,225668.55490000002
2021,nickel,refined_metal,RoW,RoW,605246.34505
2021,nickel,scrap,China,China,0.0
2021,nickel,scrap,China,EU27,40.49
2021,nickel,scrap,China,RoW,1443.033
2021,nickel,scrap,EU27,China,0.11
2021,nickel,scrap,EU27,EU27,27243.247000000003
2021,nickel,scrap,EU27,RoW,15367.328
2021,nickel,scrap,RoW,China,7186.974
2021,nickel,scrap,RoW,EU27,16615.222
2021,nickel,scrap,RoW,RoW,94498.03
2021,tin,concentrates,China,China,0.0
2021,tin,concentrates,China,EU27,0.056
2021,tin,concentrates,China,RoW,52.821999999999996
2021,tin,concentrates,EU27,China,64.986
2021,tin,concentrates,EU27,EU27,2038.501
2021,tin,concentrates,EU27,RoW,731.0790000000001
2021,tin,concentrates,RoW,China,44992.655999999995
2021,tin,concentrates,RoW,EU27,1247.611
2021,tin,concentrates,RoW,RoW,44283.908
2021,tin,refined_metal,China,China,0.0
2021,tin,refined_metal,China,EU27,1857.384
2021,tin,refined_metal,China,RoW,21312.423
2021,tin,refined_metal,EU27,China,129.825
2021,tin,refined_metal,EU27,EU27,37244.578
2021,tin,refined_metal,EU27,RoW,7166.19
2021,tin,refined_metal,RoW,China,6700.211000000001
2021,tin,refined_metal,RoW,EU27,51613.599
2021,tin,refined_metal,RoW,RoW,177179.234
2021,tin,scrap,China,China,0.0
2021,tin,scrap,China,EU27,0.082
2021,tin,scrap,China,RoW,77.187
2021,tin,scrap,EU27,China,3.666
2021,tin,scrap,EU27,EU27,5853.601
2021,tin,scrap,EU27,RoW,234.268
2021,tin,scrap,RoW,China,28.287
2021,tin,scrap,RoW,EU27,2099.888
2021,tin,scrap,RoW,RoW,48231.334
2021,zinc,concentrates,China,China,0.0
2021,zinc,concentrates,China,EU27,21.504
2021,zinc,concentrates,China,RoW,3015.8949000000002
2021,zinc,concentrates,EU27,China,71216.181
2021,zinc,concentrates,EU27,EU27,1755740.6824
2021,zinc,concentrates,EU27,RoW,413914.0558
2021,zinc,concentrates,RoW,China,3413833.0611
2021,zinc,concentrates,RoW,EU27,1696949.1124
2021,zinc,concentrates,RoW,RoW,4751787.6978
2021,zinc,refined_metal,China,China,0.0
2021,zinc,refined_metal,China,EU27,169.4635
2021,zinc,refined_metal,China,RoW,21724.3481
2021,zinc,refined_metal,EU27,China,2146.883
2021,zinc,refined_metal,EU27,EU27,1427656.6571
2021,zinc,refined_metal,EU27,RoW,458555.9447
2021,zinc,refined_metal,RoW,China,647481.8249
2021,zinc,refined_metal,RoW,EU27,314738.0616
2021,zinc,refined_metal,RoW,RoW,2954162.6341999997
2021,zinc,scrap,China,China,0.0
2021,zinc,scrap,China,EU27,0.2525
2021,zinc,scrap,China,RoW,462.705
2021,zinc,scrap,EU27,China,1891.108
2021,zinc,scrap,EU27,EU27,485132.6265
2021,zinc,scrap,EU27,RoW,157909.7895
2021,zinc,scrap,RoW,China,40626.073
2021,zinc,scrap,RoW,EU27,53757.058
2021,zinc,scrap,RoW,RoW,385521.556
2022,nickel,concentrates,China,China,0.0
2022,nickel,concentrates,China,EU27,11.6705
2022,nickel,concentrates,China,RoW,5576.9613
2022,nickel,concentrates,EU27,China,51823.235349999995
2022,nickel,concentrates,EU27,EU27,6969.38085
2022,nickel,concentrates,EU27,RoW,50080.812249999995
2022,nickel,concentrates,RoW,China,40574135.73545
2022,nickel,concentrates,RoW,EU27,296668.0129
2022,nickel,concentrates,RoW,RoW,6258785.90645
2022,nickel,refined_metal,China,China,0.0
2022,nickel,refined_metal,China,EU27,758.1775
2022,nickel,refined_metal,China,RoW,15817.413700000001
2022,nickel,refined_metal,EU27,China,35051.428649999994
2022,nickel,refined_metal,EU27,EU27,138977.09815
2022,nickel,refined_metal,EU27,RoW,110610.53175
2022,nickel,refined_metal,RoW,China,914616.4245499999
2022,nickel,refined_metal,RoW,EU27,267217.0481
2022,nickel,refined_metal,RoW,RoW,539357.82155
2022,nickel,scrap,China,China,0.0
2022,nickel,scrap,China,EU27,47.878
2022,nickel,scrap,China,RoW,4056.438
2022,nickel,scrap,EU27,China,318.488
2022,nickel,scrap,EU27,EU27,31209.880999999998
2022,nickel,scrap,EU27,RoW,16660.537
2022,nickel,scrap,RoW,China,3808.0029999999997
2022,nickel,scrap,RoW,EU27,15815.380000000001
2022,nickel,scrap,RoW,RoW,100852.10800000001
2022,tin,concentrates,China,China,0.0
2022,tin,concentrates,China,EU27,0.004
2022,tin,concentrates,China,RoW,111.38900000000001
2022,tin,concentrates,EU27,China,23.549
2022,tin,concentrates,EU27,EU27,737.938
2022,tin,concentrates,EU27,RoW,779.9060000000001
2022,tin,concentrates,RoW,China,62118.228
2022,tin,concentrates,RoW,EU27,500.174
2022,tin,concentrates,RoW,RoW,37495.848
2022,tin,refined_metal,China,China,0.0
2022,tin,refined_metal,China,EU27,2776.649
2022,tin,refined_metal,China,RoW,10079.15
2022,tin,refined_metal,EU27,China,139.468
2022,tin,refined_metal,EU27,EU27,34598.244
2022,tin,refined_metal,EU27,RoW,6386.503
2022,tin,refined_metal,RoW,China,33258.572
2022,tin,refined_metal,RoW,EU27,49231.424
2022,tin,refined_metal,RoW,RoW,137922.927
2022,tin,scrap,China,China,0.0
2022,tin,scrap,China,EU27,0.55
2022,tin,scrap,China,RoW,143.68
2022,tin,scrap,EU27,China,1.164
2022,tin,scrap,EU27,EU27,4101.878
2022,tin,scrap,EU27,RoW,2318.4190000000003
2022,tin,scrap,RoW,China,158.083
2022,tin,scrap,RoW,EU27,2811.093
2022,tin,scrap,RoW,RoW,80109.812
2022,zinc,concentrates,China,China,0.0
2022,zinc,concentrates,China,EU27,33.872
2022,zinc,concentrates,China,RoW,3748.5388000000003
2022,zinc,concentrates,EU27,China,68797.5696
2022,zinc,concentrates,EU27,EU27,1528582.4199
2022,zinc,concentrates,EU27,RoW,406853.7364
2022,zinc,concentrates,RoW,China,3967640.5595
2022,zinc,concentrates,RoW,EU27,1589362.9583
2022,zinc,concentrates,RoW,RoW,4658643.9536999995
2022,zinc,refined_metal,China,China,0.0
2022,zinc,refined_metal,China,EU27,624.2245
2022,zinc,refined_metal,China,RoW,90189.58020000001
2022,zinc,refined_metal,EU27,China,479.44040000000007
2022,zinc,refined_metal,EU27,EU27,1262273.1571
2022,zinc,refined_metal,EU27,RoW,249295.5506
2022,zinc,refined_metal,RoW,China,232198.8655
2022,zinc,refined_metal,RoW,EU27,617021.4167000001
2022,zinc,refined_metal,RoW,RoW,3009714.3463
2022,zinc,scrap,China,China,0.0
2022,zinc,scrap,China,EU27,80.03049999999999
2022,zinc,scrap,China,RoW,985.255
2022,zinc,scrap,EU27,China,593.7
2022,zinc,scrap,EU27,EU27,439234.80600000004
2022,zinc,scrap,EU27,RoW,99485.402
2022,zinc,scrap,RoW,China,34094.712
2022,zinc,scrap,RoW,EU27,48574.536
2022,zinc,scrap,RoW,RoW,504474.77300000004
2023,nickel,concentrates,China,China,0.0
2023,nickel,concentrates,China,EU27,250.0525
2023,nickel,concentrates,China,RoW,479.71054999999996
2023,nickel,concentrates,EU27,China,20798.640499999998
2023,nickel,concentrates,EU27,EU27,47357.813500000004
2023,nickel,concentrates,EU27,RoW,44429.836449999995
2023,nickel,concentrates,RoW,China,21440649.98475
2023,nickel,concentrates,RoW,EU27,456923.4421
2023,nickel,concentrates,RoW,RoW,5459360.97965
2023,nickel,refined_metal,China,China,0.0
2023,nickel,refined_metal,China,EU27,3013.8585000000003
2023,nickel,refined_metal,China,RoW,14817.98845
2023,nickel,refined_metal,EU27,China,19584.2445
2023,nickel,refined_metal,EU27,EU27,129351.3685
2023,nickel,refined_metal,EU27,RoW,77832.28355
2023,nickel,refined_metal,RoW,China,1225275.21025
2023,nickel,refined_metal,RoW,EU27,300044.8719
2023,nickel,refined_metal,RoW,RoW,615269.62535
2023,nickel,scrap,China,China,0.0
2023,nickel,scrap,China,EU27,76.281
2023,nickel,scrap,China,RoW,5827.175
2023,nickel,scrap,EU27,China,0.031
2023,nickel,scrap,EU27,EU27,25896.119
2023,nickel,scrap,EU27,RoW,19299.839
2023,nickel,scrap,RoW,China,6909.429
2023,nickel,scrap,RoW,EU27,17040.448
2023,nickel,scrap,RoW,RoW,117535.32800000001
2023,tin,concentrates,China,China,0.0
2023,tin,concentrates,China,EU27,0.015
2023,tin,concentrates,China,RoW,138.475
2023,tin,concentrates,EU27,China,7.697
2023,tin,concentrates,EU27,EU27,573.116
2023,tin,concentrates,EU27,RoW,710.327
2023,tin,concentrates,RoW,China,60209.554
2023,tin,concentrates,RoW,EU27,643.425
2023,tin,concentrates,RoW,RoW,36047.719000000005
2023,tin,refined_metal,China,China,0.0
2023,tin,refined_metal,China,EU27,2633.889
2023,tin,refined_metal,China,RoW,10735.223
2023,tin,refined_metal,EU27,China,94.861
2023,tin,refined_metal,EU27,EU27,36479.476
2023,tin,refined_metal,EU27,RoW,6670.615
2023,tin,refined_metal,RoW,China,37074.566
2023,tin,refined_metal,RoW,EU27,45111.69
2023,tin,refined_metal,RoW,RoW,125960.359
2023,tin,scrap,China,China,0.0
2023,tin,scrap,China,EU27,5.917
2023,tin,scrap,China,RoW,132.37500000000003
2023,tin,scrap,EU27,China,0.232
2023,tin,scrap,EU27,EU27,5305.644
2023,tin,scrap,EU27,RoW,2199.059
2023,tin,scrap,RoW,China,1256.129
2023,tin,scrap,RoW,EU27,2148.288
2023,tin,scrap,RoW,RoW,130952.808
2023,zinc,concentrates,China,China,0.0
2023,zinc,concentrates,China,EU27,75.4004
2023,zinc,concentrates,China,RoW,3094.6392
2023,zinc,concentrates,EU27,China,49260.778399999996
2023,zinc,concentrates,EU27,EU27,1427387.0536000002
2023,zinc,concentrates,EU27,RoW,322102.377
2023,zinc,concentrates,RoW,China,4681286.7973
2023,zinc,concentrates,RoW,EU27,1255501.3209
2023,zinc,concentrates,RoW,RoW,5152117.8336
2023,zinc,refined_metal,China,China,0.0
2023,zinc,refined_metal,China,EU27,405.69859999999994
2023,zinc,refined_metal,China,RoW,27247.4593
2023,zinc,refined_metal,EU27,China,2829.8516
2023,zinc,refined_metal,EU27,EU27,1250100.6739
2023,zinc,refined_metal,EU27,RoW,389878.90650000004
2023,zinc,refined_metal,RoW,China,409456.9502
2023,zinc,refined_metal,RoW,EU27,465001.8786
2023,zinc,refined_metal,RoW,RoW,3052572.3934
2023,zinc,scrap,China,China,0.0
2023,zinc,scrap,China,EU27,133.459
2023,zinc,scrap,China,RoW,4439.8054999999995
2023,zinc,scrap,EU27,China,377.698
2023,zinc,scrap,EU27,EU27,415501.6805
2023,zinc,scrap,EU27,RoW,83075.5435
2023,zinc,scrap,RoW,China,39222.9685
2023,zinc,scrap,RoW,EU27,87620.1745
2023,zinc,scrap,RoW,RoW,426414.31
2024,nickel,concentrates,China,China,0.0
2024,nickel,concentrates,China,EU27,2.84985
2024,nickel,concentrates,China,RoW,272583.1142
2024,nickel,concentrates,EU27,China,51527.8015
2024,nickel,concentrates,EU27,EU27,6926.04665
2024,nickel,concentrates,EU27,RoW,56307.051699999996
2024,nickel,concentrates,RoW,China,38753273.488749996
2024,nickel,concentrates,RoW,EU27,211571.46335
2024,nickel,concentrates,RoW,RoW,14255497.668450002
2024,nickel,refined_metal,China,China,0.0
2024,nickel,refined_metal,China,EU27,4498.075150000001
2024,nickel,refined_metal,China,RoW,56723.85880000001
2024,nickel,refined_metal,EU27,China,25881.6345
2024,nickel,refined_metal,EU27,EU27,138544.57035
2024,nickel,refined_metal,EU27,RoW,78263.5693
2024,nickel,refined_metal,RoW,China,1505047.2092499998
2024,nickel,refined_metal,RoW,EU27,288463.49265
2024,nickel,refined_metal,RoW,RoW,611066.8075499999
2024,nickel,scrap,China,China,0.0
2024,nickel,scrap,China,EU27,9.45
2024,nickel,scrap,China,RoW,6156.197
2024,nickel,scrap,EU27,China,0.197
2024,nickel,scrap,EU27,EU27,31542.446
2024,nickel,scrap,EU27,RoW,28638.807
2024,nickel,scrap,RoW,China,4640.162
2024,nickel,scrap,RoW,EU27,22370.72
2024,nickel,scrap,RoW,RoW,109813.795
2024,tin,concentrates,China,China,0.0
2024,tin,concentrates,China,EU27,0.014
2024,tin,concentrates,China,RoW,361.20399999999995
2024,tin,concentrates,EU27,China,0.0
2024,tin,concentrates,EU27,EU27,217.67499999999998
2024,tin,concentrates,EU27,RoW,516.426
2024,tin,concentrates,RoW,China,81262.44200000001
2024,tin,concentrates,RoW,EU27,1097.536
2024,tin,concentrates,RoW,RoW,30728.319
2024,tin,refined_metal,China,China,0.0
2024,tin,refined_metal,China,EU27,3280.508
2024,tin,refined_metal,China,RoW,15269.984
2024,tin,refined_metal,EU27,China,51.076
2024,tin,refined_metal,EU27,EU27,36619.45
2024,tin,refined_metal,EU27,RoW,8502.687
2024,tin,refined_metal,RoW,China,25092.445
2024,tin,refined_metal,RoW,EU27,41660.095
2024,tin,refined_metal,RoW,RoW,118859.797
2024,tin,scrap,China,China,0.0
2024,tin,scrap,China,EU27,26.246
2024,tin,scrap,China,RoW,139.35
2024,tin,scrap,EU27,China,0.023
2024,tin,scrap,EU27,EU27,5527.496999999999
2024,tin,scrap,EU27,RoW,911.803
2024,tin,scrap,RoW,China,1533.641
2024,tin,scrap,RoW,EU27,3495.506
2024,tin,scrap,RoW,RoW,89293.871
2024,zinc,concentrates,China,China,0.0
2024,zinc,concentrates,China,EU27,396.2798
2024,zinc,concentrates,China,RoW,7649.2241
2024,zinc,concentrates,EU27,China,3267.1250000000005
2024,zinc,concentrates,EU27,EU27,1184579.4359
2024,zinc,concentrates,EU27,RoW,311709.3531
2024,zinc,concentrates,RoW,China,4151311.5655
2024,zinc,concentrates,RoW,EU27,1904226.3567000001
2024,zinc,concentrates,RoW,RoW,4339252.2311
2024,zinc,refined_metal,China,China,0.0
2024,zinc,refined_metal,China,EU27,161.6147
2024,zinc,refined_metal,China,RoW,30140.040900000004
2024,zinc,refined_metal,EU27,China,19201.829
2024,zinc,refined_metal,EU27,EU27,1247852.0326
2024,zinc,refined_metal,EU27,RoW,5594223.3899
2024,zinc,refined_metal,RoW,China,471415.8665
2024,zinc,refined_metal,RoW,EU27,321615.5748
2024,zinc,refined_metal,RoW,RoW,2619970.2114
2024,zinc,scrap,China,China,0.0
2024,zinc,scrap,China,EU27,12.124500000000001
2024,zinc,scrap,China,RoW,296.924
2024,zinc,scrap,EU27,China,0.065
2024,zinc,scrap,EU27,EU27,389743.57550000004
2024,zinc,scrap,EU27,RoW,76724.588
2024,zinc,scrap,RoW,China,51892.507000000005
2024,zinc,scrap,RoW,EU27,96478.4555
2024,zinc,scrap,RoW,RoW,319431.2385
