year,material,commodity,origin_region,destination_region,x0_kt,x1_kt,x_final_kt,residual_export_kt,residual_import_need_kt,pass_id
1995,nickel,concentrates,China,China,0.0,0.0,0.0,0.0,0.0,0
1995,nickel,concentrates,China,EU27,0.0,0.0,0.0,0.0,0.0,0
1995,nickel,concentrates,China,RoW,483.06224999999995,483.06224999999995,483.06224999999995,0.0,0.0,0
1995,nickel,concentrates,EU27,China,6.9375,6.9375,6.9375,0.0,0.0,0
1995,nickel,concentrates,EU27,EU27,15375.5132,15375.5132,15375.5132,0.0,0.0,0
1995,nickel,concentrates,EU27,RoW,51210.645350000006,51210.645350000006,51210.645350000006,0.0,0.0,0
1995,nickel,concentrates,RoW,China,116.0289,116.0289,116.0289,0.0,0.0,0
1995,nickel,concentrates,RoW,EU27,148878.9348,148878.9348,148878.9348,0.0,0.0,0
1995,nickel,concentrates,RoW,RoW,4857522.7089,4857522.7089,4857522.7089,0.0,0.0,0
1995,nickel,concentrates,China,China,0.0,0.0,0.0,0.0,0.0,1
1995,nickel,concentrates,China,EU27,0.0,0.0,0.0,0.0,0.0,1
1995,nickel,concentrates,China,RoW,0.0,0.0,483.06224999999995,0.0,0.0,1
1995,nickel,concentrates,EU27,China,0.0,0.0,6.9375,0.0,0.0,1
1995,nickel,concentrates,EU27,EU27,0.0,0.0,15375.5132,0.0,0.0,1
1995,nickel,concentrates,EU27,RoW,0.0,0.0,51210.645350000006,0.0,0.0,1
1995,nickel,concentrates,RoW,China,0.0,0.0,116.0289,0.0,0.0,1
1995,nickel,concentrates,RoW,EU27,0.0,0.0,148878.9348,0.0,0.0,1
1995,nickel,concentrates,RoW,RoW,0.0,0.0,4857522.7089,0.0,0.0,1
1995,nickel,refined_metal,China,China,0.0,0.0,0.0,0.0,0.0,0
1995,nickel,refined_metal,China,EU27,145.448,145.448,145.448,0.0,0.0,0
1995,nickel,refined_metal,China,RoW,7445.030750000001,7445.030750000001,7445.030750000001,0.0,0.0,0
1995,nickel,refined_metal,EU27,China,68.0335,68.0335,68.0335,0.0,0.0,0
1995,nickel,refined_metal,EU27,EU27,42797.537800000006,42797.537800000006,42797.537800000006,0.0,0.0,0
1995,nickel,refined_metal,EU27,RoW,31682.27565,31682.27565,31682.27565,0.0,0.0,0
1995,nickel,refined_metal,RoW,China,2207.6641,2207.6641,2207.6641,0.0,0.0,0
1995,nickel,refined_metal,RoW,EU27,258288.9772,258288.9772,258288.9772,0.0,0.0,0
1995,nickel,refined_metal,RoW,RoW,509190.4561,509190.4561,509190.4561,0.0,0.0,0
1995,nickel,refined_metal,China,China,0.0,0.0,0.0,0.0,0.0,1
1995,nickel,refined_metal,China,EU27,0.0,0.0,145.448,0.0,0.0,1
1995,nickel,refined_metal,China,RoW,0.0,0.0,7445.030750000001,0.0,0.0,1
1995,nickel,refined_metal,EU27,China,0.0,0.0,68.0335,0.0,0.0,1
1995,nickel,refined_metal,EU27,EU27,0.0,0.0,42797.537800000006,0.0,0.0,1
1995,nickel,refined_metal,EU27,RoW,0.0,0.0,31682.27565,0.0,0.0,1
1995,nickel,refined_metal,RoW,China,0.0,0.0,2207.6641,0.0,0.0,1
1995,nickel,refined_metal,RoW,EU27,0.0,0.0,258288.9772,0.0,0.0,1
1995,nickel,refined_metal,RoW,RoW,0.0,0.0,509190.4561,0.0,0.0,1
1995,nickel,scrap,China,China,0.0,0.0,0.0,0.0,0.0,0
1995,nickel,scrap,China,EU27,26.398000000000003,26.398000000000003,26.398000000000003,0.0,0.0,0
1995,nickel,scrap,China,RoW,770.5360000000001,770.5360000000001,770.5360000000001,0.0,0.0,0
1995,nickel,scrap,EU27,China,0.9999999999999999,0.9999999999999999,0.9999999999999999,0.0,0.0,0
1995,nickel,scrap,EU27,EU27,42553.651000000005,42553.651000000005,42553.651000000005,0.0,0.0,0
1995,nickel,scrap,EU27,RoW,8043.744,8043.744,8043.744,0.0,0.0,0
1995,nickel,scrap,RoW,China,567.57,567.57,567.57,0.0,0.0,0
1995,nickel,scrap,RoW,EU27,19180.928999999996,19180.928999999996,19180.928999999996,0.0,0.0,0
1995,nickel,scrap,RoW,RoW,44274.637,44274.637,44274.637,0.0,0.0,0
1995,nickel,scrap,China,China,0.0,0.0,0.0,0.0,0.0,1
1995,nickel,scrap,China,EU27,0.0,0.0,26.398000000000003,0.0,0.0,1
1995,nickel,scrap,China,RoW,0.0,0.0,770.5360000000001,0.0,0.0,1
1995,nickel,scrap,EU27,China,0.0,0.0,0.9999999999999999,0.0,0.0,1
1995,nickel,scrap,EU27,EU27,0.0,0.0,42553.651000000005,0.0,0.0,1
1995,nickel,scrap,EU27,RoW,0.0,0.0,8043.744,0.0,0.0,1
1995,nickel,scrap,RoW,China,0.0,0.0,567.57,0.0,0.0,1
1995,nickel,scrap,RoW,EU27,0.0,0.0,19180.928999999996,0.0,0.0,1
1995,nickel,scrap,RoW,RoW,0.0,0.0,44274.637,0.0,0.0,1
1995,tin,concentrates,China,China,0.0,0.0,0.0,0.0,0.0,0
1995,tin,concentrates,China,EU27,0.0,0.0,0.0,0.0,0.0,0
1995,tin,concentrates,China,RoW,2820.069,2820.069,2820.069,0.0,0.0,0
1995,tin,concentrates,EU27,China,0.0,0.0,0.0,0.0,0.0,0
1995,tin,concentrates,EU27,EU27,632.7330000000001,632.7330000000001,632.7330000000001,0.0,0.0,0
1995,tin,concentrates,EU27,RoW,10016.431,10016.431,10016.431,0.0,0.0,0
1995,tin,concentrates,RoW,China,110.73400000000001,110.73400000000001,110.73400000000001,0.0,0.0,0
1995,tin,concentrates,RoW,EU27,2569.484,2569.484,2569.484,0.0,0.0,0
1995,tin,concentrates,RoW,RoW,149140.23599999998,149140.23599999998,149140.23599999998,0.0,0.0,0
1995,tin,concentrates,China,China,0.0,0.0,0.0,0.0,0.0,1
1995,tin,concentrates,China,EU27,0.0,0.0,0.0,0.0,0.0,1
1995,tin,concentrates,China,RoW,0.0,0.0,2820.069,0.0,0.0,1
1995,tin,concentrates,EU27,China,0.0,0.0,0.0,0.0,0.0,1
1995,tin,concentrates,EU27,EU27,0.0,0.0,632.7330000000001,0.0,0.0,1
1995,tin,concentrates,EU27,RoW,0.0,0.0,10016.431,0.0,0.0,1
1995,tin,concentrates,RoW,China,0.0,0.0,110.73400000000001,0.0,0.0,1
1995,tin,concentrates,RoW,EU27,0.0,0.0,2569.484,0.0,0.0,1
1995,tin,concentrates,RoW,RoW,0.0,0.0,149140.23599999998,0.0,0.0,1
1995,tin,refined_metal,China,China,0.0,0.0,0.0,0.0,0.0,0
1995,tin,refined_metal,China,EU27,21185.845,21185.845,21185.845,0.0,0.0,0
1995,tin,refined_metal,China,RoW,45613.856,45613.856,45613.856,0.0,0.0,0
1995,tin,refined_metal,EU27,China,32.549,32.549,32.549,0.0,0.0,0
1995,tin,refined_metal,EU27,EU27,18132.945,18132.945,18132.945,0.0,0.0,0
1995,tin,refined_metal,EU27,RoW,5760.054,5760.054,5760.054,0.0,0.0,0
1995,tin,refined_metal,RoW,China,6739.594,6739.594,6739.594,0.0,0.0,0
1995,tin,refined_metal,RoW,EU27,39279.633,39279.633,39279.633,0.0,0.0,0
1995,tin,refined_metal,RoW,RoW,172946.765,172946.765,172946.765,0.0,0.0,0
1995,tin,refined_metal,China,China,0.0,0.0,0.0,0.0,0.0,1
1995,tin,refined_metal,China,EU27,0.0,0.0,21185.845,0.0,0.0,1
1995,tin,refined_metal,China,RoW,0.0,0.0,45613.856,0.0,0.0,1
1995,tin,refined_metal,EU27,China,0.0,0.0,32.549,0.0,0.0,1
1995,tin,refined_metal,EU27,EU27,0.0,0.0,18132.945,0.0,0.0,1
1995,tin,refined_metal,EU27,RoW,0.0,0.0,5760.054,0.0,0.0,1
1995,tin,refined_metal,RoW,China,0.0,0.0,6739.594,0.0,0.0,1
1995,tin,refined_metal,RoW,EU27,0.0,0.0,39279.633,0.0,0.0,1
1995,tin,refined_metal,RoW,RoW,0.0,0.0,172946.765,0.0,0.0,1
1995,tin,scrap,China,China,0.0,0.0,0.0,0.0,0.0,0
1995,tin,scrap,China,EU27,1.0,1.0,1.0,0.0,0.0,0
1995,tin,scrap,China,RoW,43.041,43.041,43.041,0.0,0.0,0
1995,tin,scrap,EU27,China,147.816,147.816,147.816,0.0,0.0,0
1995,tin,scrap,EU27,EU27,4319.306,4319.306,4319.306,0.0,0.0,0
1995,tin,scrap,EU27,RoW,449.57399999999996,449.57399999999996,449.57399999999996,0.0,0.0,0
1995,tin,scrap,RoW,China,1301.312,1301.312,1301.312,0.0,0.0,0
1995,tin,scrap,RoW,EU27,1801.4270000000001,1801.4270000000001,1801.4270000000001,0.0,0.0,0
1995,tin,scrap,RoW,RoW,28262.036999999997,28262.036999999997,28262.036999999997,0.0,0.0,0
1995,tin,scrap,China,China,0.0,0.0,0.0,0.0,0.0,1
1995,tin,scrap,China,EU27,0.0,0.0,1.0,0.0,0.0,1
1995,tin,scrap,China,RoW,0.0,0.0,43.041,0.0,0.0,1
1995,tin,scrap,EU27,China,0.0,0.0,147.816,0.0,0.0,1
1995,tin,scrap,EU27,EU27,0.0,0.0,4319.306,0.0,0.0,1
1995,tin,scrap,EU27,RoW,0.0,0.0,449.57399999999996,0.0,0.0,1
1995,tin,scrap,RoW,China,0.0,0.0,1301.312,0.0,0.0,1
1995,tin,scrap,RoW,EU27,0.0,0.0,1801.4270000000001,0.0,0.0,1
1995,tin,scrap,RoW,RoW,0.0,0.0,28262.036999999997,0.0,0.0,1
1995,zinc,concentrates,China,China,0.0,0.0,0.0,2.9103830456733704e-11,0.0,0
1995,zinc,concentrates,China,EU27,10633.2384,10633.238399999998,10633.238399999998,2.9103830456733704e-11,0.0,0
1995,zinc,concentrates,China,RoW,198745.4644,198745.46439999997,198745.46439999997,2.9103830456733704e-11,0.0,0
1995,zinc,concentrates,EU27,China,24.4887,24.488699999999998,24.488699999999998,0.0,0.0,0
1995,zinc,concentrates,EU27,EU27,921497.9537000001,921497.9537,921497.9537,0.0,0.0,0
1995,zinc,concentrates,EU27,RoW,277948.7463,277948.74629999994,277948.74629999994,0.0,0.0,0
1995,zinc,concentrates,RoW,China,90968.19060000002,90968.1906,90968.1906,0.0,0.0,0
1995,zinc,concentrates,RoW,EU27,2366321.9142000005,2366321.9142,2366321.9142,0.0,0.0,0
1995,zinc,concentrates,RoW,RoW,2724815.6680000005,2724815.668,2724815.668,0.0,0.0,0
1995,zinc,concentrates,China,China,0.0,0.0,0.0,2.9103830456733704e-11,0.0,1
1995,zinc,concentrates,China,EU27,0.0,0.0,10633.238399999998,2.9103830456733704e-11,0.0,1
1995,zinc,concentrates,China,RoW,0.0,0.0,198745.46439999997,2.9103830456733704e-11,0.0,1
1995,zinc,concentrates,EU27,China,0.0,0.0,24.488699999999998,0.0,0.0,1
1995,zinc,concentrates,EU27,EU27,0.0,0.0,921497.9537,0.0,0.0,1
1995,zinc,concentrates,EU27,RoW,0.0,0.0,277948.74629999994,0.0,0.0,1
1995,zinc,concentrates,RoW,China,0.0,0.0,90968.1906,0.0,0.0,1
1995,zinc,concentrates,RoW,EU27,0.0,0.0,2366321.9142,0.0,0.0,1
1995,zinc,concentrates,RoW,RoW,0.0,0.0,2724815.668,0.0,0.0,1
1995,zinc,refined_metal,China,China,0.0,0.0,0.0,5.820766091346741e-11,0.0,0
1995,zinc,refined_metal,China,EU27,10519.919600000003,10519.919600000003,10519.919600000003,5.820766091346741e-11,0.0,0
1995,zinc,refined_metal,China,RoW,275909.7671,275909.76709999994,275909.76709999994,5.820766091346741e-11,0.0,0
1995,zinc,refined_metal,EU27,China,512.2153000000002,512.2153000000002,512.2153000000002,0.0,0.0,0
1995,zinc,refined_metal,EU27,EU27,868013.3623,868013.3623,868013.3623,0.0,0.0,0
1995,zinc,refined_metal,EU27,RoW,420656.4687,420656.4686999999,420656.4686999999,0.0,0.0,0
1995,zinc,refined_metal,RoW,China,15112.5854,15112.5854,15112.5854,2.3283064365386963e-10,0.0,0
1995,zinc,refined_metal,RoW,EU27,317153.6323,317153.6323,317153.6323,2.3283064365386963e-10,0.0,0
1995,zinc,refined_metal,RoW,RoW,1549352.016,1549352.0159999998,1549352.0159999998,2.3283064365386963e-10,0.0,0
1995,zinc,refined_metal,China,China,0.0,0.0,0.0,5.820766091346741e-11,0.0,1
1995,zinc,refined_metal,China,EU27,0.0,0.0,10519.919600000003,5.820766091346741e-11,0.0,1
1995,zinc,refined_metal,China,RoW,0.0,0.0,275909.76709999994,5.820766091346741e-11,0.0,1
1995,zinc,refined_metal,EU27,China,0.0,0.0,512.2153000000002,0.0,0.0,1
1995,zinc,refined_metal,EU27,EU27,0.0,0.0,868013.3623,0.0,0.0,1
1995,zinc,refined_metal,EU27,RoW,0.0,0.0,420656.4686999999,0.0,0.0,1
1995,zinc,refined_metal,RoW,China,0.0,0.0,15112.5854,2.3283064365386963e-10,0.0,1
1995,zinc,refined_metal,RoW,EU27,0.0,0.0,317153.6323,2.3283064365386963e-10,0.0,1
1995,zinc,refined_metal,RoW,RoW,0.0,0.0,1549352.0159999998,2.3283064365386963e-10,0.0,1
1995,zinc,scrap,China,China,0.0,0.0,0.0,0.0,0.0,0
1995,zinc,scrap,China,EU27,35.0,35.0,35.0,0.0,0.0,0
1995,zinc,scrap,China,RoW,11034.1775,11034.1775,11034.1775,0.0,0.0,0
1995,zinc,scrap,EU27,China,6961.754,6961.754,6961.754,0.0,0.0,0
1995,zinc,scrap,EU27,EU27,164416.627,164416.627,164416.627,0.0,0.0,0
1995,zinc,scrap,EU27,RoW,89652.224,89652.224,89652.224,0.0,0.0,0
1995,zinc,scrap,RoW,China,15520.628000000002,15520.628000000002,15520.628000000002,0.0,0.0,0
1995,zinc,scrap,RoW,EU27,39233.2875,39233.2875,39233.2875,0.0,0.0,0
1995,zinc,scrap,RoW,RoW,191538.485,191538.485,191538.485,0.0,0.0,0
1995,zinc,scrap,China,China,0.0,0.0,0.0,0.0,0.0,1
1995,zinc,scrap,China,EU27,0.0,0.0,35.0,0.0,0.0,1
1995,zinc,scrap,China,RoW,0.0,0.0,11034.1775,0.0,0.0,1
1995,zinc,scrap,EU27,China,0.0,0.0,6961.754,0.0,0.0,1
1995,zinc,scrap,EU27,EU27,0.0,0.0,164416.627,0.0,0.0,1
1995,zinc,scrap,EU27,RoW,0.0,0.0,89652.224,0.0,0.0,1
1995,zinc,scrap,RoW,China,0.0,0.0,15520.628000000002,0.0,0.0,1
1995,zinc,scrap,RoW,EU27,0.0,0.0,39233.2875,0.0,0.0,1
1995,zinc,scrap,RoW,RoW,0.0,0.0,191538.485,0.0,0.0,1
1996,nickel,concentrates,China,China,0.0,0.0,0.0,0.0,4316.377724787444,0
1996,nickel,concentrates,China,EU27,0.0,0.0,0.0,0.0,20736.550265881408,0
1996,nickel,concentrates,China,RoW,53.7162,53.7162,53.7162,0.0,247041.72682183143,0
1996,nickel,concentrates,EU27,China,81.1341358676901,81.1341358676901,81.1341358676901,0.0,4316.377724787444,0
1996,nickel,concentrates,EU27,EU27,6437.533659032464,6437.533659032464,6437.533659032464,0.0,20736.550265881408,0
1996,nickel,concentrates,EU27,RoW,35882.74495509985,35882.74495509985,35882.74495509985,0.0,247041.72682183143,0
1996,nickel,concentrates,RoW,China,4006.475089344867,4006.475089344867,4006.475089344867,9.313225746154785e-10,4316.377724787444,0
1996,nickel,concentrates,RoW,EU27,187783.14897508608,187783.14897508608,187783.14897508608,9.313225746154785e-10,20736.550265881408,0
1996,nickel,concentrates,RoW,RoW,5631012.012973068,5631012.012973068,5631012.012973068,9.313225746154785e-10,247041.72682183143,0
1996,nickel,concentrates,China,China,0.0,0.0,0.0,0.0,4316.377724787443,1
1996,nickel,concentrates,China,EU27,0.0,0.0,0.0,0.0,20736.55026588138,1
1996,nickel,concentrates,China,RoW,0.0,0.0,53.7162,0.0,247041.7268218305,1
1996,nickel,concentrates,EU27,China,0.0,0.0,81.1341358676901,0.0,4316.377724787443,1
1996,nickel,concentrates,EU27,EU27,0.0,0.0,6437.533659032464,0.0,20736.55026588138,1
1996,nickel,concentrates,EU27,RoW,0.0,0.0,35882.74495509985,0.0,247041.7268218305,1
1996,nickel,concentrates,RoW,China,6.408119197479388e-13,6.408119197479388e-13,4006.4750893448672,0.0,4316.377724787443,1
1996,nickel,concentrates,RoW,EU27,3.003480054351589e-11,3.003480054351589e-11,187783.1489750861,0.0,20736.55026588138,1
1996,nickel,concentrates,RoW,RoW,9.006469621522147e-10,9.006469621522147e-10,5631012.012973069,0.0,247041.7268218305,1
1996,nickel,refined_metal,China,China,0.0,0.0,0.0,5.691075772346494,9891.402374122401,0
1996,nickel,refined_metal,China,EU27,88.57193840697467,82.88086263462819,82.88086263462819,5.691075772346494,0.0,0
1996,nickel,refined_metal,China,RoW,650.9098615930253,650.9098615930253,650.9098615930253,5.691075772346494,10129.597868020646,0
1996,nickel,refined_metal,EU27,China,146.75063213973803,146.75063213973803,146.75063213973803,3399.955870448044,9891.402374122401,0
1996,nickel,refined_metal,EU27,EU27,52914.54445344586,49514.588582997814,49514.588582997814,3399.955870448044,0.0,0
1996,nickel,refined_metal,EU27,RoW,30688.839089414407,30688.839089414407,30688.839089414407,3399.955870448044,10129.597868020646,0
1996,nickel,refined_metal,RoW,China,11820.266043737862,11820.266043737862,11820.266043737862,13547.924220922636,9891.402374122401,0
1996,nickel,refined_metal,RoW,EU27,210850.45387529023,197302.52965436756,197302.52965436756,13547.924220922636,0.0,0
1996,nickel,refined_metal,RoW,RoW,477102.58423097193,477102.58423097193,477102.58423097193,13547.924220922636,10129.597868020646,0
1996,nickel,refined_metal,China,China,0.0,0.0,0.0,2.2203463169481665,9547.685057915165,1
1996,nickel,refined_metal,China,EU27,0.0,0.0,82.88086263462819,2.2203463169481665,0.0,1
1996,nickel,refined_metal,China,RoW,5.691075772346494,3.4707294553983763,654.3805910484236,2.2203463169481665,0.0,1
1996,nickel,refined_metal,EU27,China,16.180837718394585,16.180837718394585,162.93146985813263,1320.163837531276,9547.685057915165,1
1996,nickel,refined_metal,EU27,EU27,0.0,0.0,49514.588582997814,1320.163837531276,0.0,1
1996,nickel,refined_metal,EU27,RoW,3383.7750327296494,2063.611195198364,32752.450284612773,1320.163837531276,0.0,1
1996,nickel,refined_metal,RoW,China,327.5364784888415,327.5364784888415,12147.802522226702,5157.871799066896,9547.685057915165,1
1996,nickel,refined_metal,RoW,EU27,0.0,0.0,197302.52965436756,5157.871799066896,0.0,1
1996,nickel,refined_metal,RoW,RoW,13220.387742433793,8062.515943366884,485165.1001743388,5157.871799066896,0.0,1
1996,nickel,scrap,China,China,0.0,0.0,0.0,0.01712264349308157,0.0,0
1996,nickel,scrap,China,EU27,2.638445210017392,2.621322566524291,2.621322566524291,0.01712264349308157,0.0,0
1996,nickel,scrap,China,RoW,156.66655478998263,156.66655478998263,156.66655478998263,0.01712264349308157,2684.049786078751,0
1996,nickel,scrap,EU27,China,2.294550785652391,1.378134200796608,1.378134200796608,150.0984113593404,0.0,0
1996,nickel,scrap,EU27,EU27,22987.60233442764,22838.420339653156,22838.420339653156,150.0984113593404,0.0,0
1996,nickel,scrap,EU27,RoW,6817.697114786703,6817.697114786703,6817.697114786703,150.0984113593404,2684.049786078751,0
1996,nickel,scrap,RoW,China,440.104374444763,264.33186579920346,264.33186579920346,320.0445020759071,0.0,0
1996,nickel,scrap,RoW,EU27,22231.01533121068,22086.743337780328,22086.743337780328,320.0445020759071,0.0,0
1996,nickel,scrap,RoW,RoW,47993.68554434457,47993.68554434457,47993.68554434457,320.0445020759071,2684.049786078751,0
1996,nickel,scrap,China,China,0.0,0.0,0.0,0.0,0.0,1
1996,nickel,scrap,China,EU27,0.0,0.0,2.621322566524291,0.0,0.0,1
1996,nickel,scrap,China,RoW,0.01712264349308157,0.01712264349308157,156.6836774334757,0.0,2213.8897500000094,1
1996,nickel,scrap,EU27,China,0.0,0.0,1.378134200796608,0.0,0.0,1
1996,nickel,scrap,EU27,EU27,0.0,0.0,22838.420339653156,0.0,0.0,1
1996,nickel,scrap,EU27,RoW,150.0984113593404,150.0984113593404,6967.795526146044,0.0,2213.8897500000094,1
1996,nickel,scrap,RoW,China,0.0,0.0,264.33186579920346,0.0,0.0,1
1996,nickel,scrap,RoW,EU27,0.0,0.0,22086.743337780328,0.0,0.0,1
1996,nickel,scrap,RoW,RoW,320.0445020759071,320.0445020759071,48313.730046420475,0.0,2213.8897500000094,1
1996,tin,concentrates,China,China,0.0,0.0,0.0,454.741341314344,182.79137489798438,0
1996,tin,concentrates,China,EU27,9.07988177455932,9.07988177455932,9.07988177455932,454.741341314344,55147.60311851695,0
1996,tin,concentrates,China,RoW,4592.1363682254405,4137.3950269110965,4137.3950269110965,454.741341314344,0.0,0
1996,tin,concentrates,EU27,China,0.0,0.0,0.0,1081.1212993015415,182.79137489798438,0
1996,tin,concentrates,EU27,EU27,1006.825011899621,1006.825011899621,1006.825011899621,1081.1212993015415,55147.60311851695,0
1996,tin,concentrates,EU27,RoW,10917.53923810038,9836.417938798839,9836.417938798839,1081.1212993015415,0.0,0
1996,tin,concentrates,RoW,China,308.28962510201563,308.28962510201563,308.28962510201563,20050.19160279908,182.79137489798438,0
1996,tin,concentrates,RoW,EU27,47215.02298780887,47215.02298780887,47215.02298780887,20050.19160279908,55147.60311851695,0
1996,tin,concentrates,RoW,RoW,202473.8146370891,182423.62303429004,182423.62303429004,20050.19160279908,0.0,0
1996,tin,concentrates,China,China,0.0,0.0,0.0,0.0,52.72329435826174,1
1996,tin,concentrates,China,EU27,454.741341314344,454.741341314344,463.82122308890337,0.0,33691.616955641715,1
1996,tin,concentrates,China,RoW,0.0,0.0,4137.3950269110965,0.0,0.0,1
1996,tin,concentrates,EU27,China,0.0,0.0,0.0,0.0,52.72329435826174,1
1996,tin,concentrates,EU27,EU27,1081.1212993015415,1081.1212993015415,2087.9463112011626,0.0,33691.616955641715,1
1996,tin,concentrates,EU27,RoW,0.0,0.0,9836.417938798839,0.0,0.0,1
1996,tin,concentrates,RoW,China,130.06808053972264,130.06808053972264,438.3577056417383,0.0,52.72329435826174,1
1996,tin,concentrates,RoW,EU27,19920.123522259357,19920.123522259357,67135.14651006823,0.0,33691.616955641715,1
1996,tin,concentrates,RoW,RoW,0.0,0.0,182423.62303429004,0.0,0.0,1
1996,tin,refined_metal,China,China,0.0,0.0,0.0,7.275957614183426e-12,430.4203879795605,0
1996,tin,refined_metal,China,EU27,18206.63732894332,18206.63732894332,18206.63732894332,7.275957614183426e-12,2983.330108364491,0
1996,tin,refined_metal,China,RoW,33676.292671056675,33676.292671056675,33676.292671056675,7.275957614183426e-12,990.4437536559417,0
1996,tin,refined_metal,EU27,China,29.676304586509637,29.676304586509637,29.676304586509637,0.0,430.4203879795605,0
1996,tin,refined_metal,EU27,EU27,19270.589905642188,19270.589905642188,19270.589905642188,0.0,2983.330108364491,0
1996,tin,refined_metal,EU27,RoW,5520.817039771299,5520.817039771299,5520.817039771299,0.0,990.4437536559417,0
1996,tin,refined_metal,RoW,China,7415.982307433929,7415.982307433929,7415.982307433929,0.0,430.4203879795605,0
1996,tin,refined_metal,RoW,EU27,41294.94665705,41294.94665705,41294.94665705,0.0,2983.330108364491,0
1996,tin,refined_metal,RoW,RoW,182572.11053551608,182572.11053551608,182572.11053551608,0.0,990.4437536559417,0
1996,tin,refined_metal,China,China,0.0,0.0,0.0,0.0,430.4203879795605,1
1996,tin,refined_metal,China,EU27,2.5532621519679277e-12,2.5532621519679277e-12,18206.637328943325,0.0,2983.3301083644765,1
1996,tin,refined_metal,China,RoW,4.722695462215498e-12,4.722695462215498e-12,33676.29267105668,0.0,990.4437536559417,1
1996,tin,refined_metal,EU27,China,0.0,0.0,29.676304586509637,0.0,430.4203879795605,1
1996,tin,refined_metal,EU27,EU27,0.0,0.0,19270.589905642188,0.0,2983.3301083644765,1
1996,tin,refined_metal,EU27,RoW,0.0,0.0,5520.817039771299,0.0,990.4437536559417,1
1996,tin,refined_metal,RoW,China,0.0,0.0,7415.982307433929,0.0,430.4203879795605,1
1996,tin,refined_metal,RoW,EU27,0.0,0.0,41294.94665705,0.0,2983.3301083644765,1
1996,tin,refined_metal,RoW,RoW,0.0,0.0,182572.11053551608,0.0,990.4437536559417,1
1996,tin,scrap,China,China,0.0,0.0,0.0,0.0508983751018377,0.0,0
1996,tin,scrap,China,EU27,3.7610683058521275,3.7101699307502782,3.7101699307502782,0.0508983751018377,0.0,0
1996,tin,scrap,China,RoW,65.85493169414788,65.85493169414788,65.85493169414788,0.0508983751018377,410.9300772031129,0
1996,tin,scrap,EU27,China,83.02510871324971,72.47096661886997,72.47096661886997,76.19358598810231,0.0,0
1996,tin,scrap,EU27,EU27,4850.340144423722,4784.70070053,4784.70070053,76.19358598810231,0.0,0
1996,tin,scrap,EU27,RoW,589.842246863027,589.842246863027,589.842246863027,76.19358598810231,410.9300772031129,0
1996,tin,scrap,RoW,China,869.135427062001,758.6510333811301,758.6510333811301,123.99009283990745,0.0,0
1996,tin,scrap,RoW,EU27,997.9858286982826,984.480129539249,984.480129539249,123.99009283990745,0.0,0
1996,tin,scrap,RoW,RoW,19997.366744239713,19997.366744239713,19997.366744239713,123.99009283990745,410.9300772031129,0
1996,tin,scrap,China,China,0.0,0.0,0.0,0.0,0.0,1
1996,tin,scrap,China,EU27,0.0,0.0,3.7101699307502782,0.0,0.0,1
1996,tin,scrap,China,RoW,0.0508983751018377,0.0508983751018377,65.90583006924972,0.0,210.695499999998,1
1996,tin,scrap,EU27,China,0.0,0.0,72.47096661886997,0.0,0.0,1
1996,tin,scrap,EU27,EU27,0.0,0.0,4784.70070053,0.0,0.0,1
1996,tin,scrap,EU27,RoW,76.19358598810231,76.19358598810231,666.0358328511293,0.0,210.695499999998,1
1996,tin,scrap,RoW,China,0.0,0.0,758.6510333811301,0.0,0.0,1
1996,tin,scrap,RoW,EU27,0.0,0.0,984.480129539249,0.0,0.0,1
1996,tin,scrap,RoW,RoW,123.99009283990745,123.99009283990745,20121.35683707962,0.0,210.695499999998,1
1996,zinc,concentrates,China,China,0.0,0.0,0.0,2811.822676083204,97922.38761599228,0
1996,zinc,concentrates,China,EU27,5214.992352539414,5214.992352539414,5214.992352539414,2811.822676083204,412124.5159796579,0
1996,zinc,concentrates,China,RoW,92868.9744474606,90057.1517713774,90057.1517713774,2811.822676083204,0.0,0
1996,zinc,concentrates,EU27,China,22.874794480692216,22.874794480692216,22.874794480692216,9517.46000200091,97922.38761599228,0
1996,zinc,concentrates,EU27,EU27,1546553.7609338234,1546553.7609338234,1546553.7609338234,9517.46000200091,412124.5159796579,0
1996,zinc,concentrates,EU27,RoW,314342.9908466959,304825.530844695,304825.530844695,9517.46000200091,0.0,0
1996,zinc,concentrates,RoW,China,189700.37428952707,189700.37428952707,189700.37428952707,88493.03929256648,97922.38761599228,0
1996,zinc,concentrates,RoW,EU27,2635879.6107339794,2635879.6107339794,2635879.6107339794,88493.03929256648,412124.5159796579,0
1996,zinc,concentrates,RoW,RoW,2922751.0947764944,2834258.0554839275,2834258.0554839275,88493.03929256648,0.0,0
1996,zinc,concentrates,China,China,0.0,0.0,0.0,0.0,91981.10811986245,1
1996,zinc,concentrates,China,EU27,2811.822676083204,2811.822676083204,8026.815028622618,0.0,317243.47350513656,1
1996,zinc,concentrates,China,RoW,0.0,0.0,90057.1517713774,0.0,0.0,1
1996,zinc,concentrates,EU27,China,0.14076893216575506,0.14076893216575506,23.015563412857972,0.0,91981.10811986245,1
1996,zinc,concentrates,EU27,EU27,9517.319233068743,9517.319233068743,1556071.0801668921,0.0,317243.47350513656,1
1996,zinc,concentrates,EU27,RoW,0.0,0.0,304825.530844695,0.0,0.0,1
1996,zinc,concentrates,RoW,China,5941.138727197642,5941.138727197642,195641.51301672473,0.0,91981.10811986245,1
1996,zinc,concentrates,RoW,EU27,82551.90056536884,82551.90056536884,2718431.5112993484,0.0,317243.47350513656,1
1996,zinc,concentrates,RoW,RoW,0.0,0.0,2834258.0554839275,0.0,0.0,1
1996,zinc,refined_metal,China,China,0.0,0.0,0.0,40.1193027436384,0.0,0
1996,zinc,refined_metal,China,EU27,6760.24865756883,6720.129354825183,6720.129354825183,40.1193027436384,0.0,0
1996,zinc,refined_metal,China,RoW,256257.9835424312,256257.9835424312,256257.9835424312,40.1193027436384,50725.24221063778,0
1996,zinc,refined_metal,EU27,China,745.4232662584684,725.7312416898634,725.7312416898634,5500.663811254315,0.0,0
1996,zinc,refined_metal,EU27,EU27,923563.7119586172,918082.7401719316,918082.7401719316,5500.663811254315,0.0,0
1996,zinc,refined_metal,EU27,RoW,468501.7764501244,468501.7764501244,468501.7764501244,5500.663811254315,50725.24221063778,0
1996,zinc,refined_metal,RoW,China,14632.529589406502,14245.978558310135,14245.978558310135,2210.5237216399983,0.0,0
1996,zinc,refined_metal,RoW,EU27,307346.0426637868,305522.0699732431,305522.0699732431,2210.5237216399983,0.0,0
1996,zinc,refined_metal,RoW,RoW,1584932.6021968066,1584932.6021968066,1584932.6021968066,2210.5237216399983,50725.24221063778,0
1996,zinc,refined_metal,China,China,0.0,0.0,0.0,0.0,0.0,1
1996,zinc,refined_metal,China,EU27,0.0,0.0,6720.129354825183,0.0,0.0,1
1996,zinc,refined_metal,China,RoW,40.1193027436384,40.1193027436384,256298.10284517484,0.0,42973.935374999885,1
1996,zinc,refined_metal,EU27,China,0.0,0.0,725.7312416898634,0.0,0.0,1
1996,zinc,refined_metal,EU27,EU27,0.0,0.0,918082.7401719316,0.0,0.0,1
1996,zinc,refined_metal,EU27,RoW,5500.663811254315,5500.663811254315,474002.4402613787,0.0,42973.935374999885,1
1996,zinc,refined_metal,RoW,China,0.0,0.0,14245.978558310135,0.0,0.0,1
1996,zinc,refined_metal,RoW,EU27,0.0,0.0,305522.0699732431,0.0,0.0,1
1996,zinc,refined_metal,RoW,RoW,2210.5237216399983,2210.5237216399983,1587143.1259184466,0.0,42973.935374999885,1
1996,zinc,scrap,China,China,0.0,0.0,0.0,3.0501788200967894,4.1918339172698325,0
1996,zinc,scrap,China,EU27,27.521517463695925,27.521517463695925,27.521517463695925,3.0501788200967894,11118.999634787731,0
1996,zinc,scrap,China,RoW,3939.3664825363044,3936.316303716207,3936.316303716207,3.0501788200967894,0.0,0
1996,zinc,scrap,EU27,China,7907.982946484775,7907.982946484775,7907.982946484775,76.98500034655444,4.1918339172698325,0
1996,zinc,scrap,EU27,EU27,186442.61969772968,186442.61969772968,186442.61969772968,76.98500034655444,11118.999634787731,0
1996,zinc,scrap,EU27,RoW,99427.65585578556,99350.670855439,99350.670855439,76.98500034655444,0.0,0
1996,zinc,scrap,RoW,China,13145.510719597956,13145.510719597956,13145.510719597956,127.27178953835391,4.1918339172698325,0
1996,zinc,scrap,RoW,EU27,36877.90665001889,36877.90665001889,36877.90665001889,127.27178953835391,11118.999634787731,0
1996,zinc,scrap,RoW,RoW,164374.04213038317,164246.77034084479,164246.77034084479,127.27178953835391,0.0,0
1996,zinc,scrap,China,China,0.0,0.0,0.0,0.0,0.0,1
1996,zinc,scrap,China,EU27,3.0501788200967894,3.0501788200967894,30.571696283792715,0.0,10948.270518485398,1
1996,zinc,scrap,China,RoW,0.0,0.0,3936.316303716207,0.0,0.0,1
1996,zinc,scrap,EU27,China,3.132462990043628,0.35898128905148263,7908.341927773827,2.773481700976845,0.0,1
1996,zinc,scrap,EU27,EU27,73.85253735651081,73.85253735651081,186516.4722350862,2.773481700976845,10948.270518485398,1
1996,zinc,scrap,EU27,RoW,0.0,0.0,99350.670855439,2.773481700976845,0.0,1
1996,zinc,scrap,RoW,China,33.445389412659814,3.8328526282183497,13149.343572226175,29.612536784436088,0.0,1
1996,zinc,scrap,RoW,EU27,93.82640012569411,93.82640012569411,36971.73305014459,29.612536784436088,10948.270518485398,1
1996,zinc,scrap,RoW,RoW,0.0,0.0,164246.77034084479,29.612536784436088,0.0,1
1997,nickel,concentrates,China,China,0.0,0.0,0.0,0.0,17165.38543597363,0
1997,nickel,concentrates,China,EU27,0.0,0.0,0.0,0.0,27395.40303952995,0
1997,nickel,concentrates,China,RoW,2268.39275,2268.39275,2268.39275,0.0,96321.828449497,0
1997,nickel,concentrates,EU27,China,118.45142647163347,118.45142647163347,118.45142647163347,0.0,17165.38543597363,0
1997,nickel,concentrates,EU27,EU27,6682.525200002064,6682.525200002064,6682.525200002064,0.0,27395.40303952995,0
1997,nickel,concentrates,EU27,RoW,52125.0145735263,52125.0145735263,52125.0145735263,0.0,96321.828449497,0
1997,nickel,concentrates,RoW,China,12542.325637554735,12542.325637554735,12542.325637554735,0.0,17165.38543597363,0
1997,nickel,concentrates,RoW,EU27,214318.26691046797,214318.26691046797,214318.26691046797,0.0,27395.40303952995,0
1997,nickel,concentrates,RoW,RoW,6007132.985726977,6007132.985726977,6007132.985726977,0.0,96321.828449497,0
1997,nickel,concentrates,China,China,0.0,0.0,0.0,0.0,17165.38543597363,1
1997,nickel,concentrates,China,EU27,0.0,0.0,0.0,0.0,27395.40303952995,1
1997,nickel,concentrates,China,RoW,0.0,0.0,2268.39275,0.0,96321.828449497,1
1997,nickel,concentrates,EU27,China,0.0,0.0,118.45142647163347,0.0,17165.38543597363,1
1997,nickel,concentrates,EU27,EU27,0.0,0.0,6682.525200002064,0.0,27395.40303952995,1
1997,nickel,concentrates,EU27,RoW,0.0,0.0,52125.0145735263,0.0,96321.828449497,1
1997,nickel,concentrates,RoW,China,0.0,0.0,12542.325637554735,0.0,17165.38543597363,1
1997,nickel,concentrates,RoW,EU27,0.0,0.0,214318.26691046797,0.0,27395.40303952995,1
1997,nickel,concentrates,RoW,RoW,0.0,0.0,6007132.985726977,0.0,96321.828449497,1
1997,nickel,refined_metal,China,China,0.0,0.0,0.0,11.80744034057625,0.0,0
1997,nickel,refined_metal,China,EU27,575.2390306798458,575.2390306798458,575.2390306798458,11.80744034057625,17067.474171561887,0
1997,nickel,refined_metal,China,RoW,6379.699719320154,6367.892278979577,6367.892278979577,11.80744034057625,0.0,0
1997,nickel,refined_metal,EU27,China,221.94171163121828,104.47564051228946,104.47564051228946,179.1506380486826,0.0,0
1997,nickel,refined_metal,EU27,EU27,64116.93296158504,64116.93296158504,64116.93296158504,179.1506380486826,17067.474171561887,0
1997,nickel,refined_metal,EU27,RoW,33328.90135178375,33267.21678485399,33267.21678485399,179.1506380486826,0.0,0
1997,nickel,refined_metal,RoW,China,9645.951160172055,4540.682859487711,4540.682859487711,6026.303318172577,0.0,0
1997,nickel,refined_metal,RoW,EU27,222426.85368617324,222426.85368617324,222426.85368617324,6026.303318172577,17067.474171561887,0
1997,nickel,refined_metal,RoW,RoW,497646.11745365476,496725.08243616647,496725.08243616647,6026.303318172577,0.0,0
1997,nickel,refined_metal,China,China,0.0,0.0,0.0,0.0,0.0,1
1997,nickel,refined_metal,China,EU27,11.80744034057625,11.80744034057625,587.046471020422,0.0,10850.21277500008,1
1997,nickel,refined_metal,China,RoW,0.0,0.0,6367.892278979577,0.0,0.0,1
1997,nickel,refined_metal,EU27,China,0.0,0.0,104.47564051228946,0.0,0.0,1
1997,nickel,refined_metal,EU27,EU27,179.1506380486826,179.1506380486826,64296.08359963372,0.0,10850.21277500008,1
1997,nickel,refined_metal,EU27,RoW,0.0,0.0,33267.21678485399,0.0,0.0,1
1997,nickel,refined_metal,RoW,China,0.0,0.0,4540.682859487711,0.0,0.0,1
1997,nickel,refined_metal,RoW,EU27,6026.303318172577,6026.303318172577,228453.15700434582,0.0,10850.21277500008,1
1997,nickel,refined_metal,RoW,RoW,0.0,0.0,496725.08243616647,0.0,0.0,1
1997,nickel,scrap,China,China,0.0,0.0,0.0,10.102655159976734,0.0,0
1997,nickel,scrap,China,EU27,42.22756846751405,32.124913307537234,32.124913307537234,10.102655159976734,0.0,0
1997,nickel,scrap,China,RoW,791.628431532486,791.628431532486,791.628431532486,10.102655159976734,67859.83581348894,0
1997,nickel,scrap,EU27,China,2.5545508493035864,1.9698323459895697,1.9698323459895697,5198.313408672522,0.0,0
1997,nickel,scrap,EU27,EU27,21725.718701081154,16527.990010911948,16527.990010911948,5198.313408672522,0.0,0
1997,nickel,scrap,EU27,RoW,8563.551748069542,8563.551748069542,8563.551748069542,5198.313408672522,67859.83581348894,0
1997,nickel,scrap,RoW,China,646.1413146313774,498.2441676540104,498.2441676540104,7801.510749656445,0.0,0
1997,nickel,scrap,RoW,EU27,31990.94567845959,24337.332075780512,24337.332075780512,7801.510749656445,0.0,0
1997,nickel,scrap,RoW,RoW,95054.59500690903,95054.59500690903,95054.59500690903,7801.510749656445,67859.83581348894,0
1997,nickel,scrap,China,China,0.0,0.0,0.0,0.0,0.0,1
1997,nickel,scrap,China,EU27,0.0,0.0,32.124913307537234,0.0,0.0,1
1997,nickel,scrap,China,RoW,10.102655159976734,10.102655159976734,801.7310866924628,0.0,54849.909,1
1997,nickel,scrap,EU27,China,0.0,0.0,1.9698323459895697,0.0,0.0,1
1997,nickel,scrap,EU27,EU27,0.0,0.0,16527.990010911948,0.0,0.0,1
1997,nickel,scrap,EU27,RoW,5198.313408672522,5198.313408672522,13761.865156742064,0.0,54849.909,1
1997,nickel,scrap,RoW,China,0.0,0.0,498.2441676540104,0.0,0.0,1
1997,nickel,scrap,RoW,EU27,0.0,0.0,24337.332075780512,0.0,0.0,1
1997,nickel,scrap,RoW,RoW,7801.510749656445,7801.510749656445,102856.10575656548,0.0,54849.909,1
1997,tin,concentrates,China,China,0.0,0.0,0.0,30.205828275195017,351.43507050349143,0
1997,tin,concentrates,China,EU27,38.12112668564927,7.91529841045375,7.91529841045375,30.205828275195017,0.0,0
1997,tin,concentrates,China,RoW,3094.440873314351,3094.440873314351,3094.440873314351,30.205828275195017,9198.776388050974,0
1997,tin,concentrates,EU27,China,0.0,0.0,0.0,445.20908968971344,351.43507050349143,0
1997,tin,concentrates,EU27,EU27,561.8740845322608,116.66499484254717,116.66499484254717,445.20908968971344,0.0,0
1997,tin,concentrates,EU27,RoW,8307.41691546774,8307.41691546774,8307.41691546774,445.20908968971344,9198.776388050974,0
1997,tin,concentrates,RoW,China,280.6649294965086,280.6649294965086,280.6649294965086,9074.796540589552,351.43507050349143,0
1997,tin,concentrates,RoW,EU27,11452.805247336546,2378.008706746999,2378.008706746999,9074.796540589552,0.0,0
1997,tin,concentrates,RoW,RoW,73370.09782316696,73370.09782316696,73370.09782316696,9074.796540589552,9198.776388050974,0
1997,tin,concentrates,China,China,0.0,0.0,0.0,1.0057994427393169,316.8532544289849,1
1997,tin,concentrates,China,EU27,0.0,0.0,7.91529841045375,1.0057994427393169,0.0,1
1997,tin,concentrates,China,RoW,30.205828275195017,29.200028832455875,3123.6409021468066,1.0057994427393169,0.0,1
1997,tin,concentrates,EU27,China,0.0,0.0,0.0,14.824657355284216,316.8532544289849,1
1997,tin,concentrates,EU27,EU27,0.0,0.0,116.66499484254717,14.824657355284216,0.0,1
1997,tin,concentrates,EU27,RoW,445.20908968971344,430.38443233442945,8737.80134780217,14.824657355284216,0.0,1
1997,tin,concentrates,RoW,China,34.58181607450656,34.58181607450656,315.24674557101514,301.0227976309543,316.8532544289849,1
1997,tin,concentrates,RoW,EU27,0.0,0.0,2378.008706746999,301.0227976309543,0.0,1
1997,tin,concentrates,RoW,RoW,9040.214724515045,8739.191926884088,82109.28975005104,301.0227976309543,0.0,1
1997,tin,refined_metal,China,China,0.0,0.0,0.0,7.275957614183426e-12,1290.4723132687577,0
1997,tin,refined_metal,China,EU27,17646.93515466545,17646.93515466545,17646.93515466545,7.275957614183426e-12,1252.9929164868954,0
1997,tin,refined_metal,China,RoW,30369.282845334546,30369.282845334546,30369.282845334546,7.275957614183426e-12,6707.22627024434,0
1997,tin,refined_metal,EU27,China,44.756755238614815,44.756755238614815,44.756755238614815,3.637978807091713e-12,1290.4723132687577,0
1997,tin,refined_metal,EU27,EU27,18892.6490900496,18892.6490900496,18892.6490900496,3.637978807091713e-12,1252.9929164868954,0
1997,tin,refined_metal,EU27,RoW,6713.356154711779,6713.356154711779,6713.356154711779,3.637978807091713e-12,6707.22627024434,0
1997,tin,refined_metal,RoW,China,8292.865931492626,8292.865931492626,8292.865931492626,0.0,1290.4723132687577,0
1997,tin,refined_metal,RoW,EU27,43488.530838798055,43488.530838798055,43488.530838798055,0.0,1252.9929164868954,0
1997,tin,refined_metal,RoW,RoW,192326.84972970933,192326.84972970933,192326.84972970933,0.0,6707.22627024434,0
1997,tin,refined_metal,China,China,0.0,0.0,0.0,0.0,1290.4723132687577,1
1997,tin,refined_metal,China,EU27,2.6740621721933464e-12,2.6740621721933464e-12,17646.935154665454,0.0,1252.9929164868954,1
1997,tin,refined_metal,China,RoW,4.601895441990079e-12,4.601895441990079e-12,30369.28284533455,0.0,6707.22627024434,1
1997,tin,refined_metal,EU27,China,6.3477306066880876e-15,6.3477306066880876e-15,44.75675523861482,0.0,1290.4723132687577,1
1997,tin,refined_metal,EU27,EU27,2.6794937709616967e-12,2.6794937709616967e-12,18892.649090049603,0.0,1252.9929164868954,1
1997,tin,refined_metal,EU27,RoW,9.52137305523328e-13,9.52137305523328e-13,6713.35615471178,0.0,6707.22627024434,1
1997,tin,refined_metal,RoW,China,0.0,0.0,8292.865931492626,0.0,1290.4723132687577,1
1997,tin,refined_metal,RoW,EU27,0.0,0.0,43488.530838798055,0.0,1252.9929164868954,1
1997,tin,refined_metal,RoW,RoW,0.0,0.0,192326.84972970933,0.0,6707.22627024434,1
1997,tin,scrap,China,China,0.0,0.0,0.0,1.3350103739051633,0.0,0
1997,tin,scrap,China,EU27,4.00332052205876,4.00332052205876,4.00332052205876,1.3350103739051633,423.78354377578944,0
1997,tin,scrap,China,RoW,107.14667947794125,105.81166910403608,105.81166910403608,1.3350103739051633,0.0,0
1997,tin,scrap,EU27,China,42.371118427496846,29.26891605912807,29.26891605912807,19.525697530798425,0.0,0
1997,tin,scrap,EU27,EU27,3670.1641893661017,3670.1641893661017,3670.1641893661017,19.525697530798425,423.78354377578944,0
1997,tin,scrap,EU27,RoW,515.5436922064011,509.12019704397187,509.12019704397187,19.525697530798425,0.0,0
1997,tin,scrap,RoW,China,587.852760458822,406.07408394087196,406.07408394087196,369.9138358710861,0.0,0
1997,tin,scrap,RoW,EU27,1019.2829463360504,1019.2829463360504,1019.2829463360504,369.9138358710861,423.78354377578944,0
1997,tin,scrap,RoW,RoW,15099.551293205126,14911.41613385199,14911.41613385199,369.9138358710861,0.0,0
1997,tin,scrap,China,China,0.0,0.0,0.0,0.0,0.0,1
1997,tin,scrap,China,EU27,1.3350103739051633,1.3350103739051633,5.3383308959639235,0.0,33.009000000000015,1
1997,tin,scrap,China,RoW,0.0,0.0,105.81166910403608,0.0,0.0,1
1997,tin,scrap,EU27,China,0.0,0.0,29.26891605912807,0.0,0.0,1
1997,tin,scrap,EU27,EU27,19.525697530798425,19.525697530798425,3689.6898868969,0.0,33.009000000000015,1
1997,tin,scrap,EU27,RoW,0.0,0.0,509.12019704397187,0.0,0.0,1
1997,tin,scrap,RoW,China,0.0,0.0,406.07408394087196,0.0,0.0,1
1997,tin,scrap,RoW,EU27,369.9138358710861,369.9138358710861,1389.1967822071365,0.0,33.009000000000015,1
1997,tin,scrap,RoW,RoW,0.0,0.0,14911.41613385199,0.0,0.0,1
1997,zinc,concentrates,China,China,0.0,0.0,0.0,5879.448418118933,16409.872575675137,0
1997,zinc,concentrates,China,EU27,30724.656106435003,30724.656106435003,30724.656106435003,5879.448418118933,306243.38978971075,0
1997,zinc,concentrates,China,RoW,279366.624993565,273487.1765754461,273487.1765754461,5879.448418118933,0.0,0
1997,zinc,concentrates,EU27,China,22.490702041269955,22.490702041269955,22.490702041269955,7006.184976252727,16409.872575675137,0
1997,zinc,concentrates,EU27,EU27,1895301.6635493613,1895301.6635493613,1895301.6635493613,7006.184976252727,306243.38978971075,0
1997,zinc,concentrates,EU27,RoW,332904.40049859753,325898.2155223449,325898.2155223449,7006.184976252727,0.0,0
1997,zinc,concentrates,RoW,China,201984.99302228357,201984.99302228357,201984.99302228357,62228.935121014714,16409.872575675137,0
1997,zinc,concentrates,RoW,EU27,2712976.601254492,2712976.601254492,2712976.601254492,62228.935121014714,306243.38978971075,0
1997,zinc,concentrates,RoW,RoW,2956856.892923224,2894627.9578022086,2894627.9578022086,62228.935121014714,0.0,0
1997,zinc,concentrates,China,China,0.0,0.0,0.0,0.0,12097.790592907899,1
1997,zinc,concentrates,China,EU27,5879.448418118933,5879.448418118933,36604.104524553935,0.0,235440.90325709153,1
1997,zinc,concentrates,China,RoW,0.0,0.0,273487.1765754461,0.0,0.0,1
1997,zinc,concentrates,EU27,China,0.08313829504756098,0.08313829504756098,22.573840336317517,0.0,12097.790592907899,1
1997,zinc,concentrates,EU27,EU27,7006.101837957679,7006.101837957679,1902307.765387319,0.0,235440.90325709153,1
1997,zinc,concentrates,EU27,RoW,0.0,0.0,325898.2155223449,0.0,0.0,1
1997,zinc,concentrates,RoW,China,4311.9988444721985,4311.9988444721985,206296.99186675576,0.0,12097.790592907899,1
1997,zinc,concentrates,RoW,EU27,57916.93627654251,57916.93627654251,2770893.5375310346,0.0,235440.90325709153,1
1997,zinc,concentrates,RoW,RoW,0.0,0.0,2894627.9578022086,0.0,0.0,1
1997,zinc,refined_metal,China,China,0.0,0.0,0.0,5.820766091346741e-11,0.0,0
1997,zinc,refined_metal,China,EU27,11334.230188598514,11334.230188598514,11334.230188598514,5.820766091346741e-11,36653.38628776022,0
1997,zinc,refined_metal,China,RoW,451581.6212114015,451581.6212114015,451581.6212114015,5.820766091346741e-11,251801.4977383148,0
1997,zinc,refined_metal,EU27,China,677.4015726972846,542.0388241426378,542.0388241426378,135.3627485546749,0.0,0
1997,zinc,refined_metal,EU27,EU27,949675.8279050232,949675.8279050232,949675.8279050232,135.3627485546749,36653.38628776022,0
1997,zinc,refined_metal,EU27,RoW,489265.1962722793,489265.1962722793,489265.1962722793,135.3627485546749,251801.4977383148,0
1997,zinc,refined_metal,RoW,China,13826.86895337772,11063.894875857362,11063.894875857362,2762.9740775204264,0.0,0
1997,zinc,refined_metal,RoW,EU27,333696.018418618,333696.018418618,333696.018418618,2762.9740775204264,36653.38628776022,0
1997,zinc,refined_metal,RoW,RoW,1664625.0908780042,1664625.0908780042,1664625.0908780042,2762.9740775204264,251801.4977383148,0
1997,zinc,refined_metal,China,China,0.0,0.0,0.0,0.0,0.0,1
1997,zinc,refined_metal,China,EU27,1.425181327314401e-12,1.425181327314401e-12,11334.230188598516,0.0,36102.665217814734,1
1997,zinc,refined_metal,China,RoW,5.6782479586153e-11,5.6782479586153e-11,451581.62121140154,0.0,249453.8819821854,1
1997,zinc,refined_metal,EU27,China,0.0,0.0,542.0388241426378,0.0,0.0,1
1997,zinc,refined_metal,EU27,EU27,89.33703893434948,89.33703893434948,949765.1649439576,0.0,36102.665217814734,1
1997,zinc,refined_metal,EU27,RoW,46.02570962032544,46.02570962032544,489311.22198189964,0.0,249453.8819821854,1
1997,zinc,refined_metal,RoW,China,0.0,0.0,11063.894875857362,0.0,0.0,1
1997,zinc,refined_metal,RoW,EU27,461.3840310113861,461.3840310113861,334157.4024496294,0.0,36102.665217814734,1
1997,zinc,refined_metal,RoW,RoW,2301.5900465090403,2301.5900465090403,1666926.6809245131,0.0,249453.8819821854,1
1997,zinc,scrap,China,China,0.0,0.0,0.0,0.0,0.0,0
1997,zinc,scrap,China,EU27,33.671085501796775,33.671085501796775,33.671085501796775,0.0,38341.5090330001,0
1997,zinc,scrap,China,RoW,2034.8674144982033,2034.8674144982033,2034.8674144982033,0.0,30580.774405885022,0
1997,zinc,scrap,EU27,China,9403.83863000382,9260.521360672285,9260.521360672285,143.31726933154278,0.0,0
1997,zinc,scrap,EU27,EU27,233668.36832825717,233668.36832825717,233668.36832825717,143.31726933154278,38341.5090330001,0
1997,zinc,scrap,EU27,RoW,130201.39004173901,130201.39004173901,130201.39004173901,143.31726933154278,30580.774405885022,0
1997,zinc,scrap,RoW,China,13091.096808881275,12891.584639327715,12891.584639327715,199.51216955354903,0.0,0
1997,zinc,scrap,RoW,EU27,38994.53905324092,38994.53905324092,38994.53905324092,199.51216955354903,38341.5090330001,0
1997,zinc,scrap,RoW,RoW,165875.79613787777,165875.79613787777,165875.79613787777,199.51216955354903,30580.774405885022,0
1997,zinc,scrap,China,China,0.0,0.0,0.0,0.0,0.0,1
1997,zinc,scrap,China,EU27,0.0,0.0,33.671085501796775,0.0,38211.499466571724,1
1997,zinc,scrap,China,RoW,0.0,0.0,2034.8674144982033,0.0,30367.954533428303,1
1997,zinc,scrap,EU27,China,0.0,0.0,9260.521360672285,0.0,0.0,1
1997,zinc,scrap,EU27,EU27,92.0348880543967,92.0348880543967,233760.40321631156,0.0,38211.499466571724,1
1997,zinc,scrap,EU27,RoW,51.28238127714609,51.28238127714609,130252.67242301616,0.0,30367.954533428303,1
1997,zinc,scrap,RoW,China,0.0,0.0,12891.584639327715,0.0,0.0,1
1997,zinc,scrap,RoW,EU27,37.974678373982364,37.974678373982364,39032.513731614905,0.0,38211.499466571724,1
1997,zinc,scrap,RoW,RoW,161.53749117956667,161.53749117956667,166037.33362905734,0.0,30367.954533428303,1
1998,nickel,concentrates,China,China,0.0,0.0,0.0,0.14857578992014453,2.2737367544323206e-13,0
1998,nickel,concentrates,China,EU27,0.0,0.0,0.0,0.14857578992014453,29511.444488461537,0
1998,nickel,concentrates,China,RoW,66.50925,66.36067421007985,66.36067421007985,0.14857578992014453,0.0,0
1998,nickel,concentrates,EU27,China,135.46184085009872,21.300178916012886,21.300178916012886,259.882318726668,2.2737367544323206e-13,0
1998,nickel,concentrates,EU27,EU27,3196.8544692250625,3196.8544692250625,3196.8544692250625,259.882318726668,29511.444488461537,0
1998,nickel,concentrates,EU27,RoW,65231.163152424844,65085.44249563227,65085.44249563227,259.882318726668,0.0,0
1998,nickel,concentrates,RoW,China,12584.714728931946,1978.8353210839869,1978.8353210839869,23340.263356445357,2.2737367544323206e-13,0
1998,nickel,concentrates,RoW,EU27,233453.67184231334,233453.67184231334,233453.67184231334,23340.263356445357,29511.444488461537,0
1998,nickel,concentrates,RoW,RoW,5700486.775728755,5687752.391780158,5687752.391780158,23340.263356445357,0.0,0
1998,nickel,concentrates,China,China,0.0,0.0,0.0,0.14857578992014453,0.0,1
1998,nickel,concentrates,China,EU27,0.0,0.0,0.0,0.14857578992014453,7115.703637937608,1
1998,nickel,concentrates,China,RoW,0.0,0.0,66.36067421007985,0.14857578992014453,0.0,1
1998,nickel,concentrates,EU27,China,10.564464481558323,1.99441339747476e-15,21.30017891601289,10.564464481547475,0.0,1
1998,nickel,concentrates,EU27,EU27,249.31785424510966,249.31785424510966,3446.172323470172,10.564464481547475,7115.703637937608,1
1998,nickel,concentrates,EU27,RoW,0.0,0.0,65085.44249563227,10.564464481547475,0.0,1
1998,nickel,concentrates,RoW,China,1193.840360166534,2.2537926204575728e-13,1978.835321083987,1193.840360166505,0.0,1
1998,nickel,concentrates,RoW,EU27,22146.422996278823,22146.422996278823,255600.09483859217,1193.840360166505,7115.703637937608,1
1998,nickel,concentrates,RoW,RoW,0.0,0.0,5687752.391780158,1193.840360166505,0.0,1
1998,nickel,refined_metal,China,China,0.0,0.0,0.0,84.9110735510676,0.0,0
1998,nickel,refined_metal,China,EU27,679.3189699552331,679.3189699552331,679.3189699552331,84.9110735510676,38835.62972233363,0
1998,nickel,refined_metal,China,RoW,8109.936280044767,8025.0252064936985,8025.0252064936985,84.9110735510676,0.0,0
1998,nickel,refined_metal,EU27,China,285.9464375277522,189.4310857178872,189.4310857178872,412.7329696548841,0.0,0
1998,nickel,refined_metal,EU27,EU27,79312.60920019892,79312.60920019892,79312.60920019892,412.7329696548841,38835.62972233363,0
1998,nickel,refined_metal,EU27,RoW,30202.241287273348,29886.023669428312,29886.023669428312,412.7329696548841,0.0,0
1998,nickel,refined_metal,RoW,China,12121.89848188432,8030.400414282113,8030.400414282113,9618.175829127664,0.0,0
1998,nickel,refined_metal,RoW,EU27,236798.70730751223,236798.70730751223,236798.70730751223,9618.175829127664,38835.62972233363,0
1998,nickel,refined_metal,RoW,RoW,527858.1769356035,522331.49917407805,522331.49917407805,9618.175829127664,0.0,0
1998,nickel,refined_metal,China,China,0.0,0.0,0.0,1.8189894035458565e-12,0.0,1
1998,nickel,refined_metal,China,EU27,84.9110735510676,84.9110735510676,764.2300435063007,1.8189894035458565e-12,28719.80985000002,1
1998,nickel,refined_metal,China,RoW,0.0,0.0,8025.0252064936985,1.8189894035458565e-12,0.0,1
1998,nickel,refined_metal,EU27,China,0.0,0.0,189.4310857178872,0.0,0.0,1
1998,nickel,refined_metal,EU27,EU27,412.7329696548841,412.7329696548841,79725.3421698538,0.0,28719.80985000002,1
1998,nickel,refined_metal,EU27,RoW,0.0,0.0,29886.023669428312,0.0,0.0,1
1998,nickel,refined_metal,RoW,China,0.0,0.0,8030.400414282113,0.0,0.0,1
1998,nickel,refined_metal,RoW,EU27,9618.175829127664,9618.175829127664,246416.8831366399,0.0,28719.80985000002,1
1998,nickel,refined_metal,RoW,RoW,0.0,0.0,522331.49917407805,0.0,0.0,1
1998,nickel,scrap,China,China,0.0,0.0,0.0,2.9920575078590446,0.0,0
1998,nickel,scrap,China,EU27,30.335436868333073,27.343379360473968,27.343379360473968,2.9920575078590446,0.0,0
1998,nickel,scrap,China,RoW,727.2965631316671,727.2965631316671,727.2965631316671,2.9920575078590446,4085.700700577945,0
1998,nickel,scrap,EU27,China,3.528120663803748,3.408681468895051,3.408681468895051,1731.132306591102,0.0,0
1998,nickel,scrap,EU27,EU27,17550.141138410945,15819.128271014752,15819.128271014752,1731.132306591102,0.0,0
1998,nickel,scrap,EU27,RoW,8970.987740925251,8970.987740925251,8970.987740925251,1731.132306591102,4085.700700577945,0
1998,nickel,scrap,RoW,China,355.50334727061846,343.46831853110496,343.46831853110496,2351.5763364789746,0.0,0
1998,nickel,scrap,RoW,EU27,23719.80065736424,21380.259349624772,21380.259349624772,2351.5763364789746,0.0,0
1998,nickel,scrap,RoW,RoW,90569.53599536515,90569.53599536515,90569.53599536515,2351.5763364789746,4085.700700577945,0
1998,nickel,scrap,China,China,0.0,0.0,0.0,0.0,0.0,1
1998,nickel,scrap,China,EU27,0.0,0.0,27.343379360473968,0.0,0.0,1
1998,nickel,scrap,China,RoW,2.9920575078590446,2.9920575078590446,730.2886206395261,0.0,0.0,1
1998,nickel,scrap,EU27,China,0.0,0.0,3.408681468895051,0.0,0.0,1
1998,nickel,scrap,EU27,EU27,0.0,0.0,15819.128271014752,0.0,0.0,1
1998,nickel,scrap,EU27,RoW,1731.132306591102,1731.132306591102,10702.120047516353,0.0,0.0,1
1998,nickel,scrap,RoW,China,0.0,0.0,343.46831853110496,0.0,0.0,1
1998,nickel,scrap,RoW,EU27,0.0,0.0,21380.259349624772,0.0,0.0,1
1998,nickel,scrap,RoW,RoW,2351.5763364789746,2351.5763364789746,92921.11233184412,0.0,0.0,1
1998,tin,concentrates,China,China,0.0,0.0,0.0,0.12808198300569984,238.55272352687194,0
1998,tin,concentrates,China,EU27,6.277077548019201,6.148995565013527,6.148995565013527,0.12808198300569984,0.0,0
1998,tin,concentrates,China,RoW,509.53492245198083,509.53492245198083,509.53492245198083,0.12808198300569984,2626.790171528417,0
1998,tin,concentrates,EU27,China,0.0,0.0,0.0,59.90417509116742,238.55272352687194,0
1998,tin,concentrates,EU27,EU27,2935.8005214575564,2875.8963463663895,2875.8963463663895,59.90417509116742,0.0,0
1998,tin,concentrates,EU27,RoW,10292.082728542444,10292.082728542444,10292.082728542444,59.90417509116742,2626.790171528417,0
1998,tin,concentrates,RoW,China,385.06227647312807,385.06227647312807,385.06227647312807,169.95388798112253,238.55272352687194,0
1998,tin,concentrates,RoW,EU27,8329.147546049724,8159.193658068599,8159.193658068599,169.95388798112253,0.0,0
1998,tin,concentrates,RoW,RoW,49289.842177477156,49289.842177477156,49289.842177477156,169.95388798112253,2626.790171528417,0
1998,tin,concentrates,China,China,0.0,0.0,0.0,0.0,237.2353011438629,1
1998,tin,concentrates,China,EU27,0.0,0.0,6.148995565013527,0.0,0.0,1
1998,tin,concentrates,China,RoW,0.12808198300569984,0.12808198300569984,509.66300443498653,0.0,2398.121448856131,1
1998,tin,concentrates,EU27,China,0.0,0.0,0.0,0.0,237.2353011438629,1
1998,tin,concentrates,EU27,EU27,0.0,0.0,2875.8963463663895,0.0,0.0,1
1998,tin,concentrates,EU27,RoW,59.90417509116742,59.90417509116742,10351.986903633611,0.0,2398.121448856131,1
1998,tin,concentrates,RoW,China,1.3174223830090497,1.3174223830090497,386.3796988561371,0.0,237.2353011438629,1
1998,tin,concentrates,RoW,EU27,0.0,0.0,8159.193658068599,0.0,0.0,1
1998,tin,concentrates,RoW,RoW,168.6364655981135,168.6364655981135,49458.47864307527,0.0,2398.121448856131,1
1998,tin,refined_metal,China,China,0.0,0.0,0.0,0.0,856.7605622047522,0
1998,tin,refined_metal,China,EU27,25450.104012342894,25450.104012342894,25450.104012342894,0.0,897.4835412804678,0
1998,tin,refined_metal,China,RoW,41983.68373765711,41983.68373765711,41983.68373765711,0.0,376.25989651476266,0
1998,tin,refined_metal,EU27,China,56.630426957475684,56.630426957475684,56.630426957475684,0.0,856.7605622047522,0
1998,tin,refined_metal,EU27,EU27,19761.018185227647,19761.018185227647,19761.018185227647,0.0,897.4835412804678,0
1998,tin,refined_metal,EU27,RoW,6440.361637814876,6440.361637814876,6440.361637814876,0.0,376.25989651476266,0
1998,tin,refined_metal,RoW,China,8559.517010837772,8559.517010837772,8559.517010837772,0.0,856.7605622047522,0
1998,tin,refined_metal,RoW,EU27,40972.464261149,40972.464261149,40972.464261149,0.0,897.4835412804678,0
1998,tin,refined_metal,RoW,RoW,179243.25072801323,179243.25072801323,179243.25072801323,0.0,376.25989651476266,0
1998,tin,refined_metal,China,China,0.0,0.0,0.0,0.0,856.7605622047522,1
1998,tin,refined_metal,China,EU27,0.0,0.0,25450.104012342894,0.0,897.4835412804678,1
1998,tin,refined_metal,China,RoW,0.0,0.0,41983.68373765711,0.0,376.25989651476266,1
1998,tin,refined_metal,EU27,China,0.0,0.0,56.630426957475684,0.0,856.7605622047522,1
1998,tin,refined_metal,EU27,EU27,0.0,0.0,19761.018185227647,0.0,897.4835412804678,1
1998,tin,refined_metal,EU27,RoW,0.0,0.0,6440.361637814876,0.0,376.25989651476266,1
1998,tin,refined_metal,RoW,China,0.0,0.0,8559.517010837772,0.0,856.7605622047522,1
1998,tin,refined_metal,RoW,EU27,0.0,0.0,40972.464261149,0.0,897.4835412804678,1
1998,tin,refined_metal,RoW,RoW,0.0,0.0,179243.25072801323,0.0,376.25989651476266,1
1998,tin,scrap,China,China,0.0,0.0,0.0,10.492307352276725,151.84559356280135,0
1998,tin,scrap,China,EU27,62.348881317980414,62.348881317980414,62.348881317980414,10.492307352276725,1316.3490400750325,0
1998,tin,scrap,China,RoW,164.3088686820196,153.81656132974285,153.81656132974285,10.492307352276725,0.0,0
1998,tin,scrap,EU27,China,0.0,0.0,0.0,46.021024214971476,151.84559356280135,0
1998,tin,scrap,EU27,EU27,4331.512675203303,4331.512675203303,4331.512675203303,46.021024214971476,1316.3490400750325,0
1998,tin,scrap,EU27,RoW,720.6863247966976,674.6653005817266,674.6653005817266,46.021024214971476,0.0,0
1998,tin,scrap,RoW,China,743.0014064371986,743.0014064371986,743.0014064371986,1164.1850520705848,151.84559356280135,0
1998,tin,scrap,RoW,EU27,1849.2274034036845,1849.2274034036845,1849.2274034036845,1164.1850520705848,1316.3490400750325,0
1998,tin,scrap,RoW,RoW,18231.06419015912,17066.879138088534,17066.879138088534,1164.1850520705848,0.0,0
1998,tin,scrap,China,China,0.0,0.0,0.0,0.0,0.0,1
1998,tin,scrap,China,EU27,10.492307352276725,10.492307352276725,72.84118867025714,0.0,429.3369142852107,1
1998,tin,scrap,China,RoW,0.0,0.0,153.81656132974285,0.0,0.0,1
1998,tin,scrap,EU27,China,0.0,0.0,0.0,0.0,0.0,1
1998,tin,scrap,EU27,EU27,46.021024214971476,46.021024214971476,4377.533699418274,0.0,429.3369142852107,1
1998,tin,scrap,EU27,RoW,0.0,0.0,674.6653005817266,0.0,0.0,1
1998,tin,scrap,RoW,China,333.68625784801105,151.84559356280135,894.847,181.84066428520964,0.0,1
1998,tin,scrap,RoW,EU27,830.4987942225737,830.4987942225737,2679.726197626258,181.84066428520964,429.3369142852107,1
1998,tin,scrap,RoW,RoW,0.0,0.0,17066.879138088534,181.84066428520964,0.0,1
1998,zinc,concentrates,China,China,0.0,0.0,0.0,0.0,7.275957614183426e-12,0
1998,zinc,concentrates,China,EU27,31225.32531712317,31225.32531712317,31225.32531712317,0.0,58863.70257586241,0
1998,zinc,concentrates,China,RoW,196145.4731828768,196145.4731828768,196145.4731828768,0.0,213965.0595701756,0
1998,zinc,concentrates,EU27,China,9.311540985998134,2.999219662561106,2.999219662561106,6.312321323435754,7.275957614183426e-12,0
1998,zinc,concentrates,EU27,EU27,1505073.0705633515,1505073.0705633515,1505073.0705633515,6.312321323435754,58863.70257586241,0
1998,zinc,concentrates,EU27,RoW,199278.39419566278,199278.39419566278,199278.39419566278,6.312321323435754,213965.0595701756,0
1998,zinc,concentrates,RoW,China,190864.21775505258,61476.79698033743,61476.79698033743,129387.42077471502,7.275957614183426e-12,0
1998,zinc,concentrates,RoW,EU27,2788802.311643663,2788802.311643663,2788802.311643663,129387.42077471502,58863.70257586241,0
1998,zinc,concentrates,RoW,RoW,3005217.995751285,3005217.995751285,3005217.995751285,129387.42077471502,213965.0595701756,0
1998,zinc,concentrates,China,China,0.0,0.0,0.0,0.0,0.0,1
1998,zinc,concentrates,China,EU27,0.0,0.0,31225.32531712317,0.0,0.0,1
1998,zinc,concentrates,China,RoW,0.0,0.0,196145.4731828768,0.0,148994.41212220117,1
1998,zinc,concentrates,EU27,China,3.4486500474132035e-05,6.08104876684816e-20,2.999219662561106,0.1325181582942605,0.0,1
1998,zinc,concentrates,EU27,EU27,5.574233442094713,5.441749770524163,1505078.512313122,0.1325181582942605,0.0,1
1998,zinc,concentrates,EU27,RoW,0.7380533948405662,0.7380533948405662,199279.1322490576,0.1325181582942605,148994.41212220117,1
1998,zinc,concentrates,RoW,China,4126.299972828779,7.275957553372939e-12,61476.796980337436,5559.2505540438,0.0,1
1998,zinc,concentrates,RoW,EU27,60291.21140730662,58858.260826091886,2847660.5724697546,5559.2505540438,0.0,1
1998,zinc,concentrates,RoW,RoW,64969.90939457963,64969.90939457963,3070187.9051458645,5559.2505540438,148994.41212220117,1
1998,zinc,refined_metal,China,China,0.0,0.0,0.0,17697.924169634178,0.0,0
1998,zinc,refined_metal,China,EU27,16982.603282053118,16982.603282053118,16982.603282053118,17697.924169634178,266091.2285041199,0
1998,zinc,refined_metal,China,RoW,512017.7462179469,494319.8220483127,494319.8220483127,17697.924169634178,0.0,0
1998,zinc,refined_metal,EU27,China,780.9439330320577,765.454910452954,765.454910452954,14504.284938972443,0.0,0
1998,zinc,refined_metal,EU27,EU27,919759.0837230475,919759.0837230475,919759.0837230475,14504.284938972443,266091.2285041199,0
1998,zinc,refined_metal,EU27,RoW,419174.6195439205,404685.82362752705,404685.82362752705,14504.284938972443,0.0,0
1998,zinc,refined_metal,RoW,China,12933.435006100015,12676.916889547045,12676.916889547045,60337.56702051358,0.0,0
1998,zinc,refined_metal,RoW,EU27,415669.0733907791,415669.0733907791,415669.0733907791,60337.56702051358,266091.2285041199,0
1998,zinc,refined_metal,RoW,RoW,1738201.777528121,1678120.7286241604,1678120.7286241604,60337.56702051358,0.0,0
1998,zinc,refined_metal,China,China,0.0,0.0,0.0,0.0,0.0,1
1998,zinc,refined_metal,China,EU27,17697.924169634178,17697.924169634178,34680.527451687296,0.0,173551.45237499988,1
1998,zinc,refined_metal,China,RoW,0.0,0.0,494319.8220483127,0.0,0.0,1
1998,zinc,refined_metal,EU27,China,0.0,0.0,765.454910452954,0.0,0.0,1
1998,zinc,refined_metal,EU27,EU27,14504.284938972443,14504.284938972443,934263.36866202,0.0,173551.45237499988,1
1998,zinc,refined_metal,EU27,RoW,0.0,0.0,404685.82362752705,0.0,0.0,1
1998,zinc,refined_metal,RoW,China,0.0,0.0,12676.916889547045,0.0,0.0,1
1998,zinc,refined_metal,RoW,EU27,60337.56702051358,60337.56702051358,476006.64041129267,0.0,173551.45237499988,1
1998,zinc,refined_metal,RoW,RoW,0.0,0.0,1678120.7286241604,0.0,0.0,1
1998,zinc,scrap,China,China,0.0,0.0,0.0,511.3968616952343,11520.789202597938,0
1998,zinc,scrap,China,EU27,119.35516938404001,119.35516938404001,119.35516938404001,511.3968616952343,12970.72207134022,0
1998,zinc,scrap,China,RoW,5858.0308306159595,5346.633968920725,5346.633968920725,511.3968616952343,0.0,0
1998,zinc,scrap,EU27,China,8191.695052897811,8191.695052897811,8191.695052897811,9287.137627414719,11520.789202597938,0
1998,zinc,scrap,EU27,EU27,215001.8661288825,215001.8661288825,215001.8661288825,9287.137627414719,12970.72207134022,0
1998,zinc,scrap,EU27,RoW,106383.79431821968,97096.65669080499,97096.65669080499,9287.137627414719,0.0,0
1998,zinc,scrap,RoW,China,18946.054744504247,18946.054744504247,18946.054744504247,14692.976784828177,11520.789202597938,0
1998,zinc,scrap,RoW,EU27,40075.812630393215,40075.812630393215,40075.812630393215,14692.976784828177,12970.72207134022,0
1998,zinc,scrap,RoW,RoW,168307.46812510252,153614.49134027434,153614.49134027434,14692.976784828177,0.0,0
1998,zinc,scrap,China,China,0.0,0.0,0.0,170.08170283525305,6463.476466339314,1
1998,zinc,scrap,China,EU27,511.3968616952343,341.3151588599813,460.67032824402133,170.08170283525305,5.820766091346741e-11,1
1998,zinc,scrap,China,RoW,0.0,0.0,5346.633968920725,170.08170283525305,0.0,1
1998,zinc,scrap,EU27,China,340.85839643067885,340.85839643067885,8532.55344932849,2975.376893400273,6463.476466339314,1
1998,zinc,scrap,EU27,EU27,8946.279230984039,5970.902337583751,220972.76846646625,2975.376893400273,5.820766091346741e-11,1
1998,zinc,scrap,EU27,RoW,0.0,0.0,97096.65669080499,2975.376893400273,0.0,1
1998,zinc,scrap,RoW,China,4716.454339827947,4716.454339827947,23662.509084332192,3318.0178701037657,6463.476466339314,1
1998,zinc,scrap,RoW,EU27,9976.52244500023,6658.504574896485,46734.3172052897,3318.0178701037657,5.820766091346741e-11,1
1998,zinc,scrap,RoW,RoW,0.0,0.0,153614.49134027434,3318.0178701037657,0.0,1
1999,nickel,concentrates,China,China,0.0,0.0,0.0,0.0,0.0,0
1999,nickel,concentrates,China,EU27,0.0,0.0,0.0,0.0,15882.266267014667,0
1999,nickel,concentrates,China,RoW,514.6943,514.6943,514.6943,0.0,640451.1693689041,0
1999,nickel,concentrates,EU27,China,27.028661443268543,0.7944359701136294,0.7944359701136294,26.234225473159313,0.0,0
1999,nickel,concentrates,EU27,EU27,1359.0857707017544,1359.0857707017544,1359.0857707017544,26.234225473159313,15882.266267014667,0
1999,nickel,concentrates,EU27,RoW,16999.144267854972,16999.144267854972,16999.144267854972,26.234225473159313,640451.1693689041,0
1999,nickel,concentrates,RoW,China,10696.40662447535,314.3925640298864,314.3925640298864,10382.01406044513,0.0,0
1999,nickel,concentrates,RoW,EU27,259141.6239622836,259141.6239622836,259141.6239622836,10382.01406044513,15882.266267014667,0
1999,nickel,concentrates,RoW,RoW,6103252.834113241,6103252.834113241,6103252.834113241,10382.01406044513,640451.1693689041,0
1999,nickel,concentrates,China,China,0.0,0.0,0.0,0.0,0.0,1
1999,nickel,concentrates,China,EU27,0.0,0.0,0.0,0.0,15457.462559931795,1
1999,nickel,concentrates,China,RoW,0.0,0.0,514.6943,0.0,630467.7247900693,1
1999,nickel,concentrates,EU27,China,0.0,0.0,0.7944359701136294,0.0,0.0,1
1999,nickel,concentrates,EU27,EU27,1.9421568675775993,1.9421568675775993,1361.027927569332,0.0,15457.462559931795,1
1999,nickel,concentrates,EU27,RoW,24.29206860558171,24.29206860558171,17023.436336460552,0.0,630467.7247900693,1
1999,nickel,concentrates,RoW,China,0.0,0.0,314.3925640298864,0.0,0.0,1
1999,nickel,concentrates,RoW,EU27,422.8615502152942,422.8615502152942,259564.48551249888,0.0,15457.462559931795,1
1999,nickel,concentrates,RoW,RoW,9959.152510229835,9959.152510229835,6113211.986623471,0.0,630467.7247900693,1
1999,nickel,refined_metal,China,China,0.0,0.0,0.0,0.0,0.0,0
1999,nickel,refined_metal,China,EU27,55.62405392137337,55.62405392137337,55.62405392137337,0.0,26757.799801508198,0
1999,nickel,refined_metal,China,RoW,12329.960696078626,12329.960696078626,12329.960696078626,0.0,6907.597488294006,0
1999,nickel,refined_metal,EU27,China,243.51620313681406,201.30828296260788,201.30828296260788,42.20792017421627,0.0,0
1999,nickel,refined_metal,EU27,EU27,85086.81063880821,85086.81063880821,85086.81063880821,42.20792017421627,26757.799801508198,0
1999,nickel,refined_metal,EU27,RoW,28318.894458054965,28318.894458054965,28318.894458054965,42.20792017421627,6907.597488294006,0
1999,nickel,refined_metal,RoW,China,5835.492886665541,4824.044717037392,4824.044717037392,1011.4481696281582,0.0,0
1999,nickel,refined_metal,RoW,EU27,262283.5665057622,262283.5665057622,262283.5665057622,1011.4481696281582,26757.799801508198,0
1999,nickel,refined_metal,RoW,RoW,529934.7793075723,529934.7793075723,529934.7793075723,1011.4481696281582,6907.597488294006,0
1999,nickel,refined_metal,China,China,0.0,0.0,0.0,0.0,0.0,1
1999,nickel,refined_metal,China,EU27,0.0,0.0,55.62405392137337,0.0,26391.266706946655,1
1999,nickel,refined_metal,China,RoW,0.0,0.0,12329.960696078626,0.0,6220.474493053276,1
1999,nickel,refined_metal,EU27,China,0.0,0.0,201.30828296260788,0.0,0.0,1
1999,nickel,refined_metal,EU27,EU27,31.668047989772692,31.668047989772692,85118.47868679799,0.0,26391.266706946655,1
1999,nickel,refined_metal,EU27,RoW,10.539872184443578,10.539872184443578,28329.434330239408,0.0,6220.474493053276,1
1999,nickel,refined_metal,RoW,China,0.0,0.0,4824.044717037392,1.1641532182693481e-10,0.0,1
1999,nickel,refined_metal,RoW,EU27,334.86504657177716,334.86504657177716,262618.431552334,1.1641532182693481e-10,26391.266706946655,1
1999,nickel,refined_metal,RoW,RoW,676.583123056381,676.583123056381,530611.3624306286,1.1641532182693481e-10,6220.474493053276,1
1999,nickel,scrap,China,China,0.0,0.0,0.0,5.280710111186522,393.97991487442687,0
1999,nickel,scrap,China,EU27,34.86578054429239,29.585070433105805,29.585070433105805,5.280710111186522,0.0,0
1999,nickel,scrap,China,RoW,835.9122194557077,835.9122194557077,835.9122194557077,5.280710111186522,5517.756646773138,0
1999,nickel,scrap,EU27,China,9.707989355678368,9.707989355678368,9.707989355678368,3127.3719791239055,393.97991487442687,0
1999,nickel,scrap,EU27,EU27,20648.409552631645,17521.037573507736,17521.037573507736,3127.3719791239055,0.0,0
1999,nickel,scrap,EU27,RoW,11522.896458012683,11522.896458012683,11522.896458012683,3127.3719791239055,5517.756646773138,0
1999,nickel,scrap,RoW,China,562.9260957698947,562.9260957698947,562.9260957698947,2447.4838724124565,393.97991487442687,0
1999,nickel,scrap,RoW,EU27,16159.462228471624,13711.978356059162,13711.978356059162,2447.4838724124565,0.0,0
1999,nickel,scrap,RoW,RoW,113320.5026757585,113320.5026757585,113320.5026757585,2447.4838724124565,5517.756646773138,0
1999,nickel,scrap,China,China,0.0,0.0,0.0,0.04521193096275056,379.2494163489092,1
1999,nickel,scrap,China,EU27,0.0,0.0,29.585070433105805,0.04521193096275056,0.0,1
1999,nickel,scrap,China,RoW,5.280710111186522,5.235498180223737,841.1477176359315,0.04521193096275056,0.0,1
1999,nickel,scrap,EU27,China,2.6325791388353443,2.6325791388353443,12.340568494513713,26.753125821003778,379.2494163489092,1
1999,nickel,scrap,EU27,EU27,0.0,0.0,17521.037573507736,26.753125821003778,0.0,1
1999,nickel,scrap,EU27,RoW,3124.7393999850697,3097.986274164066,14620.88273217675,26.753125821003778,0.0,1
1999,nickel,scrap,RoW,China,12.09791938668231,12.09791938668231,575.024015156577,20.851078596926527,379.2494163489092,1
1999,nickel,scrap,RoW,EU27,0.0,0.0,13711.978356059162,20.851078596926527,0.0,1
1999,nickel,scrap,RoW,RoW,2435.385953025774,2414.534874428847,115735.03755018735,20.851078596926527,0.0,1
1999,tin,concentrates,China,China,0.0,0.0,0.0,32.084079375213605,205.71881184255756,0
1999,tin,concentrates,China,EU27,54.036928364705965,21.952848989491912,21.952848989491912,32.084079375213605,0.0,0
1999,tin,concentrates,China,RoW,3384.4960716352944,3384.4960716352944,3384.4960716352944,32.084079375213605,2229.7006888873148,0
1999,tin,concentrates,EU27,China,0.233,0.233,0.233,721.5871425914602,205.71881184255756,0
1999,tin,concentrates,EU27,EU27,1215.3177991209693,493.73065652950874,493.73065652950874,721.5871425914602,0.0,0
1999,tin,concentrates,EU27,RoW,5004.887200879031,5004.887200879031,5004.887200879031,721.5871425914602,2229.7006888873148,0
1999,tin,concentrates,RoW,China,1020.3151881574425,1020.3151881574425,1020.3151881574425,1681.7482787631889,205.71881184255756,0
1999,tin,concentrates,RoW,EU27,2832.4487732441976,1150.7004944809994,1150.7004944809994,1681.7482787631889,0.0,0
1999,tin,concentrates,RoW,RoW,97110.58203859835,97110.58203859835,97110.58203859835,1681.7482787631889,2229.7006888873148,0
1999,tin,concentrates,China,China,0.0,0.0,0.0,2.497291046467126,188.19925653267933,1
1999,tin,concentrates,China,EU27,0.0,0.0,21.952848989491912,2.497291046467126,0.0,1
1999,tin,concentrates,China,RoW,32.084079375213605,29.586788328746607,3414.082859964041,2.497291046467126,0.0,1
1999,tin,concentrates,EU27,China,0.033591561735976334,0.033591561735976334,0.26659156173597637,56.16272174931328,188.19925653267933,1
1999,tin,concentrates,EU27,EU27,0.0,0.0,493.73065652950874,56.16272174931328,0.0,1
1999,tin,concentrates,EU27,RoW,721.5535510297243,665.3908292804111,5670.278030159442,56.16272174931328,0.0,1
1999,tin,concentrates,RoW,China,17.485963748142183,17.485963748142183,1037.8011519055847,129.53924373688642,188.19925653267933,1
1999,tin,concentrates,RoW,EU27,0.0,0.0,1150.7004944809994,129.53924373688642,0.0,1
1999,tin,concentrates,RoW,RoW,1664.2623150150466,1534.7230712781568,98645.30510987651,129.53924373688642,0.0,1
1999,tin,refined_metal,China,China,0.0,0.0,0.0,1744.08563615405,703.152575062788,0
1999,tin,refined_metal,China,EU27,25357.377935269837,23613.29229911579,23613.29229911579,1744.08563615405,0.0,0
1999,tin,refined_metal,China,RoW,43978.67006473018,43978.67006473018,43978.67006473018,1744.08563615405,15026.947478961083,0
1999,tin,refined_metal,EU27,China,79.6847712013005,79.6847712013005,79.6847712013005,1203.0188953677462,703.152575062788,0
1999,tin,refined_metal,EU27,EU27,17490.772334080753,16287.753438713005,16287.753438713005,1203.0188953677462,0.0,0
1999,tin,refined_metal,EU27,RoW,8915.796894717949,8915.796894717949,8915.796894717949,1203.0188953677462,15026.947478961083,0
1999,tin,refined_metal,RoW,China,9257.347653735913,9257.347653735913,9257.347653735913,2610.6095225021127,703.152575062788,0
1999,tin,refined_metal,RoW,EU27,37955.82678467329,35345.21726217121,35345.21726217121,2610.6095225021127,0.0,0
1999,tin,refined_metal,RoW,RoW,179077.0025615908,179077.0025615908,179077.0025615908,2610.6095225021127,15026.947478961083,0
1999,tin,refined_metal,China,China,0.0,0.0,0.0,0.0,564.174500035675,1
1999,tin,refined_metal,China,EU27,0.0,0.0,23613.29229911579,0.0,0.0,1
1999,tin,refined_metal,China,RoW,1744.08563615405,1744.08563615405,45722.75570088423,0.0,9608.211499964265,1
1999,tin,refined_metal,EU27,China,10.65671511414547,10.65671511414547,90.34148631544598,0.0,564.174500035675,1
1999,tin,refined_metal,EU27,EU27,0.0,0.0,16287.753438713005,0.0,0.0,1
1999,tin,refined_metal,EU27,RoW,1192.3621802536009,1192.3621802536009,10108.15907497155,0.0,9608.211499964265,1
1999,tin,refined_metal,RoW,China,128.3213599129662,128.3213599129662,9385.66901364888,0.0,564.174500035675,1
1999,tin,refined_metal,RoW,EU27,0.0,0.0,35345.21726217121,0.0,0.0,1
1999,tin,refined_metal,RoW,RoW,2482.2881625891464,2482.2881625891464,181559.29072417997,0.0,9608.211499964265,1
1999,tin,scrap,China,China,0.0,0.0,0.0,14.646304082119798,59.12486225058137,0
1999,tin,scrap,China,EU27,246.12562345837608,231.4793193762563,231.4793193762563,14.646304082119798,0.0,0
1999,tin,scrap,China,RoW,228.02837654162389,228.02837654162389,228.02837654162389,14.646304082119798,58432.69377368185,0
1999,tin,scrap,EU27,China,0.0,0.0,0.0,254.57559061483607,59.12486225058137,0
1999,tin,scrap,EU27,EU27,4278.046912453019,4023.471321838184,4023.471321838184,254.57559061483607,0.0,0
1999,tin,scrap,EU27,RoW,898.0760875469798,898.0760875469798,898.0760875469798,254.57559061483607,58432.69377368185,0
1999,tin,scrap,RoW,China,825.3931377494187,825.3931377494187,825.3931377494187,159.59174123547928,59.12486225058137,0
1999,tin,scrap,RoW,EU27,2681.8791000210367,2522.287358785559,2522.287358785559,159.59174123547928,0.0,0
1999,tin,scrap,RoW,RoW,27857.503762229542,27857.503762229542,27857.503762229542,159.59174123547928,58432.69377368185,0
1999,tin,scrap,China,China,0.0,0.0,0.0,0.0,54.53237187150319,1
1999,tin,scrap,China,EU27,0.0,0.0,231.4793193762563,0.0,0.0,1
1999,tin,scrap,China,RoW,14.646304082119798,14.646304082119798,242.67468062374368,0.0,58008.4726281285,1
1999,tin,scrap,EU27,China,0.0,0.0,0.0,0.0,54.53237187150319,1
1999,tin,scrap,EU27,EU27,0.0,0.0,4023.471321838184,0.0,0.0,1
1999,tin,scrap,EU27,RoW,254.57559061483607,254.57559061483607,1152.6516781618159,0.0,58008.4726281285,1
1999,tin,scrap,RoW,China,4.592490379078208,4.592490379078208,829.9856281284968,0.0,54.53237187150319,1
1999,tin,scrap,RoW,EU27,0.0,0.0,2522.287358785559,0.0,0.0,1
1999,tin,scrap,RoW,RoW,154.99925085640106,154.99925085640106,28012.503013085945,0.0,58008.4726281285,1
1999,zinc,concentrates,China,China,0.0,0.0,0.0,476.32011500306544,0.0,0
1999,zinc,concentrates,China,EU27,36769.61138204238,36293.29126703929,36293.29126703929,476.32011500306544,0.0,0
1999,zinc,concentrates,China,RoW,211908.68971795763,211908.68971795763,211908.68971795763,476.32011500306544,366509.7028987198,0
1999,zinc,concentrates,EU27,China,12.765480885270721,5.754034789230767,5.754034789230767,18708.13860017783,0.0,0
1999,zinc,concentrates,EU27,EU27,1443636.655691705,1424935.5285376231,1424935.5285376231,18708.13860017783,0.0,0
1999,zinc,concentrates,EU27,RoW,210249.06252741005,210249.06252741005,210249.06252741005,18708.13860017783,366509.7028987198,0
1999,zinc,concentrates,RoW,China,112745.54871413583,50820.00556521077,50820.00556521077,98274.24048353825,0.0,0
1999,zinc,concentrates,RoW,EU27,2805943.803629952,2769595.1062953384,2769595.1062953384,98274.24048353825,0.0,0
1999,zinc,concentrates,RoW,RoW,3209630.201855913,3209630.201855913,3209630.201855913,98274.24048353825,366509.7028987198,0
1999,zinc,concentrates,China,China,0.0,0.0,0.0,0.0,0.0,1
1999,zinc,concentrates,China,EU27,0.0,0.0,36293.29126703929,0.0,0.0,1
1999,zinc,concentrates,China,RoW,476.32011500306544,476.32011500306544,212385.0098329607,0.0,249051.0037000007,1
1999,zinc,concentrates,EU27,China,0.0,0.0,5.754034789230767,0.0,0.0,1
1999,zinc,concentrates,EU27,EU27,0.0,0.0,1424935.5285376231,0.0,0.0,1
1999,zinc,concentrates,EU27,RoW,18708.13860017783,18708.13860017783,228957.20112758788,0.0,249051.0037000007,1
1999,zinc,concentrates,RoW,China,0.0,0.0,50820.00556521077,0.0,0.0,1
1999,zinc,concentrates,RoW,EU27,0.0,0.0,2769595.1062953384,0.0,0.0,1
1999,zinc,concentrates,RoW,RoW,98274.24048353825,98274.24048353825,3307904.442339451,0.0,249051.0037000007,1
1999,zinc,refined_metal,China,China,0.0,0.0,0.0,0.0,6164.4548487977245,0
1999,zinc,refined_metal,China,EU27,23887.54445761499,23887.54445761499,23887.54445761499,0.0,61299.82882696157,0
1999,zinc,refined_metal,China,RoW,541821.7829423851,541821.7829423851,541821.7829423851,0.0,2994191.4916242403,0
1999,zinc,refined_metal,EU27,China,965.5701588021733,965.5701588021733,965.5701588021733,0.0,6164.4548487977245,0
1999,zinc,refined_metal,EU27,EU27,979830.8649677703,979830.8649677703,979830.8649677703,0.0,61299.82882696157,0
1999,zinc,refined_metal,EU27,RoW,359593.08417342766,359593.08417342766,359593.08417342766,0.0,2994191.4916242403,0
1999,zinc,refined_metal,RoW,China,10615.198892400103,10615.198892400103,10615.198892400103,0.0,6164.4548487977245,0
1999,zinc,refined_metal,RoW,EU27,382080.1896476532,382080.1896476532,382080.1896476532,0.0,61299.82882696157,0
1999,zinc,refined_metal,RoW,RoW,1947660.3497599466,1947660.3497599466,1947660.3497599466,0.0,2994191.4916242403,0
1999,zinc,refined_metal,China,China,0.0,0.0,0.0,0.0,6164.4548487977245,1
1999,zinc,refined_metal,China,EU27,0.0,0.0,23887.54445761499,0.0,61299.82882696157,1
1999,zinc,refined_metal,China,RoW,0.0,0.0,541821.7829423851,0.0,2994191.4916242403,1
1999,zinc,refined_metal,EU27,China,0.0,0.0,965.5701588021733,0.0,6164.4548487977245,1
1999,zinc,refined_metal,EU27,EU27,0.0,0.0,979830.8649677703,0.0,61299.82882696157,1
1999,zinc,refined_metal,EU27,RoW,0.0,0.0,359593.08417342766,0.0,2994191.4916242403,1
1999,zinc,refined_metal,RoW,China,0.0,0.0,10615.198892400103,0.0,6164.4548487977245,1
1999,zinc,refined_metal,RoW,EU27,0.0,0.0,382080.1896476532,0.0,61299.82882696157,1
1999,zinc,refined_metal,RoW,RoW,0.0,0.0,1947660.3497599466,0.0,2994191.4916242403,1
1999,zinc,scrap,China,China,0.0,0.0,0.0,2.5556818793611455,9145.334267767888,0
1999,zinc,scrap,China,EU27,219.74141537713965,217.18573349777844,217.18573349777844,2.5556818793611455,0.0,0
1999,zinc,scrap,China,RoW,10528.04808462286,10528.04808462286,10528.04808462286,2.5556818793611455,120207.33093874063,0
1999,zinc,scrap,EU27,China,10081.542634289219,10081.542634289219,10081.542634289219,2682.254836096952,9145.334267767888,0
1999,zinc,scrap,EU27,EU27,230624.35072452683,227942.0958884299,227942.0958884299,2682.254836096952,0.0,0
1999,zinc,scrap,EU27,RoW,107466.29664118396,107466.29664118396,107466.29664118396,2682.254836096952,120207.33093874063,0
1999,zinc,scrap,RoW,China,21601.543597942884,21601.543597942884,21601.543597942884,403.4946885321988,9145.334267767888,0
1999,zinc,scrap,RoW,EU27,34693.08706660451,34289.59237807232,34289.59237807232,403.4946885321988,0.0,0
1999,zinc,scrap,RoW,RoW,189997.7698354526,189997.7698354526,189997.7698354526,403.4946885321988,120207.33093874063,0
1999,zinc,scrap,China,China,0.0,0.0,0.0,0.0,8874.0979198305,1
1999,zinc,scrap,China,EU27,0.0,0.0,217.18573349777844,0.0,0.0,1
1999,zinc,scrap,China,RoW,2.5556818793611455,2.5556818793611455,10530.603766502221,0.0,117390.26208016952,1
1999,zinc,scrap,EU27,China,230.04477711213988,230.04477711213988,10311.587411401359,0.0,8874.0979198305,1
1999,zinc,scrap,EU27,EU27,0.0,0.0,227942.0958884299,0.0,0.0,1
1999,zinc,scrap,EU27,RoW,2452.2100589848123,2452.2100589848123,109918.50670016877,0.0,117390.26208016952,1
1999,zinc,scrap,RoW,China,41.19157082525328,41.19157082525328,21642.735168768137,0.0,8874.0979198305,1
1999,zinc,scrap,RoW,EU27,0.0,0.0,34289.59237807232,0.0,0.0,1
1999,zinc,scrap,RoW,RoW,362.3031177069455,362.3031177069455,190360.07295315954,0.0,117390.26208016952,1
2000,nickel,concentrates,China,China,0.0,0.0,0.0,0.0022696171413087995,789.5588050379158,0
2000,nickel,concentrates,China,EU27,0.049999999999999996,0.04773038285867542,0.04773038285867542,0.0022696171413087995,2.9103830456733704e-11,0
2000,nickel,concentrates,China,RoW,222.22550000000004,222.22550000000004,222.22550000000004,0.0022696171413087995,1081871.211098482,0
2000,nickel,concentrates,EU27,China,31.916416459889625,31.916416459889625,31.916416459889625,156.12030307833265,789.5588050379158,0
2000,nickel,concentrates,EU27,EU27,3439.3532776020356,3283.2329745237066,3283.2329745237066,156.12030307833265,2.9103830456733704e-11,0
2000,nickel,concentrates,EU27,RoW,29293.01185593807,29293.01185593807,29293.01185593807,156.12030307833265,1081871.211098482,0
2000,nickel,concentrates,RoW,China,1560.6896285021946,1560.6896285021946,1560.6896285021946,12210.428930825554,789.5588050379158,0
2000,nickel,concentrates,RoW,EU27,268997.5482759197,256787.1193450934,256787.1193450934,12210.428930825554,2.9103830456733704e-11,0
2000,nickel,concentrates,RoW,RoW,6748457.814145579,6748457.814145579,6748457.814145579,12210.428930825554,1081871.211098482,0
2000,nickel,concentrates,China,China,0.0,0.0,0.0,5.10541468656811e-07,786.6917160525347,1
2000,nickel,concentrates,China,EU27,5.105414544807681e-07,3.06781283659572e-20,0.04773038285867542,5.10541468656811e-07,0.0,1
2000,nickel,concentrates,China,RoW,0.002269106599854319,0.002269106599854319,222.22776910659988,5.10541468656811e-07,1069991.8688757215,1
2000,nickel,concentrates,EU27,China,0.15208026470192063,0.15208026470192063,32.06849672459155,16.388361065484787,786.6917160525347,1
2000,nickel,concentrates,EU27,EU27,16.388361065487384,9.84766741392233e-13,3283.2329745237075,16.388361065484787,0.0,1
2000,nickel,concentrates,EU27,RoW,139.57986174814334,139.57986174814334,29432.591717686217,16.388361065484787,1069991.8688757215,1
2000,nickel,concentrates,RoW,China,2.715008720679135,2.715008720679135,1563.4046372228738,467.95383019931614,786.6917160525347,1
2000,nickel,concentrates,RoW,EU27,467.95383019962287,2.811906368466334e-11,256787.11934509344,467.95383019931614,0.0,1
2000,nickel,concentrates,RoW,RoW,11739.760091905253,11739.760091905253,6760197.5742374845,467.95383019931614,1069991.8688757215,1
2000,nickel,refined_metal,China,China,0.0,0.0,0.0,0.0,4803.29269203101,0
2000,nickel,refined_metal,China,EU27,34.39246624781221,34.39246624781221,34.39246624781221,0.0,42438.31802065065,0
2000,nickel,refined_metal,China,RoW,12192.80103375219,12192.80103375219,12192.80103375219,0.0,85358.57088731835,0
2000,nickel,refined_metal,EU27,China,209.07629119865322,209.07629119865322,209.07629119865322,0.0,4803.29269203101,0
2000,nickel,refined_metal,EU27,EU27,92916.86817698495,92916.86817698495,92916.86817698495,0.0,42438.31802065065,0
2000,nickel,refined_metal,EU27,RoW,30353.364981816427,30353.364981816427,30353.364981816427,0.0,85358.57088731835,0
2000,nickel,refined_metal,RoW,China,7961.931166770336,7961.931166770336,7961.931166770336,0.0,4803.29269203101,0
2000,nickel,refined_metal,RoW,EU27,272624.41728611663,272624.41728611663,272624.41728611663,0.0,42438.31802065065,0
2000,nickel,refined_metal,RoW,RoW,525724.5274971131,525724.5274971131,525724.5274971131,0.0,85358.57088731835,0
2000,nickel,refined_metal,China,China,0.0,0.0,0.0,0.0,4803.29269203101,1
2000,nickel,refined_metal,China,EU27,0.0,0.0,34.39246624781221,0.0,42438.31802065065,1
2000,nickel,refined_metal,China,RoW,0.0,0.0,12192.80103375219,0.0,85358.57088731835,1
2000,nickel,refined_metal,EU27,China,0.0,0.0,209.07629119865322,0.0,4803.29269203101,1
2000,nickel,refined_metal,EU27,EU27,0.0,0.0,92916.86817698495,0.0,42438.31802065065,1
2000,nickel,refined_metal,EU27,RoW,0.0,0.0,30353.364981816427,0.0,85358.57088731835,1
2000,nickel,refined_metal,RoW,China,0.0,0.0,7961.931166770336,0.0,4803.29269203101,1
2000,nickel,refined_metal,RoW,EU27,0.0,0.0,272624.41728611663,0.0,42438.31802065065,1
2000,nickel,refined_metal,RoW,RoW,0.0,0.0,525724.5274971131,0.0,85358.57088731835,1
2000,nickel,scrap,China,China,0.0,0.0,0.0,0.0,21.12653220834335,0
2000,nickel,scrap,China,EU27,1.4690242625409364,1.4690242625409364,1.4690242625409364,0.0,17954.90418798256,0
2000,nickel,scrap,China,RoW,1200.908975737459,1200.908975737459,1200.908975737459,0.0,1045.0102798091102,0
2000,nickel,scrap,EU27,China,31.01879239894546,31.01879239894546,31.01879239894546,0.0,21.12653220834335,0
2000,nickel,scrap,EU27,EU27,22041.676088330467,22041.676088330467,22041.676088330467,0.0,17954.90418798256,0
2000,nickel,scrap,EU27,RoW,10108.319119270589,10108.319119270589,10108.319119270589,0.0,1045.0102798091102,0
2000,nickel,scrap,RoW,China,412.5176753927112,412.5176753927112,412.5176753927112,1.4551915228366852e-11,21.12653220834335,0
2000,nickel,scrap,RoW,EU27,11950.386699424434,11950.386699424434,11950.386699424434,1.4551915228366852e-11,17954.90418798256,0
2000,nickel,scrap,RoW,RoW,73275.00962518285,73275.00962518285,73275.00962518285,1.4551915228366852e-11,1045.0102798091102,0
2000,nickel,scrap,China,China,0.0,0.0,0.0,0.0,21.126532208343292,1
2000,nickel,scrap,China,EU27,0.0,0.0,1.4690242625409364,0.0,17954.90418798256,1
2000,nickel,scrap,China,RoW,0.0,0.0,1200.908975737459,0.0,1045.0102798090957,1
2000,nickel,scrap,EU27,China,0.0,0.0,31.01879239894546,0.0,21.126532208343292,1
2000,nickel,scrap,EU27,EU27,0.0,0.0,22041.676088330467,0.0,17954.90418798256,1
2000,nickel,scrap,EU27,RoW,0.0,0.0,10108.319119270589,0.0,1045.0102798090957,1
2000,nickel,scrap,RoW,China,7.009654908826583e-14,7.009654908826583e-14,412.5176753927113,0.0,21.126532208343292,1
2000,nickel,scrap,RoW,EU27,2.0306544855381124e-12,2.0306544855381124e-12,11950.386699424436,0.0,17954.90418798256,1
2000,nickel,scrap,RoW,RoW,1.2451164193740474e-11,1.2451164193740474e-11,73275.00962518287,0.0,1045.0102798090957,1
2000,tin,concentrates,China,China,0.0,0.0,0.0,50.457334531846755,851.4244247885424,0
2000,tin,concentrates,China,EU27,75.48041249693789,25.023077965090888,25.023077965090888,50.457334531846755,0.0,0
2000,tin,concentrates,China,RoW,2976.8955875030624,2976.8955875030624,2976.8955875030624,50.457334531846755,2380.7406022028736,0
2000,tin,concentrates,EU27,China,76.3608216246723,76.3608216246723,76.3608216246723,2099.36188527961,851.4244247885424,0
2000,tin,concentrates,EU27,EU27,3140.488940834541,1041.1270555549293,1041.1270555549293,2099.36188527961,0.0,0
2000,tin,concentrates,EU27,RoW,12600.90423754079,12600.90423754079,12600.90423754079,2099.36188527961,2380.7406022028736,0
2000,tin,concentrates,RoW,China,1121.9357535867853,1121.9357535867853,1121.9357535867853,1082.3458071799687,851.4244247885424,0
2000,tin,concentrates,RoW,EU27,1619.1086736599436,536.7628664799798,536.7628664799798,1082.3458071799687,0.0,0
2000,tin,concentrates,RoW,RoW,64685.475572753276,64685.475572753276,64685.475572753276,1082.3458071799687,2380.7406022028736,0
2000,tin,concentrates,China,China,0.0,0.0,0.0,12.930526640275275,820.3263616057077,1
2000,tin,concentrates,China,EU27,0.0,0.0,25.023077965090888,12.930526640275275,0.0,1
2000,tin,concentrates,China,RoW,50.457334531846755,37.52680789157139,3014.422395394634,12.930526640275275,0.0,1
2000,tin,concentrates,EU27,China,12.645392969169732,12.645392969169732,89.00621459384203,534.7556196709484,820.3263616057077,1
2000,tin,concentrates,EU27,EU27,0.0,0.0,1041.1270555549293,534.7556196709484,0.0,1
2000,tin,concentrates,EU27,RoW,2086.71649231044,1551.9608726394906,14152.86511018028,534.7556196709484,0.0,1
2000,tin,concentrates,RoW,China,18.452670213664998,18.452670213664998,1140.3884238004503,272.6402152944938,820.3263616057077,1
2000,tin,concentrates,RoW,EU27,0.0,0.0,536.7628664799798,272.6402152944938,0.0,1
2000,tin,concentrates,RoW,RoW,1063.8931369663037,791.2529216718115,65476.728494425086,272.6402152944938,0.0,1
2000,tin,refined_metal,China,China,0.0,0.0,0.0,0.0,1168.2322826348736,0
2000,tin,refined_metal,China,EU27,25165.009973789613,25165.009973789613,25165.009973789613,0.0,1740.0877820681635,0
2000,tin,refined_metal,China,RoW,47087.2310262104,47087.2310262104,47087.2310262104,0.0,11653.87993529695,0
2000,tin,refined_metal,EU27,China,112.66841113712304,112.66841113712304,112.66841113712304,0.0,1168.2322826348736,0
2000,tin,refined_metal,EU27,EU27,15857.36105064778,15857.36105064778,15857.36105064778,0.0,1740.0877820681635,0
2000,tin,refined_metal,EU27,RoW,7164.898538215097,7164.898538215097,7164.898538215097,0.0,11653.87993529695,0
2000,tin,refined_metal,RoW,China,10565.753306228004,10565.753306228004,10565.753306228004,0.0,1168.2322826348736,0
2000,tin,refined_metal,RoW,EU27,36235.32519349444,36235.32519349444,36235.32519349444,0.0,1740.0877820681635,0
2000,tin,refined_metal,RoW,RoW,189194.86950027756,189194.86950027756,189194.86950027756,0.0,11653.87993529695,0
2000,tin,refined_metal,China,China,0.0,0.0,0.0,0.0,1168.2322826348736,1
2000,tin,refined_metal,China,EU27,0.0,0.0,25165.009973789613,0.0,1740.0877820681635,1
2000,tin,refined_metal,China,RoW,0.0,0.0,47087.2310262104,0.0,11653.87993529695,1
2000,tin,refined_metal,EU27,China,0.0,0.0,112.66841113712304,0.0,1168.2322826348736,1
2000,tin,refined_metal,EU27,EU27,0.0,0.0,15857.36105064778,0.0,1740.0877820681635,1
2000,tin,refined_metal,EU27,RoW,0.0,0.0,7164.898538215097,0.0,11653.87993529695,1
2000,tin,refined_metal,RoW,China,0.0,0.0,10565.753306228004,0.0,1168.2322826348736,1
2000,tin,refined_metal,RoW,EU27,0.0,0.0,36235.32519349444,0.0,1740.0877820681635,1
2000,tin,refined_metal,RoW,RoW,0.0,0.0,189194.86950027756,0.0,11653.87993529695,1
2000,tin,scrap,China,China,0.0,0.0,0.0,0.0,0.0,0
2000,tin,scrap,China,EU27,375.7625337058626,375.7625337058626,375.7625337058626,0.0,2362.7954323063286,0
2000,tin,scrap,China,RoW,328.7164662941375,328.7164662941375,328.7164662941375,0.0,832.4678626644018,0
2000,tin,scrap,EU27,China,0.0,0.0,0.0,0.0,0.0,0
2000,tin,scrap,EU27,EU27,4835.527628807298,4835.527628807298,4835.527628807298,0.0,2362.7954323063286,0
2000,tin,scrap,EU27,RoW,889.850371192702,889.850371192702,889.850371192702,0.0,832.4678626644018,0
2000,tin,scrap,RoW,China,661.6022949707333,433.76,433.76,227.84229497073466,0.0,0
2000,tin,scrap,RoW,EU27,2567.27840518051,2567.27840518051,2567.27840518051,227.84229497073466,2362.7954323063286,0
2000,tin,scrap,RoW,RoW,26097.14729984876,26097.14729984876,26097.14729984876,227.84229497073466,832.4678626644018,0
2000,tin,scrap,China,China,0.0,0.0,0.0,0.0,0.0,1
2000,tin,scrap,China,EU27,0.0,0.0,375.7625337058626,0.0,2342.3891416070346,1
2000,tin,scrap,China,RoW,0.0,0.0,328.7164662941375,0.0,625.031858392962,1
2000,tin,scrap,EU27,China,0.0,0.0,0.0,0.0,0.0,1
2000,tin,scrap,EU27,EU27,0.0,0.0,4835.527628807298,0.0,2342.3891416070346,1
2000,tin,scrap,EU27,RoW,0.0,0.0,889.850371192702,0.0,625.031858392962,1
2000,tin,scrap,RoW,China,0.0,0.0,433.76,0.0,0.0,1
2000,tin,scrap,RoW,EU27,20.406290699293738,20.406290699293738,2587.6846958798037,0.0,2342.3891416070346,1
2000,tin,scrap,RoW,RoW,207.43600427144094,207.43600427144094,26304.5833041202,0.0,625.031858392962,1
2000,zinc,concentrates,China,China,0.0,0.0,0.0,200.85075569030596,27273.420148167526,0
2000,zinc,concentrates,China,EU27,19448.926812579433,19248.076056889124,19248.076056889124,200.85075569030596,0.0,0
2000,zinc,concentrates,China,RoW,158597.6579874206,158597.6579874206,158597.6579874206,200.85075569030596,93108.8074729559,0
2000,zinc,concentrates,EU27,China,162.3540465265802,162.3540465265802,162.3540465265802,15137.590678310953,27273.420148167526,0
2000,zinc,concentrates,EU27,EU27,1465814.2171752763,1450676.6264969653,1450676.6264969653,15137.590678310953,0.0,0
2000,zinc,concentrates,EU27,RoW,231426.16497819725,231426.16497819725,231426.16497819725,15137.590678310953,93108.8074729559,0
2000,zinc,concentrates,RoW,China,70306.43010530589,70306.43010530589,70306.43010530589,29434.223887123168,27273.420148167526,0
2000,zinc,concentrates,RoW,EU27,2850196.227533268,2820762.003646145,2820762.003646145,29434.223887123168,0.0,0
2000,zinc,concentrates,RoW,RoW,3456867.9002614263,3456867.9002614263,3456867.9002614263,29434.223887123168,93108.8074729559,0
2000,zinc,concentrates,China,China,0.0,0.0,0.0,0.0,26676.101766807464,1
2000,zinc,concentrates,China,EU27,0.0,0.0,19248.076056889124,0.0,0.0,1
2000,zinc,concentrates,China,RoW,200.85075569030596,200.85075569030596,158798.5087431109,0.0,48933.46053319145,1
2000,zinc,concentrates,EU27,China,10.612137042184074,10.612137042184074,172.96618356876428,0.0,26676.101766807464,1
2000,zinc,concentrates,EU27,EU27,0.0,0.0,1450676.6264969653,0.0,0.0,1
2000,zinc,concentrates,EU27,RoW,15126.978541268767,15126.978541268767,246553.14351946602,0.0,48933.46053319145,1
2000,zinc,concentrates,RoW,China,586.7062443178945,586.7062443178945,70893.13634962378,0.0,26676.101766807464,1
2000,zinc,concentrates,RoW,EU27,0.0,0.0,2820762.003646145,0.0,0.0,1
2000,zinc,concentrates,RoW,RoW,28847.517642805273,28847.517642805273,3485715.4179042317,0.0,48933.46053319145,1
2000,zinc,refined_metal,China,China,0.0,0.0,0.0,11455.408748768736,11751.727257807044,0
2000,zinc,refined_metal,China,EU27,42353.94251047891,42353.94251047891,42353.94251047891,11455.408748768736,96852.9577169551,0
2000,zinc,refined_metal,China,RoW,597048.0735895211,585592.6648407524,585592.6648407524,11455.408748768736,0.0,0
2000,zinc,refined_metal,EU27,China,1953.0090157911268,1953.0090157911268,1953.0090157911268,5558.764560597716,11751.727257807044,0
2000,zinc,refined_metal,EU27,EU27,1049337.2156044347,1049337.2156044347,1049337.2156044347,5558.764560597716,96852.9577169551,0
2000,zinc,refined_metal,EU27,RoW,289719.009179774,284160.24461917626,284160.24461917626,5558.764560597716,0.0,0
2000,zinc,refined_metal,RoW,China,15124.542426401827,15124.542426401827,15124.542426401827,38026.02806539554,11751.727257807044,0
2000,zinc,refined_metal,RoW,EU27,396934.0684681312,396934.0684681312,396934.0684681312,38026.02806539554,96852.9577169551,0
2000,zinc,refined_metal,RoW,RoW,1981890.5899054667,1943864.561840071,1943864.561840071,38026.02806539554,0.0,0
2000,zinc,refined_metal,China,China,0.0,0.0,0.0,0.0,10345.661594158188,1
2000,zinc,refined_metal,China,EU27,11455.408748768736,11455.408748768736,53809.35125924765,0.0,43218.82200584188,1
2000,zinc,refined_metal,China,RoW,0.0,0.0,585592.6648407524,0.0,0.0,1
2000,zinc,refined_metal,EU27,China,10.326660563622514,10.326660563622514,1963.3356763547492,0.0,10345.661594158188,1
2000,zinc,refined_metal,EU27,EU27,5548.437900034093,5548.437900034093,1054885.6535044687,0.0,43218.82200584188,1
2000,zinc,refined_metal,EU27,RoW,0.0,0.0,284160.24461917626,0.0,0.0,1
2000,zinc,refined_metal,RoW,China,1395.7390030852332,1395.7390030852332,16520.281429487062,0.0,10345.661594158188,1
2000,zinc,refined_metal,RoW,EU27,36630.289062310316,36630.289062310316,433564.3575304415,0.0,43218.82200584188,1
2000,zinc,refined_metal,RoW,RoW,0.0,0.0,1943864.561840071,0.0,0.0,1
2000,zinc,scrap,China,China,0.0,0.0,0.0,720.863654062161,18845.69339142199,0
2000,zinc,scrap,China,EU27,94.35916083531308,94.35916083531308,94.35916083531308,720.863654062161,1288.9152666118462,0
2000,zinc,scrap,China,RoW,10637.107339164688,9916.243685102527,9916.243685102527,720.863654062161,0.0,0
2000,zinc,scrap,EU27,China,13535.282966996767,13535.282966996767,13535.282966996767,5983.088040527422,18845.69339142199,0
2000,zinc,scrap,EU27,EU27,225449.873855264,225449.873855264,225449.873855264,5983.088040527422,1288.9152666118462,0
2000,zinc,scrap,EU27,RoW,88286.80617773923,82303.71813721179,82303.71813721179,5983.088040527422,0.0,0
2000,zinc,scrap,RoW,China,33548.70664158123,33548.70664158123,33548.70664158123,13430.656963444228,18845.69339142199,0
2000,zinc,scrap,RoW,EU27,31003.046217288815,31003.046217288815,31003.046217288815,13430.656963444228,1288.9152666118462,0
2000,zinc,scrap,RoW,RoW,198183.58014112993,184752.9231776857,184752.9231776857,13430.656963444228,0.0,0
2000,zinc,scrap,China,China,0.0,0.0,0.0,648.3635264992463,11526.67830679306,1
2000,zinc,scrap,China,EU27,720.863654062161,72.50012756291444,166.85928839822753,648.3635264992463,0.0,1
2000,zinc,scrap,China,RoW,0.0,0.0,9916.243685102527,648.3635264992463,0.0,1
2000,zinc,scrap,EU27,China,338.86116912784587,338.86116912784587,13874.144136124612,5076.564504370035,11526.67830679306,1
2000,zinc,scrap,EU27,EU27,5644.226871399576,567.6623670295525,226017.53622229357,5076.564504370035,0.0,1
2000,zinc,scrap,EU27,RoW,0.0,0.0,82303.71813721179,5076.564504370035,0.0,1
2000,zinc,scrap,RoW,China,6980.153915501093,6980.153915501093,40528.86055708232,5801.750275923754,11526.67830679306,1
2000,zinc,scrap,RoW,EU27,6450.503047943136,648.7527720193792,31651.798989308194,5801.750275923754,0.0,1
2000,zinc,scrap,RoW,RoW,0.0,0.0,184752.9231776857,5801.750275923754,0.0,1
2001,nickel,concentrates,China,China,0.0,0.0,0.0,1.1122243761982986,4241.555716447556,0
2001,nickel,concentrates,China,EU27,24.085427069672544,24.085427069672544,24.085427069672544,1.1122243761982986,27223.557184644218,0
2001,nickel,concentrates,China,RoW,258.9916229303275,257.8793985541291,257.8793985541291,1.1122243761982986,0.0,0
2001,nickel,concentrates,EU27,China,149.08348039437442,149.08348039437442,149.08348039437442,161.75901129923295,4241.555716447556,0
2001,nickel,concentrates,EU27,EU27,5366.898832062226,5366.898832062226,5366.898832062226,161.75901129923295,27223.557184644218,0
2001,nickel,concentrates,EU27,RoW,37667.0658875434,37505.30687624416,37505.30687624416,161.75901129923295,0.0,0
2001,nickel,concentrates,RoW,China,3287.18020315807,3287.18020315807,3287.18020315807,31302.241665416397,4241.555716447556,0
2001,nickel,concentrates,RoW,EU27,281707.00070622395,281707.00070622395,281707.00070622395,31302.241665416397,27223.557184644218,0
2001,nickel,concentrates,RoW,RoW,7289013.389540617,7257711.147875201,7257711.147875201,31302.241665416397,0.0,0
2001,nickel,concentrates,China,China,0.0,0.0,0.0,0.13862304999071284,3876.137415744899,1
2001,nickel,concentrates,China,EU27,1.1122243761982986,0.9736013262075802,25.059028395880123,0.13862304999071284,0.0,1
2001,nickel,concentrates,China,RoW,0.0,0.0,257.8793985541291,0.13862304999071284,0.0,1
2001,nickel,concentrates,EU27,China,4.371949550161348,4.371949550161348,153.45542994453578,19.616072975593852,3876.137415744899,1
2001,nickel,concentrates,EU27,EU27,157.3870617490716,137.77098877348345,5504.669820835709,19.616072975593852,0.0,1
2001,nickel,concentrates,EU27,RoW,0.0,0.0,37505.30687624416,19.616072975593852,0.0,1
2001,nickel,concentrates,RoW,China,361.0463511524952,361.0463511524952,3648.2265543105655,3856.3827197197825,3876.137415744899,1
2001,nickel,concentrates,RoW,EU27,30941.195314263907,27084.812594544528,308791.8133007685,3856.3827197197825,0.0,1
2001,nickel,concentrates,RoW,RoW,0.0,0.0,7257711.147875201,3856.3827197197825,0.0,1
2001,nickel,refined_metal,China,China,0.0,0.0,0.0,44.53072059614806,9937.11956442011,0
2001,nickel,refined_metal,China,EU27,10.42166392541743,10.42166392541743,10.42166392541743,44.53072059614806,68247.6186768529,0
2001,nickel,refined_metal,China,RoW,4286.697286074583,4242.166565478435,4242.166565478435,44.53072059614806,0.0,0
2001,nickel,refined_metal,EU27,China,419.2038876894319,419.2038876894319,419.2038876894319,366.40931067051133,9937.11956442011,0
2001,nickel,refined_metal,EU27,EU27,96026.59436727916,96026.59436727916,96026.59436727916,366.40931067051133,68247.6186768529,0
2001,nickel,refined_metal,EU27,RoW,35271.9600450314,34905.55073436088,34905.55073436088,366.40931067051133,0.0,0
2001,nickel,refined_metal,RoW,China,13261.285147890458,13261.285147890458,13261.285147890458,6104.8107100063935,9937.11956442011,0
2001,nickel,refined_metal,RoW,EU27,337977.3711419425,337977.3711419425,337977.3711419425,6104.8107100063935,68247.6186768529,0
2001,nickel,refined_metal,RoW,RoW,587672.4012601671,581567.5905501606,581567.5905501606,6104.8107100063935,0.0,0
2001,nickel,refined_metal,China,China,0.0,0.0,0.0,0.0,9705.035142289955,1
2001,nickel,refined_metal,China,EU27,44.53072059614806,44.53072059614806,54.95238452156549,0.0,61963.95235770993,1
2001,nickel,refined_metal,China,RoW,0.0,0.0,4242.166565478435,0.0,0.0,1
2001,nickel,refined_metal,EU27,China,1.592606524056326,1.592606524056326,420.79649421348824,0.0,9705.035142289955,1
2001,nickel,refined_metal,EU27,EU27,364.81670414645504,364.81670414645504,96391.41107142562,0.0,61963.95235770993,1
2001,nickel,refined_metal,EU27,RoW,0.0,0.0,34905.55073436088,0.0,0.0,1
2001,nickel,refined_metal,RoW,China,230.49181560609964,230.49181560609964,13491.776963496557,0.0,9705.035142289955,1
2001,nickel,refined_metal,RoW,EU27,5874.318894400294,5874.318894400294,343851.6900363428,0.0,61963.95235770993,1
2001,nickel,refined_metal,RoW,RoW,0.0,0.0,581567.5905501606,0.0,0.0,1
2001,nickel,scrap,China,China,0.0,0.0,0.0,17.73036222494477,337.11595297555107,0
2001,nickel,scrap,China,EU27,0.3038819171672234,0.3038819171672234,0.3038819171672234,17.73036222494477,3282.1152395588942,0
2001,nickel,scrap,China,RoW,388.39211808283284,370.661755857888,370.661755857888,17.73036222494477,0.0,0
2001,nickel,scrap,EU27,China,90.5591627878194,90.5591627878194,90.5591627878194,588.9620157747559,337.11595297555107,0
2001,nickel,scrap,EU27,EU27,27046.693416836326,27046.693416836326,27046.693416836326,588.9620157747559,3282.1152395588942,0
2001,nickel,scrap,EU27,RoW,12901.496420375852,12312.534404601094,12312.534404601094,588.9620157747559,0.0,0
2001,nickel,scrap,RoW,China,583.2728842366295,583.2728842366295,583.2728842366295,3012.5388145347533,337.11595297555107,0
2001,nickel,scrap,RoW,EU27,12057.243461687614,12057.243461687614,12057.243461687614,3012.5388145347533,3282.1152395588942,0
2001,nickel,scrap,RoW,RoW,65991.11265407577,62978.57383954101,62978.57383954101,3012.5388145347533,0.0,0
2001,nickel,scrap,China,China,0.0,0.0,0.0,0.9998336582060006,196.14259486969206,1
2001,nickel,scrap,China,EU27,17.73036222494477,16.73052856673878,17.034410483906004,0.9998336582060006,0.0,1
2001,nickel,scrap,China,RoW,0.0,0.0,370.661755857888,0.9998336582060006,0.0,1
2001,nickel,scrap,EU27,China,1.9654129284419655,1.9654129284419655,92.52457571626137,33.101351982113556,196.14259486969206,1
2001,nickel,scrap,EU27,EU27,586.9966028463139,553.8952508641975,27600.588667700522,33.101351982113556,0.0,1
2001,nickel,scrap,EU27,RoW,0.0,0.0,12312.534404601094,33.101351982113556,0.0,1
2001,nickel,scrap,RoW,China,139.0079451774171,139.0079451774171,722.2808294140466,162.0414092293795,196.14259486969206,1
2001,nickel,scrap,RoW,EU27,2873.530869357336,2711.489460127958,14768.732921815572,162.0414092293795,0.0,1
2001,nickel,scrap,RoW,RoW,0.0,0.0,62978.57383954101,162.0414092293795,0.0,1
2001,tin,concentrates,China,China,0.0,0.0,0.0,0.0,688.5089014212253,0
2001,tin,concentrates,China,EU27,88.59831718090983,88.59831718090983,88.59831718090983,0.0,528.8951564313052,0
2001,tin,concentrates,China,RoW,3349.9346828190905,3349.9346828190905,3349.9346828190905,0.0,11415.72894214747,0
2001,tin,concentrates,EU27,China,287.4443937828839,287.4443937828839,287.4443937828839,0.0,688.5089014212253,0
2001,tin,concentrates,EU27,EU27,233.5794860013926,233.5794860013926,233.5794860013926,0.0,528.8951564313052,0
2001,tin,concentrates,EU27,RoW,4311.955120215724,4311.955120215724,4311.955120215724,0.0,11415.72894214747,0
2001,tin,concentrates,RoW,China,1989.689704795891,1989.689704795891,1989.689704795891,0.0,688.5089014212253,0
2001,tin,concentrates,RoW,EU27,1552.7440403863925,1552.7440403863925,1552.7440403863925,0.0,528.8951564313052,0
2001,tin,concentrates,RoW,RoW,97420.91225481771,97420.91225481771,97420.91225481771,0.0,11415.72894214747,0
2001,tin,concentrates,China,China,0.0,0.0,0.0,0.0,688.5089014212253,1
2001,tin,concentrates,China,EU27,0.0,0.0,88.59831718090983,0.0,528.8951564313052,1
2001,tin,concentrates,China,RoW,0.0,0.0,3349.9346828190905,0.0,11415.72894214747,1
2001,tin,concentrates,EU27,China,0.0,0.0,287.4443937828839,0.0,688.5089014212253,1
2001,tin,concentrates,EU27,EU27,0.0,0.0,233.5794860013926,0.0,528.8951564313052,1
2001,tin,concentrates,EU27,RoW,0.0,0.0,4311.955120215724,0.0,11415.72894214747,1
2001,tin,concentrates,RoW,China,0.0,0.0,1989.689704795891,0.0,688.5089014212253,1
2001,tin,concentrates,RoW,EU27,0.0,0.0,1552.7440403863925,0.0,528.8951564313052,1
2001,tin,concentrates,RoW,RoW,0.0,0.0,97420.91225481771,0.0,11415.72894214747,1
2001,tin,refined_metal,China,China,0.0,0.0,0.0,3469.8797040744394,1184.6468271026279,0
2001,tin,refined_metal,China,EU27,26749.56455729954,26749.56455729954,26749.56455729954,3469.8797040744394,15205.185492783014,0
2001,tin,refined_metal,China,RoW,48140.50144270045,44670.62173862601,44670.62173862601,3469.8797040744394,2.9103830456733704e-11,0
2001,tin,refined_metal,EU27,China,140.68081229086704,140.68081229086704,140.68081229086704,527.9903768749318,1184.6468271026279,0
2001,tin,refined_metal,EU27,EU27,14681.615453733586,14681.615453733586,14681.615453733586,527.9903768749318,15205.185492783014,0
2001,tin,refined_metal,EU27,RoW,7325.245733975547,6797.255357100616,6797.255357100616,527.9903768749318,2.9103830456733704e-11,0
2001,tin,refined_metal,RoW,China,10811.178360606506,10811.178360606506,10811.178360606506,12391.962238936278,1184.6468271026279,0
2001,tin,refined_metal,RoW,EU27,36702.90749618386,36702.90749618386,36702.90749618386,12391.962238936278,15205.185492783014,0
2001,tin,refined_metal,RoW,RoW,171923.90714320965,159531.94490427338,159531.94490427338,12391.962238936278,2.9103830456733704e-11,0
2001,tin,refined_metal,China,China,0.0,0.0,0.0,2230.4927451925614,570.7710792506714,1
2001,tin,refined_metal,China,EU27,1239.3869588818716,1239.3869588818716,27988.951516181412,2230.4927451925614,11543.130319075295,1
2001,tin,refined_metal,China,RoW,2230.492745192568,5.358792395324416e-12,44670.62173862602,2230.4927451925614,0.0,1
2001,tin,refined_metal,EU27,China,3.353785946112053,3.353785946112053,144.0345982369791,174.63153499305918,570.7710792506714,1
2001,tin,refined_metal,EU27,EU27,350.0050559357611,350.0050559357611,15031.620509669347,174.63153499305918,11543.130319075295,1
2001,tin,refined_metal,EU27,RoW,174.63153499305864,4.1955489150171594e-13,6797.255357100616,174.63153499305918,0.0,1
2001,tin,refined_metal,RoW,China,610.5219619058438,610.5219619058438,11421.70032251235,9708.777118140308,570.7710792506714,1
2001,tin,refined_metal,RoW,EU27,2072.663158890091,2072.663158890091,38775.570655073956,9708.777118140308,11543.130319075295,1
2001,tin,refined_metal,RoW,RoW,9708.777118140344,2.3325483169907572e-11,159531.9449042734,9708.777118140308,0.0,1
2001,tin,scrap,China,China,0.0,0.0,0.0,2.3419201340249742,437.7341031368253,0
2001,tin,scrap,China,EU27,82.82231252082161,82.82231252082161,82.82231252082161,2.3419201340249742,324.67774752393234,0
2001,tin,scrap,China,RoW,114.36468747917837,112.0227673451534,112.0227673451534,2.3419201340249742,0.0,0
2001,tin,scrap,EU27,China,0.0,0.0,0.0,18.881361921730786,437.7341031368253,0
2001,tin,scrap,EU27,EU27,6433.571734601227,6433.571734601227,6433.571734601227,18.881361921730786,324.67774752393234,0
2001,tin,scrap,EU27,RoW,922.0472653987736,903.1659034770423,903.1659034770423,18.881361921730786,0.0,0
2001,tin,scrap,RoW,China,703.4238968631746,703.4238968631746,703.4238968631746,741.1885686049936,437.7341031368253,0
2001,tin,scrap,RoW,EU27,2325.260205354019,2325.260205354019,2325.260205354019,741.1885686049936,324.67774752393234,0
2001,tin,scrap,RoW,RoW,36194.9998977828,35453.811329177806,35453.811329177806,741.1885686049936,0.0,0
2001,tin,scrap,China,China,0.0,0.0,0.0,1.053743361280766,265.59011794639673,1
2001,tin,scrap,China,EU27,2.3419201340249742,1.288176772744215,84.11048929356582,1.053743361280766,1.8189894035458565e-12,1
2001,tin,scrap,China,RoW,0.0,0.0,112.0227673451534,1.053743361280766,0.0,1
2001,tin,scrap,EU27,China,0.0,0.0,0.0,8.495639747872701,265.59011794639673,1
2001,tin,scrap,EU27,EU27,18.881361921730786,10.38572217385928,6443.957456775086,8.495639747872701,1.8189894035458565e-12,1
2001,tin,scrap,EU27,RoW,0.0,0.0,903.1659034770423,8.495639747872701,0.0,1
2001,tin,scrap,RoW,China,172.14398519042857,172.14398519042857,875.5678820536032,256.04073483723914,265.59011794639673,1
2001,tin,scrap,RoW,EU27,569.0445834145651,313.0038485773288,2638.264053931348,256.04073483723914,1.8189894035458565e-12,1
2001,tin,scrap,RoW,RoW,0.0,0.0,35453.811329177806,256.04073483723914,0.0,1
2001,zinc,concentrates,China,China,0.0,0.0,0.0,0.0,430582.7120309279,0
2001,zinc,concentrates,China,EU27,2496.4026922519297,2496.4026922519297,2496.4026922519297,0.0,18192.456488662865,0
2001,zinc,concentrates,China,RoW,19412.117207748073,19412.117207748073,19412.117207748073,0.0,718864.9891804084,0
2001,zinc,concentrates,EU27,China,7807.721843645852,7807.721843645852,7807.721843645852,0.0,430582.7120309279,0
2001,zinc,concentrates,EU27,EU27,1458636.7790946374,1458636.7790946374,1458636.7790946374,0.0,18192.456488662865,0
2001,zinc,concentrates,EU27,RoW,254207.25306171642,254207.25306171642,254207.25306171642,0.0,718864.9891804084,0
2001,zinc,concentrates,RoW,China,232437.3001254263,232437.3001254263,232437.3001254263,0.0,430582.7120309279,0
2001,zinc,concentrates,RoW,EU27,2640808.208224448,2640808.208224448,2640808.208224448,0.0,18192.456488662865,0
2001,zinc,concentrates,RoW,RoW,3579734.6118501266,3579734.6118501266,3579734.6118501266,0.0,718864.9891804084,0
2001,zinc,concentrates,China,China,0.0,0.0,0.0,0.0,430582.7120309279,1
2001,zinc,concentrates,China,EU27,0.0,0.0,2496.4026922519297,0.0,18192.456488662865,1
2001,zinc,concentrates,China,RoW,0.0,0.0,19412.117207748073,0.0,718864.9891804084,1
2001,zinc,concentrates,EU27,China,0.0,0.0,7807.721843645852,0.0,430582.7120309279,1
2001,zinc,concentrates,EU27,EU27,0.0,0.0,1458636.7790946374,0.0,18192.456488662865,1
2001,zinc,concentrates,EU27,RoW,0.0,0.0,254207.25306171642,0.0,718864.9891804084,1
2001,zinc,concentrates,RoW,China,0.0,0.0,232437.3001254263,0.0,430582.7120309279,1
2001,zinc,concentrates,RoW,EU27,0.0,0.0,2640808.208224448,0.0,18192.456488662865,1
2001,zinc,concentrates,RoW,RoW,0.0,0.0,3579734.6118501266,0.0,718864.9891804084,1
2001,zinc,refined_metal,China,China,0.0,0.0,0.0,25063.12465933466,3788.7372364312832,0
2001,zinc,refined_metal,China,EU27,44040.03487141455,44040.03487141455,44040.03487141455,25063.12465933466,119033.00549736526,0
2001,zinc,refined_metal,China,RoW,605154.6172285854,580091.4925692508,580091.4925692508,25063.12465933466,0.0,0
2001,zinc,refined_metal,EU27,China,3125.0473309672316,3125.0473309672316,3125.0473309672316,10596.963746390771,3788.7372364312832,0
2001,zinc,refined_metal,EU27,EU27,1107122.8512517842,1107122.8512517842,1107122.8512517842,10596.963746390771,119033.00549736526,0
2001,zinc,refined_metal,EU27,RoW,255866.00341724858,245269.03967085792,245269.03967085792,10596.963746390771,0.0,0
2001,zinc,refined_metal,RoW,China,18120.630432601483,18120.630432601483,18120.630432601483,87161.65432807151,3788.7372364312832,0
2001,zinc,refined_metal,RoW,EU27,352532.8263794358,352532.8263794358,352532.8263794358,87161.65432807151,119033.00549736526,0
2001,zinc,refined_metal,RoW,RoW,2104537.174787963,2017375.520459891,2017375.520459891,87161.65432807151,0.0,0
2001,zinc,refined_metal,China,China,0.0,0.0,0.0,0.0,0.0,1
2001,zinc,refined_metal,China,EU27,25063.12465933466,25063.12465933466,69103.15953074921,0.0,502.27852001949213,1
2001,zinc,refined_metal,China,RoW,0.0,0.0,580091.4925692508,0.0,0.0,1
2001,zinc,refined_metal,EU27,China,29.827584735164187,26.336160800394154,3151.383491767626,3.491423934698105,0.0,1
2001,zinc,refined_metal,EU27,EU27,10567.136161655606,10567.136161655606,1117689.98741344,3.491423934698105,502.27852001949213,1
2001,zinc,refined_metal,EU27,RoW,0.0,0.0,245269.03967085792,3.491423934698105,0.0,1
2001,zinc,refined_metal,RoW,China,4261.188171716117,3762.401075630889,21883.031508232372,498.7870960854925,0.0,1
2001,zinc,refined_metal,RoW,EU27,82900.4661563554,82900.4661563554,435433.2925357912,498.7870960854925,502.27852001949213,1
2001,zinc,refined_metal,RoW,RoW,0.0,0.0,2017375.520459891,498.7870960854925,0.0,1
2001,zinc,scrap,China,China,0.0,0.0,0.0,264.0453987746391,12290.759540817853,0
2001,zinc,scrap,China,EU27,10.683655054961145,10.683655054961145,10.683655054961145,264.0453987746391,14488.260345572024,0
2001,zinc,scrap,China,RoW,2628.097344945039,2364.0519461704,2364.0519461704,264.0453987746391,0.0,0
2001,zinc,scrap,EU27,China,20274.838355894746,20274.838355894746,20274.838355894746,8807.675935517356,12290.759540817853,0
2001,zinc,scrap,EU27,EU27,238656.4817780896,238656.4817780896,238656.4817780896,8807.675935517356,14488.260345572024,0
2001,zinc,scrap,EU27,RoW,87664.58286601568,78856.90693049833,78856.90693049833,8807.675935517356,0.0,0
2001,zinc,scrap,RoW,China,32527.4191032874,32527.4191032874,32527.4191032874,17707.29855209787,12290.759540817853,0
2001,zinc,scrap,RoW,EU27,27839.17472128342,27839.17472128342,27839.17472128342,17707.29855209787,14488.260345572024,0
2001,zinc,scrap,RoW,RoW,176244.32967542918,158537.03112333128,158537.03112333128,17707.29855209787,0.0,0
2001,zinc,scrap,China,China,0.0,0.0,0.0,32.86745660992119,2059.8516614619075,1
2001,zinc,scrap,China,EU27,264.0453987746391,231.17794216471773,241.86159721967888,32.86745660992119,0.0,1
2001,zinc,scrap,China,RoW,0.0,0.0,2364.0519461704,32.86745660992119,0.0,1
2001,zinc,scrap,EU27,China,689.6585773838214,689.6585773838214,20964.496933278566,1010.5026806574897,2059.8516614619075,1
2001,zinc,scrap,EU27,EU27,8118.017358133535,7107.514677476068,245763.99645556568,1010.5026806574897,0.0,1
2001,zinc,scrap,EU27,RoW,0.0,0.0,78856.90693049833,1010.5026806574897,0.0,1
2001,zinc,scrap,RoW,China,9541.249301972131,9541.249301972131,42068.66840525953,1016.4815241945034,2059.8516614619075,1
2001,zinc,scrap,RoW,EU27,8166.049250125738,7149.567725931241,34988.74244721466,1016.4815241945034,0.0,1
2001,zinc,scrap,RoW,RoW,0.0,0.0,158537.03112333128,1016.4815241945034,0.0,1
2002,nickel,concentrates,China,China,0.0,0.0,0.0,3.2223726055293582,7124.372633441238,0
2002,nickel,concentrates,China,EU27,28.59890054507667,25.376527939547334,25.376527939547334,3.2223726055293582,0.0,0
2002,nickel,concentrates,China,RoW,305.06214945492326,305.06214945492326,305.06214945492326,3.2223726055293582,20110.595988607034,0
2002,nickel,concentrates,EU27,China,1311.3923367412629,1311.3923367412629,1311.3923367412629,576.7510142674946,7124.372633441238,0
2002,nickel,concentrates,EU27,EU27,5118.726763008448,4541.97574874095,4541.97574874095,576.7510142674946,0.0,0
2002,nickel,concentrates,EU27,RoW,26608.211350250287,26608.211350250287,26608.211350250287,576.7510142674946,20110.595988607034,0
2002,nickel,concentrates,RoW,China,6762.918529817501,6762.918529817501,6762.918529817501,26654.995235173963,7124.372633441238,0
2002,nickel,concentrates,RoW,EU27,236565.9255084947,209910.9302733195,209910.9302733195,26654.995235173963,0.0,0
2002,nickel,concentrates,RoW,RoW,6689102.190511689,6689102.190511689,6689102.190511689,26654.995235173963,20110.595988607034,0
2002,nickel,concentrates,China,China,0.0,0.0,0.0,0.8382095048575593,7070.360539198583,1
2002,nickel,concentrates,China,EU27,0.0,0.0,25.376527939547334,0.8382095048575593,0.0,1
2002,nickel,concentrates,China,RoW,3.2223726055293582,2.3841631006718194,307.44631255559506,0.8382095048575593,0.0,1
2002,nickel,concentrates,EU27,China,27.090171794614132,27.090171794614132,1338.482508535877,142.97879202988406,7070.360539198583,1
2002,nickel,concentrates,EU27,EU27,0.0,0.0,4541.97574874095,142.97879202988406,0.0,1
2002,nickel,concentrates,EU27,RoW,549.6608424728804,406.6820504429985,27014.893400693287,142.97879202988406,0.0,1
2002,nickel,concentrates,RoW,China,26.921922448040434,26.921922448040434,6789.840452265541,6926.543537663296,7070.360539198583,1
2002,nickel,concentrates,RoW,EU27,0.0,0.0,209910.9302733195,6926.543537663296,0.0,1
2002,nickel,concentrates,RoW,RoW,26628.073312725923,19701.529775063365,6708803.720286752,6926.543537663296,0.0,1
2002,nickel,refined_metal,China,China,0.0,0.0,0.0,141.9655489153156,16340.162002208377,0
2002,nickel,refined_metal,China,EU27,30.24779002137634,30.24779002137634,30.24779002137634,141.9655489153156,69279.27883598628,0
2002,nickel,refined_metal,China,RoW,3263.7451599786236,3121.779611063308,3121.779611063308,141.9655489153156,0.0,0
2002,nickel,refined_metal,EU27,China,557.3082198296255,557.3082198296255,557.3082198296255,1729.3457481678342,16340.162002208377,0
2002,nickel,refined_metal,EU27,EU27,95186.20106245737,95186.20106245737,95186.20106245737,1729.3457481678342,69279.27883598628,0
2002,nickel,refined_metal,EU27,RoW,39757.137267713,38027.79151954515,38027.79151954515,1729.3457481678342,0.0,0
2002,nickel,refined_metal,RoW,China,25120.779277962003,25120.779277962003,25120.779277962003,25181.96364111139,16340.162002208377,0
2002,nickel,refined_metal,RoW,EU27,391891.581761535,391891.581761535,391891.581761535,25181.96364111139,69279.27883598628,0
2002,nickel,refined_metal,RoW,RoW,578925.7505105028,553743.7868693916,553743.7868693916,25181.96364111139,0.0,0
2002,nickel,refined_metal,China,China,0.0,0.0,0.0,0.0,14813.136995841523,1
2002,nickel,refined_metal,China,EU27,141.9655489153156,141.9655489153156,172.21333893669194,0.0,43753.028904158564,1
2002,nickel,refined_metal,China,RoW,0.0,0.0,3121.779611063308,0.0,0.0,1
2002,nickel,refined_metal,EU27,China,10.06625522300185,10.06625522300185,567.3744750526273,2.9103830456733704e-11,14813.136995841523,1
2002,nickel,refined_metal,EU27,EU27,1719.2794929448323,1719.2794929448323,96905.4805554022,2.9103830456733704e-11,43753.028904158564,1
2002,nickel,refined_metal,EU27,RoW,0.0,0.0,38027.79151954515,2.9103830456733704e-11,0.0,1
2002,nickel,refined_metal,RoW,China,1516.95875114385,1516.95875114385,26637.738029105854,0.0,14813.136995841523,1
2002,nickel,refined_metal,RoW,EU27,23665.004889967542,23665.004889967542,415556.5866515026,0.0,43753.028904158564,1
2002,nickel,refined_metal,RoW,RoW,0.0,0.0,553743.7868693916,0.0,0.0,1
2002,nickel,scrap,China,China,0.0,0.0,0.0,0.023809662359610684,0.0,0
2002,nickel,scrap,China,EU27,0.37133626631181244,0.34752660395220153,0.34752660395220153,0.023809662359610684,0.0,0
2002,nickel,scrap,China,RoW,474.6056637336882,474.6056637336882,474.6056637336882,0.023809662359610684,75300.88004935488,0
2002,nickel,scrap,EU27,China,81.26393630287946,80.49808995695254,80.49808995695254,1756.1359758176477,0.0,0
2002,nickel,scrap,EU27,EU27,27376.809466187027,25621.439336715306,25621.439336715306,1756.1359758176477,0.0,0
2002,nickel,scrap,EU27,RoW,11633.681597510087,11633.681597510087,11633.681597510087,1756.1359758176477,75300.88004935488,0
2002,nickel,scrap,RoW,China,845.1628811444363,837.1979100430475,837.1979100430475,1282.684263874864,0.0,0
2002,nickel,scrap,RoW,EU27,19880.563429454207,18605.844136680742,18605.844136680742,1282.684263874864,0.0,0
2002,nickel,scrap,RoW,RoW,109317.16468940137,109317.16468940137,109317.16468940137,1282.684263874864,75300.88004935488,0
2002,nickel,scrap,China,China,0.0,0.0,0.0,0.0,0.0,1
2002,nickel,scrap,China,EU27,0.0,0.0,0.34752660395220153,0.0,0.0,1
2002,nickel,scrap,China,RoW,0.023809662359610684,0.023809662359610684,474.6294733960478,0.0,72262.03600000001,1
2002,nickel,scrap,EU27,China,0.0,0.0,80.49808995695254,7.275957614183426e-12,0.0,1
2002,nickel,scrap,EU27,EU27,0.0,0.0,25621.439336715306,7.275957614183426e-12,0.0,1
2002,nickel,scrap,EU27,RoW,1756.1359758176477,1756.1359758176477,13389.817573327735,7.275957614183426e-12,72262.03600000001,1
2002,nickel,scrap,RoW,China,0.0,0.0,837.1979100430475,0.0,0.0,1
2002,nickel,scrap,RoW,EU27,0.0,0.0,18605.844136680742,0.0,0.0,1
2002,nickel,scrap,RoW,RoW,1282.684263874864,1282.684263874864,110599.84895327623,0.0,72262.03600000001,1
2002,tin,concentrates,China,China,0.0,0.0,0.0,25.931424976461585,1190.5430455492447,0
2002,tin,concentrates,China,EU27,24.566743521891755,24.566743521891755,24.566743521891755,25.931424976461585,334.227015855377,0
2002,tin,concentrates,China,RoW,1117.9102564781083,1091.9788315016467,1091.9788315016467,25.931424976461585,0.0,0
2002,tin,concentrates,EU27,China,358.58688066923565,358.58688066923565,358.58688066923565,51.73097471648407,1190.5430455492447,0
2002,tin,concentrates,EU27,EU27,548.6767810043556,548.6767810043556,548.6767810043556,51.73097471648407,334.227015855377,0
2002,tin,concentrates,EU27,RoW,2230.1353383264086,2178.4043636099245,2178.4043636099245,51.73097471648407,0.0,0
2002,tin,concentrates,RoW,China,2050.12807378152,2050.12807378152,2050.12807378152,1447.1076617116705,1190.5430455492447,0
2002,tin,concentrates,RoW,EU27,853.8834596183754,853.8834596183754,853.8834596183754,1447.1076617116705,334.227015855377,0
2002,tin,concentrates,RoW,RoW,62385.17546660011,60938.06780488843,60938.06780488843,1447.1076617116705,0.0,0
2002,tin,concentrates,China,China,0.0,0.0,0.0,7.976869573852355,148.4907453151868,1
2002,tin,concentrates,China,EU27,25.931424976461585,17.95455540260937,42.521298924501124,7.976869573852355,2.2737367544323206e-13,1
2002,tin,concentrates,China,RoW,0.0,0.0,1091.9788315016467,7.976869573852355,0.0,1
2002,tin,concentrates,EU27,China,20.446149935449437,20.446149935449437,379.0330306046851,9.623650344925409,148.4907453151868,1
2002,tin,concentrates,EU27,EU27,31.28482478103463,21.66117443610918,570.3379554404647,9.623650344925409,2.2737367544323206e-13,1
2002,tin,concentrates,EU27,RoW,0.0,0.0,2178.4043636099245,9.623650344925409,0.0,1
2002,tin,concentrates,RoW,China,1021.6061502986087,1021.6061502986087,3071.7342240801286,130.89022539640428,148.4907453151868,1
2002,tin,concentrates,RoW,EU27,425.50151141306196,294.6112860166584,1148.4947456350337,130.89022539640428,2.2737367544323206e-13,1
2002,tin,concentrates,RoW,RoW,0.0,0.0,60938.06780488843,130.89022539640428,0.0,1
2002,tin,refined_metal,China,China,0.0,0.0,0.0,0.0,1668.0554992204961,0
2002,tin,refined_metal,China,EU27,18918.455844428023,18918.455844428023,18918.455844428023,0.0,124246.65430781187,0
2002,tin,refined_metal,China,RoW,37137.998155571986,37137.998155571986,37137.998155571986,0.0,57020.02319296761,0
2002,tin,refined_metal,EU27,China,163.938982144497,163.938982144497,163.938982144497,3.637978807091713e-12,1668.0554992204961,0
2002,tin,refined_metal,EU27,EU27,17361.522345497313,17361.522345497313,17361.522345497313,3.637978807091713e-12,124246.65430781187,0
2002,tin,refined_metal,EU27,RoW,6272.057672358187,6272.057672358187,6272.057672358187,3.637978807091713e-12,57020.02319296761,0
2002,tin,refined_metal,RoW,China,10464.514518635007,10464.514518635007,10464.514518635007,0.0,1668.0554992204961,0
2002,tin,refined_metal,RoW,EU27,64083.87450226278,64083.87450226278,64083.87450226278,0.0,124246.65430781187,0
2002,tin,refined_metal,RoW,RoW,161447.55897910224,161447.55897910224,161447.55897910224,0.0,57020.02319296761,0
2002,tin,refined_metal,China,China,0.0,0.0,0.0,0.0,1668.0554992204961,1
2002,tin,refined_metal,China,EU27,0.0,0.0,18918.455844428023,0.0,124246.65430781187,1
2002,tin,refined_metal,China,RoW,0.0,0.0,37137.998155571986,0.0,57020.02319296761,1
2002,tin,refined_metal,EU27,China,2.5061710958098903e-14,2.5061710958098903e-14,163.93898214449703,0.0,1668.0554992204961,1
2002,tin,refined_metal,EU27,EU27,2.654093914234019e-12,2.654093914234019e-12,17361.522345497317,0.0,124246.65430781187,1
2002,tin,refined_metal,EU27,RoW,9.588231818995948e-13,9.588231818995948e-13,6272.057672358188,0.0,57020.02319296761,1
2002,tin,refined_metal,RoW,China,0.0,0.0,10464.514518635007,0.0,1668.0554992204961,1
2002,tin,refined_metal,RoW,EU27,0.0,0.0,64083.87450226278,0.0,124246.65430781187,1
2002,tin,refined_metal,RoW,RoW,0.0,0.0,161447.55897910224,0.0,57020.02319296761,1
2002,tin,scrap,China,China,0.0,0.0,0.0,2.0564950451579165,94.83378685136984,0
2002,tin,scrap,China,EU27,12.187053924822667,12.187053924822667,12.187053924822667,2.0564950451579165,1572.6884704626355,0
2002,tin,scrap,China,RoW,70.39994607517734,68.34345103001942,68.34345103001942,2.0564950451579165,0.0,0
2002,tin,scrap,EU27,China,0.0,0.0,0.0,17.839331788481104,94.83378685136984,0
2002,tin,scrap,EU27,EU27,7384.073578256406,7384.073578256406,7384.073578256406,17.839331788481104,1572.6884704626355,0
2002,tin,scrap,EU27,RoW,610.6934217435931,592.8540899551126,592.8540899551126,17.839331788481104,0.0,0
2002,tin,scrap,RoW,China,886.5942131486302,886.5942131486302,886.5942131486302,992.1064304803658,94.83378685136984,0
2002,tin,scrap,RoW,EU27,3395.420897356134,3395.420897356134,3395.420897356134,992.1064304803658,1572.6884704626355,0
2002,tin,scrap,RoW,RoW,33962.75588949523,32970.649459014865,32970.649459014865,992.1064304803658,0.0,0
2002,tin,scrap,China,China,0.0,0.0,0.0,0.0,0.0,1
2002,tin,scrap,China,EU27,2.0564950451579165,2.0564950451579165,14.243548969980584,0.0,766.1025410671355,1
2002,tin,scrap,China,RoW,0.0,0.0,68.34345103001942,0.0,0.0,1
2002,tin,scrap,EU27,China,0.0,0.0,0.0,0.0,0.0,1
2002,tin,scrap,EU27,EU27,17.839331788481104,17.839331788481104,7401.912910044887,0.0,766.1025410671355,1
2002,tin,scrap,EU27,RoW,0.0,0.0,592.8540899551126,0.0,0.0,1
2002,tin,scrap,RoW,China,205.41632791850407,94.83378685136984,981.428,110.58254106713139,0.0,1
2002,tin,scrap,RoW,EU27,786.6901025618619,786.6901025618619,4182.110999917996,110.58254106713139,766.1025410671355,1
2002,tin,scrap,RoW,RoW,0.0,0.0,32970.649459014865,110.58254106713139,0.0,1
2002,zinc,concentrates,China,China,0.0,0.0,0.0,0.0,254394.51942099503,0
2002,zinc,concentrates,China,EU27,4061.125571610015,4061.125571610015,4061.125571610015,0.0,20841.269562546164,0
2002,zinc,concentrates,China,RoW,14281.429528389983,14281.429528389983,14281.429528389983,0.0,26402.80921645742,0
2002,zinc,concentrates,EU27,China,9844.89751296957,9844.89751296957,9844.89751296957,0.0,254394.51942099503,0
2002,zinc,concentrates,EU27,EU27,1337125.3553284465,1337125.3553284465,1337125.3553284465,0.0,20841.269562546164,0
2002,zinc,concentrates,EU27,RoW,224115.62185858405,224115.62185858405,224115.62185858405,0.0,26402.80921645742,0
2002,zinc,concentrates,RoW,China,495124.0255660354,495124.0255660354,495124.0255660354,0.0,254394.51942099503,0
2002,zinc,concentrates,RoW,EU27,2951519.165737398,2951519.165737398,2951519.165737398,0.0,20841.269562546164,0
2002,zinc,concentrates,RoW,RoW,4173977.0865965676,4173977.0865965676,4173977.0865965676,0.0,26402.80921645742,0
2002,zinc,concentrates,China,China,0.0,0.0,0.0,0.0,254394.51942099503,1
2002,zinc,concentrates,China,EU27,0.0,0.0,4061.125571610015,0.0,20841.269562546164,1
2002,zinc,concentrates,China,RoW,0.0,0.0,14281.429528389983,0.0,26402.80921645742,1
2002,zinc,concentrates,EU27,China,0.0,0.0,9844.89751296957,0.0,254394.51942099503,1
2002,zinc,concentrates,EU27,EU27,0.0,0.0,1337125.3553284465,0.0,20841.269562546164,1
2002,zinc,concentrates,EU27,RoW,0.0,0.0,224115.62185858405,0.0,26402.80921645742,1
2002,zinc,concentrates,RoW,China,0.0,0.0,495124.0255660354,0.0,254394.51942099503,1
2002,zinc,concentrates,RoW,EU27,0.0,0.0,2951519.165737398,0.0,20841.269562546164,1
2002,zinc,concentrates,RoW,RoW,0.0,0.0,4173977.0865965676,0.0,26402.80921645742,1
2002,zinc,refined_metal,China,China,0.0,0.0,0.0,1162.6406629468547,29048.84594933175,0
2002,zinc,refined_metal,China,EU27,39033.021009847136,37870.38034690027,37870.38034690027,1162.6406629468547,0.0,0
2002,zinc,refined_metal,China,RoW,534401.5973901529,534401.5973901529,534401.5973901529,1162.6406629468547,84872.33053218387,0
2002,zinc,refined_metal,EU27,China,4704.734833710719,4704.734833710719,4704.734833710719,33735.00624571624,29048.84594933175,0
2002,zinc,refined_metal,EU27,EU27,1132576.2546604958,1098841.2484147795,1098841.2484147795,33735.00624571624,0.0,0
2002,zinc,refined_metal,EU27,RoW,228832.9125057935,228832.9125057935,228832.9125057935,33735.00624571624,84872.33053218387,0
2002,zinc,refined_metal,RoW,China,43234.53671695754,43234.53671695754,43234.53671695754,15100.493272852153,29048.84594933175,0
2002,zinc,refined_metal,RoW,EU27,506964.7828111724,491864.28953832015,491864.28953832015,15100.493272852153,0.0,0
2002,zinc,refined_metal,RoW,RoW,2575792.53337187,2575792.53337187,2575792.53337187,15100.493272852153,84872.33053218387,0
2002,zinc,refined_metal,China,China,0.0,0.0,0.0,0.0,28119.960214233644,1
2002,zinc,refined_metal,China,EU27,0.0,0.0,37870.38034690027,0.0,0.0,1
2002,zinc,refined_metal,China,RoW,1162.6406629468547,1162.6406629468547,535564.2380530997,0.0,35803.07608576678,1
2002,zinc,refined_metal,EU27,China,679.6088802288043,679.6088802288043,5384.343713939523,0.0,28119.960214233644,1
2002,zinc,refined_metal,EU27,EU27,0.0,0.0,1098841.2484147795,0.0,0.0,1
2002,zinc,refined_metal,EU27,RoW,33055.397365487435,33055.397365487435,261888.30987128094,0.0,35803.07608576678,1
2002,zinc,refined_metal,RoW,China,249.2768548692985,249.2768548692985,43483.81357182684,4.656612873077393e-10,28119.960214233644,1
2002,zinc,refined_metal,RoW,EU27,0.0,0.0,491864.28953832015,4.656612873077393e-10,0.0,1
2002,zinc,refined_metal,RoW,RoW,14851.216417982854,14851.216417982854,2590643.7497898526,4.656612873077393e-10,35803.07608576678,1
2002,zinc,scrap,China,China,0.0,0.0,0.0,0.018680104488339566,0.0,0
2002,zinc,scrap,China,EU27,10.055666666666667,10.036986562178514,10.036986562178514,0.018680104488339566,0.0,0
2002,zinc,scrap,China,RoW,4381.245833333333,4381.245833333333,4381.245833333333,0.018680104488339566,6527.161296237726,0
2002,zinc,scrap,EU27,China,27732.893447869366,26106.398013332713,26106.398013332713,2079.7404238271993,0.0,0
2002,zinc,scrap,EU27,EU27,243985.81568600153,243532.57069671105,243532.57069671105,2079.7404238271993,0.0,0
2002,zinc,scrap,EU27,RoW,76453.48086612906,76453.48086612906,76453.48086612906,2079.7404238271993,6527.161296237726,0
2002,zinc,scrap,RoW,China,52846.37394787151,49747.00798666729,49747.00798666729,3185.3741923060734,0.0,0
2002,zinc,scrap,RoW,EU27,46298.99704782865,46212.98881672676,46212.98881672676,3185.3741923060734,0.0,0
2002,zinc,scrap,RoW,RoW,250135.77300429984,250135.77300429984,250135.77300429984,3185.3741923060734,6527.161296237726,0
2002,zinc,scrap,China,China,0.0,0.0,0.0,0.0,0.0,1
2002,zinc,scrap,China,EU27,0.0,0.0,10.036986562178514,0.0,0.0,1
2002,zinc,scrap,China,RoW,0.018680104488339566,0.018680104488339566,4381.264513437822,0.0,1262.027999999933,1
2002,zinc,scrap,EU27,China,0.0,0.0,26106.398013332713,0.0,0.0,1
2002,zinc,scrap,EU27,EU27,0.0,0.0,243532.57069671105,0.0,0.0,1
2002,zinc,scrap,EU27,RoW,2079.7404238271993,2079.7404238271993,78533.22128995626,0.0,1262.027999999933,1
2002,zinc,scrap,RoW,China,0.0,0.0,49747.00798666729,0.0,0.0,1
2002,zinc,scrap,RoW,EU27,0.0,0.0,46212.98881672676,0.0,0.0,1
2002,zinc,scrap,RoW,RoW,3185.3741923060734,3185.3741923060734,253321.14719660592,0.0,1262.027999999933,1
2003,nickel,concentrates,China,China,0.0,0.0,0.0,0.203257020957901,0.0,0
2003,nickel,concentrates,China,EU27,1.1607448591090193,0.9574878381511192,0.9574878381511192,0.203257020957901,0.0,0
2003,nickel,concentrates,China,RoW,10.306955140890981,10.306955140890981,10.306955140890981,0.203257020957901,457111.8010581508,0
2003,nickel,concentrates,EU27,China,2862.729135721284,2490.1188331425105,2490.1188331425105,1605.6266806988351,0.0,0
2003,nickel,concentrates,EU27,EU27,7041.416898442678,5808.400520322623,5808.400520322623,1605.6266806988351,0.0,0
2003,nickel,concentrates,EU27,RoW,33049.52821583603,33049.52821583603,33049.52821583603,1605.6266806988351,457111.8010581508,0
2003,nickel,concentrates,RoW,China,9369.427266505558,8149.910866857489,8149.910866857489,46398.477370429784,0.0,0
2003,nickel,concentrates,RoW,EU27,258004.60146262168,212825.64049183924,212825.64049183924,46398.477370429784,0.0,0
2003,nickel,concentrates,RoW,RoW,7821936.241720872,7821936.241720872,7821936.241720872,46398.477370429784,457111.8010581508,0
2003,nickel,concentrates,China,China,0.0,0.0,0.0,0.0,0.0,1
2003,nickel,concentrates,China,EU27,0.0,0.0,0.9574878381511192,0.0,0.0,1
2003,nickel,concentrates,China,RoW,0.203257020957901,0.203257020957901,10.510212161848882,0.0,409107.4937500013,1
2003,nickel,concentrates,EU27,China,0.0,0.0,2490.1188331425105,0.0,0.0,1
2003,nickel,concentrates,EU27,EU27,0.0,0.0,5808.400520322623,0.0,0.0,1
2003,nickel,concentrates,EU27,RoW,1605.6266806988351,1605.6266806988351,34655.15489653486,0.0,409107.4937500013,1
2003,nickel,concentrates,RoW,China,0.0,0.0,8149.910866857489,0.0,0.0,1
2003,nickel,concentrates,RoW,EU27,0.0,0.0,212825.64049183924,0.0,0.0,1
2003,nickel,concentrates,RoW,RoW,46398.477370429784,46398.477370429784,7868334.719091302,0.0,409107.4937500013,1
2003,nickel,refined_metal,China,China,0.0,0.0,0.0,3.6095784620001723,23649.442788818487,0
2003,nickel,refined_metal,China,EU27,72.0593066966385,68.44972823463864,68.44972823463864,3.6095784620001723,0.0,0
2003,nickel,refined_metal,China,RoW,7582.880993303363,7582.880993303363,7582.880993303363,3.6095784620001723,34287.489458454074,0
2003,nickel,refined_metal,EU27,China,595.7804456419841,595.7804456419841,595.7804456419841,4030.3777636424347,23649.442788818487,0
2003,nickel,refined_metal,EU27,EU27,80459.87375842046,76429.49599477803,76429.49599477803,4030.3777636424347,0.0,0
2003,nickel,refined_metal,EU27,RoW,35031.539545937565,35031.539545937565,35031.539545937565,4030.3777636424347,34287.489458454074,0
2003,nickel,refined_metal,RoW,China,43569.49406553953,43569.49406553953,43569.49406553953,21270.90755516803,23649.442788818487,0
2003,nickel,refined_metal,RoW,EU27,424638.74033215543,403367.83277698734,403367.83277698734,21270.90755516803,0.0,0
2003,nickel,refined_metal,RoW,RoW,586296.043052305,586296.043052305,586296.043052305,21270.90755516803,34287.489458454074,0
2003,nickel,refined_metal,China,China,0.0,0.0,0.0,0.0,22110.678591944335,1
2003,nickel,refined_metal,China,EU27,0.0,0.0,68.44972823463864,0.0,0.0,1
2003,nickel,refined_metal,China,RoW,3.6095784620001723,3.6095784620001723,7586.490571765363,0.0,10521.358758055838,1
2003,nickel,refined_metal,EU27,China,67.39828481895233,67.39828481895233,663.1787304609364,0.0,22110.678591944335,1
2003,nickel,refined_metal,EU27,EU27,0.0,0.0,76429.49599477803,0.0,0.0,1
2003,nickel,refined_metal,EU27,RoW,3962.979478823482,3962.979478823482,38994.519024761044,0.0,10521.358758055838,1
2003,nickel,refined_metal,RoW,China,1471.3659120551965,1471.3659120551965,45040.85997759473,0.0,22110.678591944335,1
2003,nickel,refined_metal,RoW,EU27,0.0,0.0,403367.83277698734,0.0,0.0,1
2003,nickel,refined_metal,RoW,RoW,19799.541643112836,19799.541643112836,606095.5846954178,0.0,10521.358758055838,1
2003,nickel,scrap,China,China,0.0,0.0,0.0,0.0,0.0,0
2003,nickel,scrap,China,EU27,0.0,0.0,0.0,0.0,0.0,0
2003,nickel,scrap,China,RoW,474.29900000000004,474.29900000000004,474.29900000000004,0.0,2048.0480199966696,0
2003,nickel,scrap,EU27,China,54.96153027302083,47.96885917313785,47.96885917313785,1280.9697388087734,0.0,0
2003,nickel,scrap,EU27,EU27,26337.69453007249,25063.717462363595,25063.717462363595,1280.9697388087734,0.0,0
2003,nickel,scrap,EU27,RoW,12941.44993965449,12941.44993965449,12941.44993965449,1280.9697388087734,2048.0480199966696,0
2003,nickel,scrap,RoW,China,737.7854508205895,643.9181408268623,643.9181408268623,767.0782811878889,0.0,0
2003,nickel,scrap,RoW,EU27,13917.695508830573,13244.484537636412,13244.484537636412,767.0782811878889,0.0,0
2003,nickel,scrap,RoW,RoW,84839.13804034884,84839.13804034884,84839.13804034884,767.0782811878889,2048.0480199966696,0
2003,nickel,scrap,China,China,0.0,0.0,0.0,0.0,0.0,1
2003,nickel,scrap,China,EU27,0.0,0.0,0.0,0.0,0.0,1
2003,nickel,scrap,China,RoW,0.0,0.0,474.29900000000004,0.0,0.0,1
2003,nickel,scrap,EU27,China,0.0,0.0,47.96885917313785,0.0,0.0,1
2003,nickel,scrap,EU27,EU27,0.0,0.0,25063.717462363595,0.0,0.0,1
2003,nickel,scrap,EU27,RoW,1280.9697388087734,1280.9697388087734,14222.419678463264,0.0,0.0,1
2003,nickel,scrap,RoW,China,0.0,0.0,643.9181408268623,0.0,0.0,1
2003,nickel,scrap,RoW,EU27,0.0,0.0,13244.484537636412,0.0,0.0,1
2003,nickel,scrap,RoW,RoW,767.0782811878889,767.0782811878889,85606.21632153673,0.0,0.0,1
2003,tin,concentrates,China,China,0.0,0.0,0.0,12.708089561357724,1101.0294404786996,0
2003,tin,concentrates,China,EU27,0.7392862367507235,0.614382265211961,0.614382265211961,12.708089561357724,0.0,0
2003,tin,concentrates,China,RoW,451.1427137632492,438.5595281734303,438.5595281734303,12.708089561357724,0.0,0
2003,tin,concentrates,EU27,China,411.14213806790667,411.14213806790667,411.14213806790667,87.85341874722599,1101.0294404786996,0
2003,tin,concentrates,EU27,EU27,398.96332613793163,331.55762932425637,331.55762932425637,87.85341874722599,0.0,0
2003,tin,concentrates,EU27,RoW,733.1085357941616,712.660813860611,712.660813860611,87.85341874722599,0.0,0
2003,tin,concentrates,RoW,China,1588.2884214533938,1588.2884214533938,1588.2884214533938,1000.467932170126,1101.0294404786996,0
2003,tin,concentrates,RoW,EU27,368.9149483088144,306.58598841053174,306.58598841053174,1000.467932170126,0.0,0
2003,tin,concentrates,RoW,RoW,33634.92963023779,32696.790657965954,32696.790657965954,1000.467932170126,0.0,0
2003,tin,concentrates,China,China,0.0,0.0,0.0,12.708089561357724,12.708089561347606,1
2003,tin,concentrates,China,EU27,0.0,0.0,0.614382265211961,12.708089561357724,0.0,1
2003,tin,concentrates,China,RoW,0.0,0.0,438.5595281734303,12.708089561357724,0.0,1
2003,tin,concentrates,EU27,China,87.85341874722599,87.85341874722599,498.99555681513266,0.0,12.708089561347606,1
2003,tin,concentrates,EU27,EU27,0.0,0.0,331.55762932425637,0.0,0.0,1
2003,tin,concentrates,EU27,RoW,0.0,0.0,712.660813860611,0.0,0.0,1
2003,tin,concentrates,RoW,China,1000.467932170126,1000.467932170126,2588.7563536235198,0.0,12.708089561347606,1
2003,tin,concentrates,RoW,EU27,0.0,0.0,306.58598841053174,0.0,0.0,1
2003,tin,concentrates,RoW,RoW,0.0,0.0,32696.790657965954,0.0,0.0,1
2003,tin,refined_metal,China,China,0.0,0.0,0.0,2886.4981298255734,1665.9717416479816,0
2003,tin,refined_metal,China,EU27,15965.914365752486,13079.416235926914,13079.416235926914,2886.4981298255734,0.0,0
2003,tin,refined_metal,China,RoW,33537.145634247514,33537.145634247514,33537.145634247514,2886.4981298255734,18316.621959812648,0
2003,tin,refined_metal,EU27,China,169.79895289048554,169.79895289048554,169.79895289048554,2918.4638979536066,1665.9717416479816,0
2003,tin,refined_metal,EU27,EU27,16142.724706037903,13224.260808084298,13224.260808084298,2918.4638979536066,0.0,0
2003,tin,refined_metal,EU27,RoW,5945.727341071612,5945.727341071612,5945.727341071612,2918.4638979536066,18316.621959812648,0
2003,tin,refined_metal,RoW,China,11612.066305461532,11612.066305461532,11612.066305461532,14177.631673681462,1665.9717416479816,0
2003,tin,refined_metal,RoW,EU27,78419.88562967024,64242.25395598878,64242.25395598878,14177.631673681462,0.0,0
2003,tin,refined_metal,RoW,RoW,168479.2180648682,168479.2180648682,168479.2180648682,14177.631673681462,18316.621959812648,0
2003,tin,refined_metal,China,China,0.0,0.0,0.0,101.97367150934588,670.7835462937182,1
2003,tin,refined_metal,China,EU27,0.0,0.0,13079.416235926914,101.97367150934588,0.0,1
2003,tin,refined_metal,China,RoW,2886.4981298255734,2784.5244583162184,36321.670092563734,101.97367150934588,0.0,1
2003,tin,refined_metal,EU27,China,81.03180169635922,81.03180169635922,250.83075458684476,100.24027575979198,670.7835462937182,1
2003,tin,refined_metal,EU27,EU27,0.0,0.0,13224.260808084298,100.24027575979198,0.0,1
2003,tin,refined_metal,EU27,RoW,2837.4320962572474,2737.191820497456,8682.919161569067,100.24027575979198,0.0,1
2003,tin,refined_metal,RoW,China,914.1563936579041,914.1563936579041,12526.222699119437,468.5695990245731,670.7835462937182,1
2003,tin,refined_metal,RoW,EU27,0.0,0.0,64242.25395598878,468.5695990245731,0.0,1
2003,tin,refined_metal,RoW,RoW,13263.475280023558,12794.905680998976,181274.1237458672,468.5695990245731,0.0,1
2003,tin,scrap,China,China,0.0,0.0,0.0,4.691283644701535,847.3495234899004,0
2003,tin,scrap,China,EU27,6.418433796345601,6.418433796345601,6.418433796345601,4.691283644701535,960.4387642583661,0
2003,tin,scrap,China,RoW,41.7465662036544,37.05528255895286,37.05528255895286,4.691283644701535,0.0,0
2003,tin,scrap,EU27,China,0.0,0.0,0.0,44.13312237844457,847.3495234899004,0
2003,tin,scrap,EU27,EU27,5294.970322009504,5294.970322009504,5294.970322009504,44.13312237844457,960.4387642583661,0
2003,tin,scrap,EU27,RoW,392.72967799049496,348.5965556120505,348.5965556120505,44.13312237844457,0.0,0
2003,tin,scrap,RoW,China,934.6104765100996,934.6104765100996,934.6104765100996,1758.963881725118,847.3495234899004,0
2003,tin,scrap,RoW,EU27,2075.3014799357857,2075.3014799357857,2075.3014799357857,1758.963881725118,960.4387642583661,0
2003,tin,scrap,RoW,RoW,15652.582043554112,13893.618161828997,13893.618161828997,1758.963881725118,0.0,0
2003,tin,scrap,China,China,0.0,0.0,0.0,1.1199044422530307,301.1720620054973,1
2003,tin,scrap,China,EU27,4.691283644701535,3.5713792024485045,9.989812998794106,1.1199044422530307,0.0,1
2003,tin,scrap,China,RoW,0.0,0.0,37.05528255895286,1.1199044422530307,0.0,1
2003,tin,scrap,EU27,China,0.0,0.0,0.0,10.535470362773594,301.1720620054973,1
2003,tin,scrap,EU27,EU27,44.13312237844457,33.597652015671144,5328.567974025175,10.535470362773594,0.0,1
2003,tin,scrap,EU27,RoW,0.0,0.0,348.5965556120505,10.535470362773594,0.0,1
2003,tin,scrap,RoW,China,546.1774614844031,546.1774614844031,1480.7879379945027,289.51668720046655,301.1720620054973,1
2003,tin,scrap,RoW,EU27,1212.7864202407147,923.2697330402464,2998.5712129760323,289.51668720046655,0.0,1
2003,tin,scrap,RoW,RoW,0.0,0.0,13893.618161828997,289.51668720046655,0.0,1
2003,zinc,concentrates,China,China,0.0,0.0,0.0,54.063618482157835,12849.2896668904,0
2003,zinc,concentrates,China,EU27,3516.345743350697,3516.345743350697,3516.345743350697,54.063618482157835,528709.7008331846,0
2003,zinc,concentrates,China,RoW,8635.860756649303,8581.797138167145,8581.797138167145,54.063618482157835,0.0,0
2003,zinc,concentrates,EU27,China,10646.727993329718,10646.727993329718,10646.727993329718,1411.6231831102632,12849.2896668904,0
2003,zinc,concentrates,EU27,EU27,1484519.1707780932,1484519.1707780932,1484519.1707780932,1411.6231831102632,528709.7008331846,0
2003,zinc,concentrates,EU27,RoW,225485.85522857704,224074.23204546652,224074.23204546652,1411.6231831102632,0.0,0
2003,zinc,concentrates,RoW,China,714132.4220397798,714132.4220397798,714132.4220397798,26656.337398482487,12849.2896668904,0
2003,zinc,concentrates,RoW,EU27,2839590.5001453715,2839590.5001453715,2839590.5001453715,26656.337398482487,528709.7008331846,0
2003,zinc,concentrates,RoW,RoW,4257954.323414848,4231297.986016367,4231297.986016367,26656.337398482487,0.0,0
2003,zinc,concentrates,China,China,0.0,0.0,0.0,0.0,7482.558309343061,1
2003,zinc,concentrates,China,EU27,54.063618482157835,54.063618482157835,3570.4093618328548,0.0,505954.4079906577,1
2003,zinc,concentrates,China,RoW,0.0,0.0,8581.797138167145,0.0,0.0,1
2003,zinc,concentrates,EU27,China,10.05183978045694,10.05183978045694,10656.779833110175,0.0,7482.558309343061,1
2003,zinc,concentrates,EU27,EU27,1401.5713433298063,1401.5713433298063,1485920.742121423,0.0,505954.4079906577,1
2003,zinc,concentrates,EU27,RoW,0.0,0.0,224074.23204546652,0.0,0.0,1
2003,zinc,concentrates,RoW,China,5356.679517766879,5356.679517766879,719489.1015575468,0.0,7482.558309343061,1
2003,zinc,concentrates,RoW,EU27,21299.657880715607,21299.657880715607,2860890.158026087,0.0,505954.4079906577,1
2003,zinc,concentrates,RoW,RoW,0.0,0.0,4231297.986016367,0.0,0.0,1
2003,zinc,refined_metal,China,China,0.0,0.0,0.0,3142.4681632512948,53568.5185869276,0
2003,zinc,refined_metal,China,EU27,34529.00495035786,34529.00495035786,34529.00495035786,3142.4681632512948,100610.48561484646,0
2003,zinc,refined_metal,China,RoW,498678.89254964225,495536.4243863909,495536.4243863909,3142.4681632512948,4.656612873077393e-10,0
2003,zinc,refined_metal,EU27,China,6232.287039227967,6232.287039227967,6232.287039227967,1358.993895004969,53568.5185869276,0
2003,zinc,refined_metal,EU27,EU27,1208145.6420565064,1208145.6420565064,1208145.6420565064,1358.993895004969,100610.48561484646,0
2003,zinc,refined_metal,EU27,RoW,215659.00920426557,214300.01530926075,214300.01530926075,1358.993895004969,4.656612873077393e-10,0
2003,zinc,refined_metal,RoW,China,68962.36267384443,68962.36267384443,68962.36267384443,14645.237243518233,53568.5185869276,0
2003,zinc,refined_metal,RoW,EU27,405345.1823782892,405345.1823782892,405345.1823782892,14645.237243518233,100610.48561484646,0
2003,zinc,refined_metal,RoW,RoW,2324055.586347867,2309410.349104348,2309410.349104348,14645.237243518233,4.656612873077393e-10,0
2003,zinc,refined_metal,China,China,0.0,0.0,0.0,2938.9709921214962,53201.68129612932,1
2003,zinc,refined_metal,China,EU27,203.49717112966417,203.49717112966417,34732.50212148753,2938.9709921214962,97137.48790854891,1
2003,zinc,refined_metal,China,RoW,2938.970992121631,8.940858090269688e-11,495536.424386391,2938.9709921214962,0.0,1
2003,zinc,refined_metal,EU27,China,5.922672213137337,5.922672213137337,6238.209711441104,204.94524935842492,53201.68129612932,1
2003,zinc,refined_metal,EU27,EU27,1148.1259734335708,1148.1259734335708,1209293.7680299398,204.94524935842492,97137.48790854891,1
2003,zinc,refined_metal,EU27,RoW,204.9452493582608,6.234788964229798e-12,214300.01530926075,204.94524935842492,0.0,1
2003,zinc,refined_metal,RoW,China,360.9146185851576,360.9146185851576,69323.27729242959,12162.948063198011,53201.68129612932,1
2003,zinc,refined_metal,RoW,EU27,2121.3745617343407,2121.3745617343407,407466.5569400235,12162.948063198011,97137.48790854891,1
2003,zinc,refined_metal,RoW,RoW,12162.948063198737,3.7001791744081255e-10,2309410.3491043486,12162.948063198011,0.0,1
2003,zinc,scrap,China,China,0.0,0.0,0.0,67.30750720731339,28251.967612760418,0
2003,zinc,scrap,China,EU27,7.713913859934235,7.713913859934235,7.713913859934235,67.30750720731339,593.0237041089567,0
2003,zinc,scrap,China,RoW,3330.377086140066,3263.0695789327524,3263.0695789327524,67.30750720731339,0.0,0
2003,zinc,scrap,EU27,China,36494.52855401107,36494.52855401107,36494.52855401107,1437.1460980483098,28251.967612760418,0
2003,zinc,scrap,EU27,EU27,241829.66572109508,241829.66572109508,241829.66572109508,1437.1460980483098,593.0237041089567,0
2003,zinc,scrap,EU27,RoW,71110.0237248938,69672.87762684555,69672.87762684555,1437.1460980483098,0.0,0
2003,zinc,scrap,RoW,China,50751.31083322851,50751.31083322851,50751.31083322851,4468.182211613806,28251.967612760418,0
2003,zinc,scrap,RoW,EU27,40713.895160936045,40713.895160936045,40713.895160936045,4468.182211613806,593.0237041089567,0
2003,zinc,scrap,RoW,RoW,221085.76400583546,216617.58179422168,216617.58179422168,4468.182211613806,0.0,0
2003,zinc,scrap,China,China,0.0,0.0,0.0,55.23012237283774,25584.264758239122,1
2003,zinc,scrap,China,EU27,67.30750720731339,12.07738483447544,19.791298694409676,55.23012237283774,0.0,1
2003,zinc,scrap,China,RoW,0.0,0.0,3263.0695789327524,55.23012237283774,0.0,1
2003,zinc,scrap,EU27,China,188.4420053675538,188.4420053675538,36682.97055937863,1024.6417184014572,25584.264758239122,1
2003,zinc,scrap,EU27,EU27,1248.704092680756,224.06237427927388,242053.72809537436,1024.6417184014572,0.0,1
2003,zinc,scrap,EU27,RoW,0.0,0.0,69672.87762684555,1024.6417184014572,0.0,1
2003,zinc,scrap,RoW,China,2479.2608491537458,2479.2608491537458,53230.57168238226,1632.0374174648314,25584.264758239122,1
2003,zinc,scrap,RoW,EU27,1988.9213624600604,356.88394499520746,41070.77910593125,1632.0374174648314,0.0,1
2003,zinc,scrap,RoW,RoW,0.0,0.0,216617.58179422168,1632.0374174648314,0.0,1
2004,nickel,concentrates,China,China,0.0,0.0,0.0,0.013366361248928982,73044.7620001511,0
2004,nickel,concentrates,China,EU27,0.46283544812034516,0.4494690868714156,0.4494690868714156,0.013366361248928982,0.0,0
2004,nickel,concentrates,China,RoW,13.703614551879657,13.703614551879657,13.703614551879657,0.013366361248928982,1010074.0052539986,0
2004,nickel,concentrates,EU27,China,1167.5884599602934,1167.5884599602934,1167.5884599602934,122.16368397220504,73044.7620001511,0
2004,nickel,concentrates,EU27,EU27,4230.14778385083,4107.984099878622,4107.984099878622,122.16368397220504,0.0,0
2004,nickel,concentrates,EU27,RoW,12797.95840618888,12797.95840618888,12797.95840618888,122.16368397220504,1010074.0052539986,0
2004,nickel,concentrates,RoW,China,41251.76378988862,41251.76378988862,41251.76378988862,6263.753053817898,73044.7620001511,0
2004,nickel,concentrates,RoW,EU27,216894.2539848516,210630.50093103453,210630.50093103453,6263.753053817898,0.0,0
2004,nickel,concentrates,RoW,RoW,8240271.74642526,8240271.74642526,8240271.74642526,6263.753053817898,1010074.0052539986,0
2004,nickel,concentrates,China,China,0.0,0.0,0.0,0.0,73003.34763000176,1
2004,nickel,concentrates,China,EU27,0.0,0.0,0.4494690868714156,0.0,0.0,1
2004,nickel,concentrates,China,RoW,0.013366361248928982,0.013366361248928982,13.716980913128586,0.0,1003729.4895199966,1
2004,nickel,concentrates,EU27,China,10.213485300594837,10.213485300594837,1177.8019452608883,3.637978807091713e-12,73003.34763000176,1
2004,nickel,concentrates,EU27,EU27,0.0,0.0,4107.984099878622,3.637978807091713e-12,0.0,1
2004,nickel,concentrates,EU27,RoW,111.9501986716102,111.9501986716102,12909.90860486049,3.637978807091713e-12,1003729.4895199966,1
2004,nickel,concentrates,RoW,China,31.20088484873197,31.20088484873197,41282.96467473735,0.0,73003.34763000176,1
2004,nickel,concentrates,RoW,EU27,0.0,0.0,210630.50093103453,0.0,0.0,1
2004,nickel,concentrates,RoW,RoW,6232.552168969166,6232.552168969166,8246504.298594229,0.0,1003729.4895199966,1
2004,nickel,refined_metal,China,China,0.0,0.0,0.0,5.953405483960523,3991.166142611284,0
2004,nickel,refined_metal,China,EU27,159.127332731658,153.17392724769795,153.17392724769795,5.953405483960523,0.0,0
2004,nickel,refined_metal,China,RoW,11666.934217268343,11666.934217268343,11666.934217268343,5.953405483960523,66556.99614121532,0
2004,nickel,refined_metal,EU27,China,863.5491472710574,863.5491472710574,863.5491472710574,3239.772946917612,3991.166142611284,0
2004,nickel,refined_metal,EU27,EU27,86595.21497203031,83355.4420251127,83355.4420251127,3239.772946917612,0.0,0
2004,nickel,refined_metal,EU27,RoW,39089.68723069865,39089.68723069865,39089.68723069865,3239.772946917612,66556.99614121532,0
2004,nickel,refined_metal,RoW,China,55367.80746011766,55367.80746011766,55367.80746011766,15733.985081424937,3991.166142611284,0
2004,nickel,refined_metal,RoW,EU27,420550.4036290647,404816.41854763957,404816.41854763957,15733.985081424937,0.0,0
2004,nickel,refined_metal,RoW,RoW,611218.1037108176,611218.1037108176,611218.1037108176,15733.985081424937,66556.99614121532,0
2004,nickel,refined_metal,China,China,0.0,0.0,0.0,0.0,2614.249005549864,1
2004,nickel,refined_metal,China,EU27,0.0,0.0,153.17392724769795,0.0,0.0,1
2004,nickel,refined_metal,China,RoW,5.953405483960523,5.953405483960523,11672.887622752303,0.0,48954.2018444502,1
2004,nickel,refined_metal,EU27,China,70.0244440574332,70.0244440574332,933.5735913284907,0.0,2614.249005549864,1
2004,nickel,refined_metal,EU27,EU27,0.0,0.0,83355.4420251127,0.0,0.0,1
2004,nickel,refined_metal,EU27,RoW,3169.7485028601786,3169.7485028601786,42259.43573355883,0.0,48954.2018444502,1
2004,nickel,refined_metal,RoW,China,1306.8926930039866,1306.8926930039866,56674.70015312165,0.0,2614.249005549864,1
2004,nickel,refined_metal,RoW,EU27,0.0,0.0,404816.41854763957,0.0,0.0,1
2004,nickel,refined_metal,RoW,RoW,14427.09238842095,14427.09238842095,625645.1960992386,0.0,48954.2018444502,1
2004,nickel,scrap,China,China,0.0,0.0,0.0,48.48909845782748,229.5716351706177,0
2004,nickel,scrap,China,EU27,0.0,0.0,0.0,48.48909845782748,5558.885748397974,0
2004,nickel,scrap,China,RoW,603.864,555.3749015421726,555.3749015421726,48.48909845782748,0.0,0
2004,nickel,scrap,EU27,China,30.871404345948733,30.871404345948733,30.871404345948733,940.1935470882017,229.5716351706177,0
2004,nickel,scrap,EU27,EU27,23115.797068460262,23115.797068460262,23115.797068460262,940.1935470882017,5558.885748397974,0
2004,nickel,scrap,EU27,RoW,11708.797527193788,10768.603980105592,10768.603980105592,940.1935470882017,0.0,0
2004,nickel,scrap,RoW,China,493.6919604834336,493.6919604834336,493.6919604834336,4799.774738022577,229.5716351706177,0
2004,nickel,scrap,RoW,EU27,10866.47918314176,10866.47918314176,10866.47918314176,4799.774738022577,5558.885748397974,0
2004,nickel,scrap,RoW,RoW,59774.49085637481,54974.716118352226,54974.716118352226,4799.774738022577,0.0,0
2004,nickel,scrap,China,China,0.0,0.0,0.0,48.48909845782748,19.72836618893143,1
2004,nickel,scrap,China,EU27,0.0,0.0,0.0,48.48909845782748,28.7607322688782,1
2004,nickel,scrap,China,RoW,0.0,0.0,555.3749015421726,48.48909845782748,0.0,1
2004,nickel,scrap,EU27,China,1.2539642665946378,1.2539642665946378,32.12536861254337,0.0,19.72836618893143,1
2004,nickel,scrap,EU27,EU27,938.9395828216072,938.9395828216072,24054.73665128187,0.0,28.7607322688782,1
2004,nickel,scrap,EU27,RoW,0.0,0.0,10768.603980105592,0.0,0.0,1
2004,nickel,scrap,RoW,China,208.58930471509152,208.58930471509152,702.2812651985251,0.0,19.72836618893143,1
2004,nickel,scrap,RoW,EU27,4591.185433307486,4591.185433307486,15457.664616449247,0.0,28.7607322688782,1
2004,nickel,scrap,RoW,RoW,0.0,0.0,54974.716118352226,0.0,0.0,1
2004,tin,concentrates,China,China,0.0,0.0,0.0,28.520832569633285,1471.4516737617987,0
2004,tin,concentrates,China,EU27,7.755178893462771,7.755178893462771,7.755178893462771,28.520832569633285,192.797542270471,0
2004,tin,concentrates,China,RoW,697.5358211065372,669.0149885369038,669.0149885369038,28.520832569633285,0.0,0
2004,tin,concentrates,EU27,China,796.8394171355243,796.8394171355243,796.8394171355243,39.7306625439378,1471.4516737617987,0
2004,tin,concentrates,EU27,EU27,865.445235155749,865.445235155749,865.445235155749,39.7306625439378,192.797542270471,0
2004,tin,concentrates,EU27,RoW,971.6953477087268,931.9646851647891,931.9646851647891,39.7306625439378,0.0,0
2004,tin,concentrates,RoW,China,3204.909909102678,3204.909909102678,3204.909909102678,1595.9977209186982,1471.4516737617987,0
2004,tin,concentrates,RoW,EU27,411.3180436803173,411.3180436803173,411.3180436803173,1595.9977209186982,192.797542270471,0
2004,tin,concentrates,RoW,RoW,39033.418047217,37437.4203262983,37437.4203262983,1595.9977209186982,0.0,0
2004,tin,concentrates,China,China,0.0,0.0,0.0,4.689755765386849,37.94093707315187,1
2004,tin,concentrates,China,EU27,28.520832569633285,23.831076804246475,31.586255697709248,4.689755765386849,0.0,1
2004,tin,concentrates,China,RoW,0.0,0.0,669.0149885369038,4.689755765386849,0.0,1
2004,tin,concentrates,EU27,China,19.045449249790806,19.045449249790806,815.884866385315,3.4013242098608316,37.94093707315187,1
2004,tin,concentrates,EU27,EU27,20.68521329414699,17.283889084286134,882.729124240035,3.4013242098608316,0.0,1
2004,tin,concentrates,EU27,RoW,0.0,0.0,931.9646851647891,3.4013242098608316,0.0,1
2004,tin,concentrates,RoW,China,1414.4652874388564,1414.4652874388564,4619.375196541534,29.84985709790635,37.94093707315187,1
2004,tin,concentrates,RoW,EU27,181.53243347984193,151.6825763819384,563.0006200622557,29.84985709790635,0.0,1
2004,tin,concentrates,RoW,RoW,0.0,0.0,37437.4203262983,29.84985709790635,0.0,1
2004,tin,refined_metal,China,China,0.0,0.0,0.0,4232.446820606623,6492.117140216833,0
2004,tin,refined_metal,China,EU27,13086.3582541396,8853.91143353298,8853.91143353298,4232.446820606623,1.4551915228366852e-11,0
2004,tin,refined_metal,China,RoW,37575.813745860396,37575.813745860396,37575.813745860396,4232.446820606623,39578.84222133388,0
2004,tin,refined_metal,EU27,China,190.6350671604249,190.6350671604249,190.6350671604249,5578.462538371645,6492.117140216833,0
2004,tin,refined_metal,EU27,EU27,17248.122038770296,11669.65950039865,11669.65950039865,5578.462538371645,1.4551915228366852e-11,0
2004,tin,refined_metal,EU27,RoW,6358.76189406928,6358.76189406928,6358.76189406928,5578.462538371645,39578.84222133388,0
2004,tin,refined_metal,RoW,China,17552.369792622743,17552.369792622743,17552.369792622743,32958.15600257245,6492.117140216833,0
2004,tin,refined_metal,RoW,EU27,101903.75806864088,68945.60206606836,68945.60206606836,32958.15600257245,1.4551915228366852e-11,0
2004,tin,refined_metal,RoW,RoW,237875.3751387364,237875.3751387364,237875.3751387364,32958.15600257245,39578.84222133388,0
2004,tin,refined_metal,China,China,0.0,0.0,0.0,1093.2676827604737,4828.502338195642,1
2004,tin,refined_metal,China,EU27,1093.2676827604705,1.0945049200749713e-12,8853.911433532981,1093.2676827604737,0.0,1
2004,tin,refined_metal,China,RoW,3139.1791378461526,3139.1791378461526,40714.992883706545,1093.2676827604737,13008.857286165061,1
2004,tin,refined_metal,EU27,China,44.68745589212023,44.68745589212023,235.32252305254514,4043.19469817599,4828.502338195642,1
2004,tin,refined_metal,EU27,EU27,4043.1946981759925,4.04777033086802e-12,11669.659500398653,4043.19469817599,0.0,1
2004,tin,refined_metal,EU27,RoW,1490.580384303532,1490.580384303532,7849.342278372812,4043.19469817599,13008.857286165061,1
2004,tin,refined_metal,RoW,China,1618.9273461290668,1618.9273461290668,19171.297138751812,9399.00324342429,4828.502338195642,1
2004,tin,refined_metal,RoW,EU27,9399.003243424264,9.409639977423862e-12,68945.60206606837,9399.00324342429,0.0,1
2004,tin,refined_metal,RoW,RoW,21940.225413019118,21940.225413019118,259815.60055175552,9399.00324342429,13008.857286165061,1
2004,tin,scrap,China,China,0.0,0.0,0.0,2.0744865100140117,1121.2326975751866,0
2004,tin,scrap,China,EU27,0.0003333333333333333,0.0003197079836441568,0.0003197079836441568,2.0744865100140117,0.0,0
2004,tin,scrap,China,RoW,101.06866666666669,98.99419378200234,98.99419378200234,2.0744865100140117,0.0,0
2004,tin,scrap,EU27,China,0.0,0.0,0.0,338.2187940502936,1121.2326975751866,0
2004,tin,scrap,EU27,EU27,7894.99180697059,7572.275734481117,7572.275734481117,338.2187940502936,0.0,0
2004,tin,scrap,EU27,RoW,755.2951930294108,739.792471468589,739.792471468589,338.2187940502936,0.0,0
2004,tin,scrap,RoW,China,2481.4843024248134,2481.4843024248134,2481.4843024248134,686.34641701488,1121.2326975751866,0
2004,tin,scrap,RoW,EU27,4244.709916640943,4071.202945810899,4071.202945810899,686.34641701488,0.0,0
2004,tin,scrap,RoW,RoW,24985.623780934242,24472.78433474941,24472.78433474941,686.34641701488,0.0,0
2004,tin,scrap,China,China,0.0,0.0,0.0,2.0744865100140117,434.88628056030666,1
2004,tin,scrap,China,EU27,0.0,0.0,0.0003197079836441568,2.0744865100140117,0.0,1
2004,tin,scrap,China,RoW,0.0,0.0,98.99419378200234,2.0744865100140117,0.0,1
2004,tin,scrap,EU27,China,0.0,0.0,0.0,338.2187940502936,434.88628056030666,1
2004,tin,scrap,EU27,EU27,0.0,0.0,7572.275734481117,338.2187940502936,0.0,1
2004,tin,scrap,EU27,RoW,0.0,0.0,739.792471468589,338.2187940502936,0.0,1
2004,tin,scrap,RoW,China,686.34641701488,686.34641701488,3167.8307194396934,0.0,434.88628056030666,1
2004,tin,scrap,RoW,EU27,0.0,0.0,4071.202945810899,0.0,0.0,1
2004,tin,scrap,RoW,RoW,0.0,0.0,24472.78433474941,0.0,0.0,1
2004,zinc,concentrates,China,China,0.0,0.0,0.0,26.077616392445634,0.0,0
2004,zinc,concentrates,China,EU27,2277.4230656300606,2277.4230656300606,2277.4230656300606,26.077616392445634,305089.868017572,0
2004,zinc,concentrates,China,RoW,4938.35323436994,4912.275617977494,4912.275617977494,26.077616392445634,0.0,0
2004,zinc,concentrates,EU27,China,3921.5806495960373,3549.113471581379,3549.113471581379,1663.2067159782164,0.0,0
2004,zinc,concentrates,EU27,EU27,1985738.0600862673,1985738.0600862673,1985738.0600862673,1663.2067159782164,305089.868017572,0
2004,zinc,concentrates,EU27,RoW,244429.0795641368,243138.3400261731,243138.3400261731,1663.2067159782164,0.0,0
2004,zinc,concentrates,RoW,China,673977.7944022455,609964.1658284186,609964.1658284186,85066.82018520124,0.0,0
2004,zinc,concentrates,RoW,EU27,2782195.911930531,2782195.911930531,2782195.911930531,85066.82018520124,305089.868017572,0
2004,zinc,concentrates,RoW,RoW,3986871.166567224,3965817.9749558493,3965817.9749558493,85066.82018520124,0.0,0
2004,zinc,concentrates,China,China,0.0,0.0,0.0,0.0,0.0,1
2004,zinc,concentrates,China,EU27,26.077616392445634,26.077616392445634,2303.500682022506,0.0,218333.76350000035,1
2004,zinc,concentrates,China,RoW,0.0,0.0,4912.275617977494,0.0,0.0,1
2004,zinc,concentrates,EU27,China,0.0,0.0,3549.113471581379,0.0,0.0,1
2004,zinc,concentrates,EU27,EU27,1663.2067159782164,1663.2067159782164,1987401.2668022455,0.0,218333.76350000035,1
2004,zinc,concentrates,EU27,RoW,0.0,0.0,243138.3400261731,0.0,0.0,1
2004,zinc,concentrates,RoW,China,0.0,0.0,609964.1658284186,0.0,0.0,1
2004,zinc,concentrates,RoW,EU27,85066.82018520124,85066.82018520124,2867262.732115732,0.0,218333.76350000035,1
2004,zinc,concentrates,RoW,RoW,0.0,0.0,3965817.9749558493,0.0,0.0,1
2004,zinc,refined_metal,China,China,0.0,0.0,0.0,12494.69364845677,103708.73384893558,0
2004,zinc,refined_metal,China,EU27,23405.9801610641,23405.9801610641,23405.9801610641,12494.69364845677,105439.92593212146,0
2004,zinc,refined_metal,China,RoW,359025.2170389359,346530.5233904791,346530.5233904791,12494.69364845677,0.0,0
2004,zinc,refined_metal,EU27,China,7124.888941787211,7124.888941787211,7124.888941787211,8051.917106529931,103708.73384893558,0
2004,zinc,refined_metal,EU27,EU27,1326578.8347755908,1326578.8347755908,1326578.8347755908,8051.917106529931,105439.92593212146,0
2004,zinc,refined_metal,EU27,RoW,231365.51948262192,223313.602376092,223313.602376092,8051.917106529931,0.0,0
2004,zinc,refined_metal,RoW,China,152546.41690927724,152546.41690927724,152546.41690927724,86949.74002607027,103708.73384893558,0
2004,zinc,refined_metal,RoW,EU27,407164.94253122376,407164.94253122376,407164.94253122376,86949.74002607027,105439.92593212146,0
2004,zinc,refined_metal,RoW,RoW,2498432.5476594986,2411482.8076334284,2411482.8076334284,86949.74002607027,0.0,0
2004,zinc,refined_metal,China,China,0.0,0.0,0.0,5.820766091346741e-11,79968.02009168197,1
2004,zinc,refined_metal,China,EU27,12494.69364845677,12494.69364845677,35900.67380952087,5.820766091346741e-11,21684.288908317918,1
2004,zinc,refined_metal,China,RoW,0.0,0.0,346530.5233904791,5.820766091346741e-11,0.0,1
2004,zinc,refined_metal,EU27,China,43.01481215978018,43.01481215978018,7167.903753946991,0.0,79968.02009168197,1
2004,zinc,refined_metal,EU27,EU27,8008.90229437015,8008.90229437015,1334587.737069961,0.0,21684.288908317918,1
2004,zinc,refined_metal,EU27,RoW,0.0,0.0,223313.602376092,0.0,0.0,1
2004,zinc,refined_metal,RoW,China,23697.698945093816,23697.698945093816,176244.11585437105,0.0,79968.02009168197,1
2004,zinc,refined_metal,RoW,EU27,63252.04108097645,63252.04108097645,470416.9836122002,0.0,21684.288908317918,1
2004,zinc,refined_metal,RoW,RoW,0.0,0.0,2411482.8076334284,0.0,0.0,1
2004,zinc,scrap,China,China,0.0,0.0,0.0,0.0,28359.588186171924,0
2004,zinc,scrap,China,EU27,10.603666016231275,10.603666016231275,10.603666016231275,0.0,37395.477420877025,0
2004,zinc,scrap,China,RoW,940.1178339837687,940.1178339837687,940.1178339837687,0.0,92446.26989295112,0
2004,zinc,scrap,EU27,China,46554.25515755342,46554.25515755342,46554.25515755342,0.0,28359.588186171924,0
2004,zinc,scrap,EU27,EU27,254327.29173803632,254327.29173803632,254327.29173803632,0.0,37395.477420877025,0
2004,zinc,scrap,EU27,RoW,71425.02660441029,71425.02660441029,71425.02660441029,0.0,92446.26989295112,0
2004,zinc,scrap,RoW,China,56246.88265627468,56246.88265627468,56246.88265627468,0.0,28359.588186171924,0
2004,zinc,scrap,RoW,EU27,40379.000675070434,40379.000675070434,40379.000675070434,0.0,37395.477420877025,0
2004,zinc,scrap,RoW,RoW,252655.26066865487,252655.26066865487,252655.26066865487,0.0,92446.26989295112,0
2004,zinc,scrap,China,China,0.0,0.0,0.0,0.0,28359.588186171924,1
2004,zinc,scrap,China,EU27,0.0,0.0,10.603666016231275,0.0,37395.477420877025,1
2004,zinc,scrap,China,RoW,0.0,0.0,940.1178339837687,0.0,92446.26989295112,1
2004,zinc,scrap,EU27,China,0.0,0.0,46554.25515755342,0.0,28359.588186171924,1
2004,zinc,scrap,EU27,EU27,0.0,0.0,254327.29173803632,0.0,37395.477420877025,1
2004,zinc,scrap,EU27,RoW,0.0,0.0,71425.02660441029,0.0,92446.26989295112,1
2004,zinc,scrap,RoW,China,0.0,0.0,56246.88265627468,0.0,28359.588186171924,1
2004,zinc,scrap,RoW,EU27,0.0,0.0,40379.000675070434,0.0,37395.477420877025,1
2004,zinc,scrap,RoW,RoW,0.0,0.0,252655.26066865487,0.0,92446.26989295112,1
2005,nickel,concentrates,China,China,0.0,0.0,0.0,4.030239572186645,349172.1877835992,0
2005,nickel,concentrates,China,EU27,10.87894630927522,10.87894630927522,10.87894630927522,4.030239572186645,51436.246626327455,0
2005,nickel,concentrates,China,RoW,322.7821036907247,318.7518641185381,318.7518641185381,4.030239572186645,0.0,0
2005,nickel,concentrates,EU27,China,13506.902978959515,13506.902978959515,13506.902978959515,277.66434455481067,349172.1877835992,0
2005,nickel,concentrates,EU27,EU27,7437.992959863158,7437.992959863158,7437.992959863158,277.66434455481067,51436.246626327455,0
2005,nickel,concentrates,EU27,RoW,22238.15226117732,21960.487916622515,21960.487916622515,277.66434455481067,0.0,0
2005,nickel,concentrates,RoW,China,189846.37398744133,189846.37398744133,189846.37398744133,114106.54032579996,349172.1877835992,0
2005,nickel,concentrates,RoW,EU27,246505.2871175001,246505.2871175001,246505.2871175001,114106.54032579996,51436.246626327455,0
2005,nickel,concentrates,RoW,RoW,9138798.940245058,9024692.399919258,9024692.399919258,114106.54032579996,0.0,0
2005,nickel,concentrates,China,China,0.0,0.0,0.0,0.8194705793806634,299348.04859736166,1
2005,nickel,concentrates,China,EU27,4.030239572186645,3.210768992805941,14.08971530208116,0.8194705793806634,0.0,1
2005,nickel,concentrates,China,RoW,0.0,0.0,318.7518641185381,0.8194705793806634,0.0,1
2005,nickel,concentrates,EU27,China,179.05963216874426,179.05963216874426,13685.96261112826,20.049344298611686,299348.04859736166,1
2005,nickel,concentrates,EU27,EU27,98.6047123860664,78.55536808745025,7516.548327950608,20.049344298611686,0.0,1
2005,nickel,concentrates,EU27,RoW,0.0,0.0,21960.487916622515,20.049344298611686,0.0,1
2005,nickel,concentrates,RoW,China,49645.079554068776,49645.079554068776,239491.4535415101,13106.980282483622,299348.04859736166,1
2005,nickel,concentrates,RoW,EU27,64461.46077173119,51354.4804892472,297859.7676067473,13106.980282483622,0.0,1
2005,nickel,concentrates,RoW,RoW,0.0,0.0,9024692.399919258,13106.980282483622,0.0,1
2005,nickel,refined_metal,China,China,0.0,0.0,0.0,54.544964188151425,22065.12798795369,0
2005,nickel,refined_metal,China,EU27,115.3235129879475,115.3235129879475,115.3235129879475,54.544964188151425,2721.882913916779,0
2005,nickel,refined_metal,China,RoW,11710.738037012052,11656.193072823902,11656.193072823902,54.544964188151425,0.0,0
2005,nickel,refined_metal,EU27,China,1744.0284325089647,1744.0284325089647,1744.0284325089647,154.48002009851916,22065.12798795369,0
2005,nickel,refined_metal,EU27,EU27,82145.02013529836,82145.02013529836,82145.02013529836,154.48002009851916,2721.882913916779,0
2005,nickel,refined_metal,EU27,RoW,33166.67403219267,33012.19401209416,33012.19401209416,154.48002009851916,0.0,0
2005,nickel,refined_metal,RoW,China,74039.77282953735,74039.77282953735,74039.77282953735,3066.250817583874,22065.12798795369,0
2005,nickel,refined_metal,RoW,EU27,406344.63978779694,406344.63978779694,406344.63978779694,3066.250817583874,2721.882913916779,0
2005,nickel,refined_metal,RoW,RoW,658320.3530326657,655254.1022150819,655254.1022150819,3066.250817583874,0.0,0
2005,nickel,refined_metal,China,China,0.0,0.0,0.0,1.5118030397079565,21589.327134377614,1
2005,nickel,refined_metal,China,EU27,54.544964188151425,53.033161148443575,168.35667413639106,1.5118030397079565,0.0,1
2005,nickel,refined_metal,China,RoW,0.0,0.0,11656.193072823902,1.5118030397079565,0.0,1
2005,nickel,refined_metal,EU27,China,3.2115937885337225,3.2115937885337225,1747.2400262974984,4.192652247744263,21589.327134377614,1
2005,nickel,refined_metal,EU27,EU27,151.26842630998544,147.07577406222882,82292.09590936059,4.192652247744263,0.0,1
2005,nickel,refined_metal,EU27,RoW,0.0,0.0,33012.19401209416,4.192652247744263,0.0,1
2005,nickel,refined_metal,RoW,China,472.5892597875296,472.5892597875296,74512.36208932489,71.88757908996195,21589.327134377614,1
2005,nickel,refined_metal,RoW,EU27,2593.6615577963444,2521.773978706107,408866.41376650304,71.88757908996195,0.0,1
2005,nickel,refined_metal,RoW,RoW,0.0,0.0,655254.1022150819,71.88757908996195,0.0,1
2005,nickel,scrap,China,China,0.0,0.0,0.0,29.85308860214832,1377.4423172390427,0
2005,nickel,scrap,China,EU27,7.406666666666666,7.406666666666666,7.406666666666666,29.85308860214832,2586.8215595017828,0
2005,nickel,scrap,China,RoW,585.7423333333334,555.889244731185,555.889244731185,29.85308860214832,0.0,0
2005,nickel,scrap,EU27,China,223.309220673596,223.309220673596,223.309220673596,679.7939814665442,1377.4423172390427,0
2005,nickel,scrap,EU27,EU27,22822.59161549083,22822.59161549083,22822.59161549083,679.7939814665442,2586.8215595017828,0
2005,nickel,scrap,EU27,RoW,13338.121163835573,12658.327182369025,12658.327182369025,679.7939814665442,0.0,0
2005,nickel,scrap,RoW,China,1182.2254620873612,1182.2254620873612,1182.2254620873612,3254.6168066721148,1377.4423172390427,0
2005,nickel,scrap,RoW,EU27,17173.74715834072,17173.74715834072,17173.74715834072,3254.6168066721148,2586.8215595017828,0
2005,nickel,scrap,RoW,RoW,63858.278379571915,60603.66157289979,60603.66157289979,3254.6168066721148,0.0,0
2005,nickel,scrap,China,China,0.0,0.0,0.0,9.249208336286983,1161.2400782717843,1
2005,nickel,scrap,China,EU27,29.85308860214832,20.6038802658613,28.010546932527966,9.249208336286983,0.0,1
2005,nickel,scrap,China,RoW,0.0,0.0,555.889244731185,9.249208336286983,0.0,1
2005,nickel,scrap,EU27,China,6.587039721253961,6.587039721253961,229.89626039484997,208.5757805706162,1161.2400782717843,1
2005,nickel,scrap,EU27,EU27,673.2069417452902,464.63116117467484,23287.222776665505,208.5757805706162,0.0,1
2005,nickel,scrap,EU27,RoW,0.0,0.0,12658.327182369025,208.5757805706162,0.0,1
2005,nickel,scrap,RoW,China,209.61519924600435,209.61519924600435,1391.8406613333655,943.4150893648621,1161.2400782717843,1
2005,nickel,scrap,RoW,EU27,3045.0016074261102,2101.586518061247,19275.333676401966,943.4150893648621,0.0,1
2005,nickel,scrap,RoW,RoW,0.0,0.0,60603.66157289979,943.4150893648621,0.0,1
2005,tin,concentrates,China,China,0.0,0.0,0.0,6.508041310982321,0.0,0
2005,tin,concentrates,China,EU27,9.058674056051569,9.058674056051569,9.058674056051569,6.508041310982321,1254.8090336429705,0
2005,tin,concentrates,China,RoW,857.0073259439484,850.499284632966,850.499284632966,6.508041310982321,7.275957614183426e-12,0
2005,tin,concentrates,EU27,China,982.9470149117969,813.7914145769518,813.7914145769518,179.46697240852973,0.0,0
2005,tin,concentrates,EU27,EU27,852.5184402654049,852.5184402654049,852.5184402654049,179.46697240852973,1254.8090336429705,0
2005,tin,concentrates,EU27,RoW,1357.8465448227983,1347.5351727491136,1347.5351727491136,179.46697240852973,7.275957614183426e-12,0
2005,tin,concentrates,RoW,China,4234.194122599411,3505.5305854230483,3505.5305854230483,1068.834019923459,0.0,0
2005,tin,concentrates,RoW,EU27,1243.9368520355733,1243.9368520355733,1243.9368520355733,1068.834019923459,1254.8090336429705,0
2005,tin,concentrates,RoW,RoW,44795.13602536502,44454.965542617916,44454.965542617916,1068.834019923459,7.275957614183426e-12,0
2005,tin,concentrates,China,China,0.0,0.0,0.0,6.439970026600463,0.0,1
2005,tin,concentrates,China,EU27,0.06807128438191477,0.06807128438191477,9.126745340433484,6.439970026600463,1156.6431287417058,1
2005,tin,concentrates,China,RoW,6.439970026600407,4.0511154897994494e-14,850.499284632966,6.439970026600463,0.0,1
2005,tin,concentrates,EU27,China,0.0,0.0,813.7914145769518,110.24813098231607,0.0,1
2005,tin,concentrates,EU27,EU27,69.2188414262131,69.2188414262131,921.737281691618,110.24813098231607,1156.6431287417058,1
2005,tin,concentrates,EU27,RoW,110.24813098231661,6.935248289962487e-13,1347.5351727491143,110.24813098231607,0.0,1
2005,tin,concentrates,RoW,China,0.0,0.0,3505.5305854230483,1039.9550277327871,0.0,1
2005,tin,concentrates,RoW,EU27,28.878992190669486,28.878992190669486,1272.815844226243,1039.9550277327871,1156.6431287417058,1
2005,tin,concentrates,RoW,RoW,1039.9550277327896,6.541921630289182e-12,44454.96554261792,1039.9550277327871,0.0,1
2005,tin,refined_metal,China,China,0.0,0.0,0.0,367.6251419504915,4014.3505444210714,0
2005,tin,refined_metal,China,EU27,7347.3816949445145,6979.756552994026,6979.756552994026,367.6251419504915,0.0,0
2005,tin,refined_metal,China,RoW,24724.680305055484,24724.680305055484,24724.680305055484,367.6251419504915,4595.920872251736,0
2005,tin,refined_metal,EU27,China,220.4284690687437,220.4284690687437,220.4284690687437,959.2541895150789,4014.3505444210714,0
2005,tin,refined_metal,EU27,EU27,19171.72105108953,18212.46686157445,18212.46686157445,959.2541895150789,0.0,0
2005,tin,refined_metal,EU27,RoW,7707.263479841726,7707.263479841726,7707.263479841726,959.2541895150789,4595.920872251736,0
2005,tin,refined_metal,RoW,China,24124.89098651018,24124.89098651018,24124.89098651018,3593.1660852072528,4014.3505444210714,0
2005,tin,refined_metal,RoW,EU27,71813.26767063876,68220.10158543153,68220.10158543153,3593.1660852072528,0.0,0
2005,tin,refined_metal,RoW,RoW,277557.08434285107,277557.08434285107,277557.08434285107,3593.1660852072528,4595.920872251736,0
2005,tin,refined_metal,China,China,0.0,0.0,0.0,0.807273021164292,3700.340455270147,1
2005,tin,refined_metal,China,EU27,0.0,0.0,6979.756552994026,0.807273021164292,0.0,1
2005,tin,refined_metal,China,RoW,367.6251419504915,366.81786892932547,25091.49817398481,0.807273021164292,0.0,1
2005,tin,refined_metal,EU27,China,26.671941064971286,26.671941064971286,247.100410133715,2.0478699721097655,3700.340455270147,1
2005,tin,refined_metal,EU27,EU27,0.0,0.0,18212.46686157445,2.0478699721097655,0.0,1
2005,tin,refined_metal,EU27,RoW,932.5822484501077,930.5343784780003,8637.797858319725,2.0478699721097655,0.0,1
2005,tin,refined_metal,RoW,China,287.338148085952,287.338148085952,24412.229134596135,7.259312276844867,3700.340455270147,1
2005,tin,refined_metal,RoW,EU27,0.0,0.0,68220.10158543153,7.259312276844867,0.0,1
2005,tin,refined_metal,RoW,RoW,3305.827937121301,3298.56862484441,280855.6529676955,7.259312276844867,0.0,1
2005,tin,scrap,China,China,0.0,0.0,0.0,4.576511034315445e-05,14660.692824928052,0
2005,tin,scrap,China,EU27,0.00015863749847463943,0.00011287238813048341,0.00011287238813048341,4.576511034315445e-05,0.0,0
2005,tin,scrap,China,RoW,48.09984136250153,48.09984136250153,48.09984136250153,4.576511034315445e-05,6309.183017783405,0
2005,tin,scrap,EU27,China,0.0,0.0,0.0,1518.9978546091388,14660.692824928052,0
2005,tin,scrap,EU27,EU27,5265.365210122529,3746.3673555133905,3746.3673555133905,1518.9978546091388,0.0,0
2005,tin,scrap,EU27,RoW,708.1397898774709,708.1397898774709,708.1397898774709,1518.9978546091388,6309.183017783405,0
2005,tin,scrap,RoW,China,7856.222175071949,7856.222175071949,7856.222175071949,1202.214942337203,14660.692824928052,0
2005,tin,scrap,RoW,EU27,4167.28747395142,2965.0725316142225,2965.0725316142225,1202.214942337203,0.0,0
2005,tin,scrap,RoW,RoW,27200.174350976624,27200.174350976624,27200.174350976624,1202.214942337203,6309.183017783405,0
2005,tin,scrap,China,China,0.0,0.0,0.0,0.0,14391.273585498398,1
2005,tin,scrap,China,EU27,0.0,0.0,0.00011287238813048341,0.0,0.0,1
2005,tin,scrap,China,RoW,4.576511034315445e-05,4.576511034315445e-05,48.09988712761187,0.0,3857.3894145016093,1
2005,tin,scrap,EU27,China,0.0,0.0,0.0,0.0,14391.273585498398,1
2005,tin,scrap,EU27,EU27,0.0,0.0,3746.3673555133905,0.0,0.0,1
2005,tin,scrap,EU27,RoW,1518.9978546091388,1518.9978546091388,2227.1376444866096,0.0,3857.3894145016093,1
2005,tin,scrap,RoW,China,269.4192394296542,269.4192394296542,8125.641414501603,0.0,14391.273585498398,1
2005,tin,scrap,RoW,EU27,0.0,0.0,2965.0725316142225,0.0,0.0,1
2005,tin,scrap,RoW,RoW,932.7957029075487,932.7957029075487,28132.97005388417,0.0,3857.3894145016093,1
2005,zinc,concentrates,China,China,0.0,0.0,0.0,73.45933318732932,17631.276930390624,0
2005,zinc,concentrates,China,EU27,1452.2631896711714,1452.2631896711714,1452.2631896711714,73.45933318732932,97622.00349369925,0
2005,zinc,concentrates,China,RoW,4744.747110328828,4671.287777141499,4671.287777141499,73.45933318732932,0.0,0
2005,zinc,concentrates,EU27,China,83.93636427020216,83.93636427020216,83.93636427020216,4108.944274911657,17631.276930390624,0
2005,zinc,concentrates,EU27,EU27,2186941.345623797,2186941.345623797,2186941.345623797,4108.944274911657,97622.00349369925,0
2005,zinc,concentrates,EU27,RoW,265397.2018119327,261288.2575370214,261288.2575370214,4108.944274911657,0.0,0
2005,zinc,concentrates,RoW,China,665794.9876053393,665794.9876053393,665794.9876053393,60931.98791598994,17631.276930390624,0
2005,zinc,concentrates,RoW,EU27,2829115.7840928333,2829115.7840928333,2829115.7840928333,60931.98791598994,97622.00349369925,0
2005,zinc,concentrates,RoW,RoW,3935604.3820018275,3874672.394085837,3874672.394085837,60931.98791598994,0.0,0
2005,zinc,concentrates,China,China,0.0,0.0,0.0,0.0,6023.322985245963,1
2005,zinc,concentrates,China,EU27,73.45933318732932,73.45933318732932,1525.7225228585007,0.0,44115.565914754756,1
2005,zinc,concentrates,China,RoW,0.0,0.0,4671.287777141499,0.0,0.0,1
2005,zinc,concentrates,EU27,China,0.15769815112124902,0.15769815112124902,84.09406242132341,0.0,6023.322985245963,1
2005,zinc,concentrates,EU27,EU27,4108.786576760535,4108.786576760535,2191050.1322005573,0.0,44115.565914754756,1
2005,zinc,concentrates,EU27,RoW,0.0,0.0,261288.2575370214,0.0,0.0,1
2005,zinc,concentrates,RoW,China,11607.796246993501,11607.796246993501,677402.7838523327,0.0,6023.322985245963,1
2005,zinc,concentrates,RoW,EU27,49324.19166899644,49324.19166899644,2878439.97576183,0.0,44115.565914754756,1
2005,zinc,concentrates,RoW,RoW,0.0,0.0,3874672.394085837,0.0,0.0,1
2005,zinc,refined_metal,China,China,0.0,0.0,0.0,6215.235439491953,133403.12200024247,0
2005,zinc,refined_metal,China,EU27,15457.001200504352,15034.512111081833,15034.512111081833,6215.235439491953,0.0,0
2005,zinc,refined_metal,China,RoW,204875.02249949568,199082.27614942624,199082.27614942624,6215.235439491953,0.0,0
2005,zinc,refined_metal,EU27,China,8054.3513182354345,8054.3513182354345,8054.3513182354345,45571.65166487964,133403.12200024247,0
2005,zinc,refined_metal,EU27,EU27,1409033.8956505144,1370520.5100450693,1370520.5100450693,45571.65166487964,0.0,0
2005,zinc,refined_metal,EU27,RoW,249633.3052312502,242575.0391718156,242575.0391718156,45571.65166487964,0.0,0
2005,zinc,refined_metal,RoW,China,264554.2312815221,264554.2312815221,264554.2312815221,80373.96379587101,133403.12200024247,0
2005,zinc,refined_metal,RoW,EU27,407001.11154386494,395876.47444384906,395876.47444384906,80373.96379587101,0.0,0
2005,zinc,refined_metal,RoW,RoW,2449176.350474613,2379927.023778758,2379927.023778758,80373.96379587101,0.0,0
2005,zinc,refined_metal,China,China,0.0,0.0,0.0,6215.235439491953,7457.50653949182,1
2005,zinc,refined_metal,China,EU27,0.0,0.0,15034.512111081833,6215.235439491953,0.0,1
2005,zinc,refined_metal,China,RoW,0.0,0.0,199082.27614942624,6215.235439491953,0.0,1
2005,zinc,refined_metal,EU27,China,45571.65166487964,45571.65166487964,53626.002983115075,0.0,7457.50653949182,1
2005,zinc,refined_metal,EU27,EU27,0.0,0.0,1370520.5100450693,0.0,0.0,1
2005,zinc,refined_metal,EU27,RoW,0.0,0.0,242575.0391718156,0.0,0.0,1
2005,zinc,refined_metal,RoW,China,80373.96379587101,80373.96379587101,344928.1950773931,0.0,7457.50653949182,1
2005,zinc,refined_metal,RoW,EU27,0.0,0.0,395876.47444384906,0.0,0.0,1
2005,zinc,refined_metal,RoW,RoW,0.0,0.0,2379927.023778758,0.0,0.0,1
2005,zinc,scrap,China,China,0.0,0.0,0.0,0.0,2933.521585784154,0
2005,zinc,scrap,China,EU27,12.427352266121401,12.427352266121401,12.427352266121401,0.0,40254.51243136416,0
2005,zinc,scrap,China,RoW,1389.5046477338788,1389.5046477338788,1389.5046477338788,0.0,34129.90298285161,0
2005,zinc,scrap,EU27,China,59153.40035215547,59153.40035215547,59153.40035215547,0.0,2933.521585784154,0
2005,zinc,scrap,EU27,EU27,276143.8239001418,276143.8239001418,276143.8239001418,0.0,40254.51243136416,0
2005,zinc,scrap,EU27,RoW,79555.5307477027,79555.5307477027,79555.5307477027,0.0,34129.90298285161,0
2005,zinc,scrap,RoW,China,78815.0635620604,78815.0635620604,78815.0635620604,0.0,2933.521585784154,0
2005,zinc,scrap,RoW,EU27,58570.629316227925,58570.629316227925,58570.629316227925,0.0,40254.51243136416,0
2005,zinc,scrap,RoW,RoW,327550.6051217118,327550.6051217118,327550.6051217118,0.0,34129.90298285161,0
2005,zinc,scrap,China,China,0.0,0.0,0.0,0.0,2933.521585784154,1
2005,zinc,scrap,China,EU27,0.0,0.0,12.427352266121401,0.0,40254.51243136416,1
2005,zinc,scrap,China,RoW,0.0,0.0,1389.5046477338788,0.0,34129.90298285161,1
2005,zinc,scrap,EU27,China,0.0,0.0,59153.40035215547,0.0,2933.521585784154,1
2005,zinc,scrap,EU27,EU27,0.0,0.0,276143.8239001418,0.0,40254.51243136416,1
2005,zinc,scrap,EU27,RoW,0.0,0.0,79555.5307477027,0.0,34129.90298285161,1
2005,zinc,scrap,RoW,China,0.0,0.0,78815.0635620604,0.0,2933.521585784154,1
2005,zinc,scrap,RoW,EU27,0.0,0.0,58570.629316227925,0.0,40254.51243136416,1
2005,zinc,scrap,RoW,RoW,0.0,0.0,327550.6051217118,0.0,34129.90298285161,1
2006,nickel,concentrates,China,China,0.0,0.0,0.0,0.0,3325666.3634794476,0
2006,nickel,concentrates,China,EU27,12.719911041145753,12.719911041145753,12.719911041145753,0.0,1192.49885477504,0
2006,nickel,concentrates,China,RoW,257.17503895885426,257.17503895885426,257.17503895885426,0.0,686243.6010657782,0
2006,nickel,concentrates,EU27,China,51544.264158281134,51544.264158281134,51544.264158281134,0.0,3325666.3634794476,0
2006,nickel,concentrates,EU27,EU27,15066.301394917062,15066.301394917062,15066.301394917062,0.0,1192.49885477504,0
2006,nickel,concentrates,EU27,RoW,45893.259846801804,45893.259846801804,45893.259846801804,0.0,686243.6010657782,0
2006,nickel,concentrates,RoW,China,1276556.049762271,1276556.049762271,1276556.049762271,0.0,3325666.3634794476,0
2006,nickel,concentrates,RoW,EU27,226894.86858926676,226894.86858926676,226894.86858926676,0.0,1192.49885477504,0
2006,nickel,concentrates,RoW,RoW,8288532.145898462,8288532.145898462,8288532.145898462,0.0,686243.6010657782,0
2006,nickel,concentrates,China,China,0.0,0.0,0.0,0.0,3325666.3634794476,1
2006,nickel,concentrates,China,EU27,0.0,0.0,12.719911041145753,0.0,1192.49885477504,1
2006,nickel,concentrates,China,RoW,0.0,0.0,257.17503895885426,0.0,686243.6010657782,1
2006,nickel,concentrates,EU27,China,0.0,0.0,51544.264158281134,0.0,3325666.3634794476,1
2006,nickel,concentrates,EU27,EU27,0.0,0.0,15066.301394917062,0.0,1192.49885477504,1
2006,nickel,concentrates,EU27,RoW,0.0,0.0,45893.259846801804,0.0,686243.6010657782,1
2006,nickel,concentrates,RoW,China,0.0,0.0,1276556.049762271,0.0,3325666.3634794476,1
2006,nickel,concentrates,RoW,EU27,0.0,0.0,226894.86858926676,0.0,1192.49885477504,1
2006,nickel,concentrates,RoW,RoW,0.0,0.0,8288532.145898462,0.0,686243.6010657782,1
2006,nickel,refined_metal,China,China,0.0,0.0,0.0,325.63222396112906,38279.50975596557,0
2006,nickel,refined_metal,China,EU27,201.20934494756835,201.20934494756835,201.20934494756835,325.63222396112906,5780.6468775251415,0
2006,nickel,refined_metal,China,RoW,9604.143705052433,9278.511481091302,9278.511481091302,325.63222396112906,0.0,0
2006,nickel,refined_metal,EU27,China,4117.627416930379,4117.627416930379,4117.627416930379,1243.787863531761,38279.50975596557,0
2006,nickel,refined_metal,EU27,EU27,94698.94273961954,94698.94273961954,94698.94273961954,1243.787863531761,5780.6468775251415,0
2006,nickel,refined_metal,EU27,RoW,36684.07639345009,35440.288529918325,35440.288529918325,1243.787863531761,0.0,0
2006,nickel,refined_metal,RoW,China,92941.24442710404,92941.24442710404,92941.24442710404,21960.5827459977,38279.50975596557,0
2006,nickel,refined_metal,RoW,EU27,396716.7622879077,396716.7622879077,396716.7622879077,21960.5827459977,5780.6468775251415,0
2006,nickel,refined_metal,RoW,RoW,647701.8458849882,625741.2631389904,625741.2631389904,21960.5827459977,0.0,0
2006,nickel,refined_metal,China,China,0.0,0.0,0.0,228.15021610279473,34059.37691815682,1
2006,nickel,refined_metal,China,EU27,325.63222396112906,97.48200785833416,298.6913528059025,228.15021610279473,0.0,1
2006,nickel,refined_metal,China,RoW,0.0,0.0,9278.511481091302,228.15021610279473,0.0,1
2006,nickel,refined_metal,EU27,China,51.82789687610071,51.82789687610071,4169.455313806479,835.1321029298124,34059.37691815682,1
2006,nickel,refined_metal,EU27,EU27,1191.9599666556603,356.82786372584866,95055.77060334539,835.1321029298124,0.0,1
2006,nickel,refined_metal,EU27,RoW,0.0,0.0,35440.288529918325,835.1321029298124,0.0,1
2006,nickel,refined_metal,RoW,China,4168.3049409326495,4168.3049409326495,97109.54936803669,12465.940799124073,34059.37691815682,1
2006,nickel,refined_metal,RoW,EU27,17792.277805065052,5326.337005940959,402043.0992938487,12465.940799124073,0.0,1
2006,nickel,refined_metal,RoW,RoW,0.0,0.0,625741.2631389904,12465.940799124073,0.0,1
2006,nickel,scrap,China,China,0.0,0.0,0.0,121.10165740362982,17690.567524909908,0
2006,nickel,scrap,China,EU27,17.399324249752247,17.399324249752247,17.399324249752247,121.10165740362982,506.19610093317897,0
2006,nickel,scrap,China,RoW,586.4646757502478,465.363018346618,465.363018346618,121.10165740362982,0.0,0
2006,nickel,scrap,EU27,China,491.5409495400288,491.5409495400288,491.5409495400288,2721.310143087583,17690.567524909908,0
2006,nickel,scrap,EU27,EU27,24270.00779616349,24270.00779616349,24270.00779616349,2721.310143087583,506.19610093317897,0
2006,nickel,scrap,EU27,RoW,13178.616254296487,10457.306111208904,10457.306111208904,2721.310143087583,0.0,0
2006,nickel,scrap,RoW,China,10651.255525550061,10651.255525550061,10651.255525550061,14632.133825351892,17690.567524909908,0
2006,nickel,scrap,RoW,EU27,26163.723778653577,26163.723778653577,26163.723778653577,14632.133825351892,506.19610093317897,0
2006,nickel,scrap,RoW,RoW,70859.72069579635,56227.586870444466,56227.586870444466,14632.133825351892,0.0,0
2006,nickel,scrap,China,China,0.0,0.0,0.0,116.45311252464347,13403.199476156362,1
2006,nickel,scrap,China,EU27,121.10165740362982,4.648544878986332,22.04786912873858,116.45311252464347,0.0,1
2006,nickel,scrap,China,RoW,0.0,0.0,465.363018346618,116.45311252464347,0.0,1
2006,nickel,scrap,EU27,China,54.020666698333294,54.020666698333294,545.5616162383621,2564.9042976718483,13403.199476156362,1
2006,nickel,scrap,EU27,EU27,2667.28947638925,102.38517871739504,24372.392974880884,2564.9042976718483,0.0,1
2006,nickel,scrap,EU27,RoW,0.0,0.0,10457.306111208904,2564.9042976718483,0.0,1
2006,nickel,scrap,RoW,China,4233.347382055213,4233.347382055213,14884.602907605273,9999.624065959884,13403.199476156362,1
2006,nickel,scrap,RoW,EU27,10398.78644329668,399.16237733679765,26562.886155990374,9999.624065959884,0.0,1
2006,nickel,scrap,RoW,RoW,0.0,0.0,56227.586870444466,9999.624065959884,0.0,1
2006,tin,concentrates,China,China,0.0,0.0,0.0,0.0,0.0,0
2006,tin,concentrates,China,EU27,15.405587017740746,15.405587017740746,15.405587017740746,0.0,1483.5631399482,0
2006,tin,concentrates,China,RoW,1127.0714129822595,1127.0714129822595,1127.0714129822595,0.0,202.60951726926578,0
2006,tin,concentrates,EU27,China,508.1099492367132,455.67962864925414,455.67962864925414,52.43032058745894,0.0,0
2006,tin,concentrates,EU27,EU27,865.9638477857997,865.9638477857997,865.9638477857997,52.43032058745894,1483.5631399482,0
2006,tin,concentrates,EU27,RoW,1357.9012029774876,1357.9012029774876,1357.9012029774876,52.43032058745894,202.60951726926578,0
2006,tin,concentrates,RoW,China,3409.5717079807473,3057.7483713507463,3057.7483713507463,351.82333662999736,0.0,0
2006,tin,concentrates,RoW,EU27,1871.4694252482598,1871.4694252482598,1871.4694252482598,351.82333662999736,1483.5631399482,0
2006,tin,concentrates,RoW,RoW,32374.68886677099,32374.68886677099,32374.68886677099,351.82333662999736,202.60951726926578,0
2006,tin,concentrates,China,China,0.0,0.0,0.0,0.0,0.0,1
2006,tin,concentrates,China,EU27,0.0,0.0,15.405587017740746,0.0,1443.9206987138941,1
2006,tin,concentrates,China,RoW,0.0,0.0,1127.0714129822595,0.0,0.0,1
2006,tin,concentrates,EU27,China,0.0,0.0,455.67962864925414,14.22432940227418,0.0,1
2006,tin,concentrates,EU27,EU27,20.416149865287725,20.416149865287725,886.3799976510874,14.22432940227418,1443.9206987138941,1
2006,tin,concentrates,EU27,RoW,32.01417072217121,17.789841319897064,1375.6910442973847,14.22432940227418,0.0,1
2006,tin,concentrates,RoW,China,0.0,0.0,3057.7483713507463,147.77736931161053,0.0,1
2006,tin,concentrates,RoW,EU27,19.226291369017773,19.226291369017773,1890.6957166172776,147.77736931161053,1443.9206987138941,1
2006,tin,concentrates,RoW,RoW,332.5970452609796,184.81967594936867,32559.50854272036,147.77736931161053,0.0,1
2006,tin,refined_metal,China,China,0.0,0.0,0.0,0.0,0.0,0
2006,tin,refined_metal,China,EU27,4802.539640478587,4802.539640478587,4802.539640478587,0.0,13850.892437717659,0
2006,tin,refined_metal,China,RoW,24692.902359521417,24692.902359521417,24692.902359521417,0.0,1426.1745469837915,0
2006,tin,refined_metal,EU27,China,200.09816289506,164.7015833773958,164.7015833773958,35.396579517666396,0.0,0
2006,tin,refined_metal,EU27,EU27,20828.851253941688,20828.851253941688,20828.851253941688,35.396579517666396,13850.892437717659,0
2006,tin,refined_metal,EU27,RoW,9760.689583163254,9760.689583163254,9760.689583163254,35.396579517666396,1426.1745469837915,0
2006,tin,refined_metal,RoW,China,27231.74282180634,22414.554416622606,22414.554416622606,4817.188405183726,0.0,0
2006,tin,refined_metal,RoW,EU27,79695.86966786208,79695.86966786208,79695.86966786208,4817.188405183726,13850.892437717659,0
2006,tin,refined_metal,RoW,RoW,312003.06851033156,312003.06851033156,312003.06851033156,4817.188405183726,1426.1745469837915,0
2006,tin,refined_metal,China,China,0.0,0.0,0.0,0.0,0.0,1
2006,tin,refined_metal,China,EU27,0.0,0.0,4802.539640478587,0.0,12846.675368747485,1
2006,tin,refined_metal,China,RoW,0.0,0.0,24692.902359521417,0.0,0.0,1
2006,tin,refined_metal,EU27,China,0.0,0.0,164.7015833773958,7.108878073329834,0.0,1
2006,tin,refined_metal,EU27,EU27,24.1020319199263,24.1020319199263,20852.953285861615,7.108878073329834,12846.675368747485,1
2006,tin,refined_metal,EU27,RoW,11.294547597740095,4.185669524410107,9764.875252687663,7.108878073329834,0.0,1
2006,tin,refined_metal,RoW,China,0.0,0.0,22414.554416622606,2415.0844906741404,0.0,1
2006,tin,refined_metal,RoW,EU27,980.1150370502365,980.1150370502365,80675.98470491232,2415.0844906741404,12846.675368747485,1
2006,tin,refined_metal,RoW,RoW,3837.0733681334896,1421.9888774593815,313425.05738779093,2415.0844906741404,0.0,1
2006,tin,scrap,China,China,0.0,0.0,0.0,0.0,16793.149335225455,0
2006,tin,scrap,China,EU27,0.0003333333333333333,0.0003333333333333333,0.0003333333333333333,0.0,1130.060500472886,0
2006,tin,scrap,China,RoW,101.06866666666669,101.06866666666669,101.06866666666669,0.0,11449.746164301658,0
2006,tin,scrap,EU27,China,0.0,0.0,0.0,0.0,16793.149335225455,0
2006,tin,scrap,EU27,EU27,7495.510343104122,7495.510343104122,7495.510343104122,0.0,1130.060500472886,0
2006,tin,scrap,EU27,RoW,1249.3696568958796,1249.3696568958796,1249.3696568958796,0.0,11449.746164301658,0
2006,tin,scrap,RoW,China,17280.905664774546,17280.905664774546,17280.905664774546,0.0,16793.149335225455,0
2006,tin,scrap,RoW,EU27,3978.06182308966,3978.06182308966,3978.06182308966,0.0,1130.060500472886,0
2006,tin,scrap,RoW,RoW,36213.3795121358,36213.3795121358,36213.3795121358,0.0,11449.746164301658,0
2006,tin,scrap,China,China,0.0,0.0,0.0,0.0,16793.149335225455,1
2006,tin,scrap,China,EU27,0.0,0.0,0.0003333333333333333,0.0,1130.060500472886,1
2006,tin,scrap,China,RoW,0.0,0.0,101.06866666666669,0.0,11449.746164301658,1
2006,tin,scrap,EU27,China,0.0,0.0,0.0,0.0,16793.149335225455,1
2006,tin,scrap,EU27,EU27,0.0,0.0,7495.510343104122,0.0,1130.060500472886,1
2006,tin,scrap,EU27,RoW,0.0,0.0,1249.3696568958796,0.0,11449.746164301658,1
2006,tin,scrap,RoW,China,0.0,0.0,17280.905664774546,0.0,16793.149335225455,1
2006,tin,scrap,RoW,EU27,0.0,0.0,3978.06182308966,0.0,1130.060500472886,1
2006,tin,scrap,RoW,RoW,0.0,0.0,36213.3795121358,0.0,11449.746164301658,1
2006,zinc,concentrates,China,China,0.0,0.0,0.0,35.00112118228844,145872.1353251692,0
2006,zinc,concentrates,China,EU27,1501.2901364440827,1466.289015261795,1466.289015261795,35.00112118228844,0.0,0
2006,zinc,concentrates,China,RoW,6219.245963555917,6219.245963555917,6219.245963555917,35.00112118228844,71292.44563741889,0
2006,zinc,concentrates,EU27,China,2630.765134693491,2630.765134693491,2630.765134693491,50603.48779462371,145872.1353251692,0
2006,zinc,concentrates,EU27,EU27,2170516.6728825374,2119913.185087913,2119913.185087913,50603.48779462371,0.0,0
2006,zinc,concentrates,EU27,RoW,291503.32028276916,291503.32028276916,291503.32028276916,50603.48779462371,71292.44563741889,0
2006,zinc,concentrates,RoW,China,755807.9647401373,755807.9647401373,755807.9647401373,70471.16874678247,145872.1353251692,0
2006,zinc,concentrates,RoW,EU27,3022693.758643606,2952222.5898968247,2952222.5898968247,70471.16874678247,0.0,0
2006,zinc,concentrates,RoW,RoW,4143757.152716256,4143757.152716256,4143757.152716256,70471.16874678247,71292.44563741889,0
2006,zinc,concentrates,China,China,0.0,0.0,0.0,12.272249076536355,134548.63500144484,1
2006,zinc,concentrates,China,EU27,0.0,0.0,1466.289015261795,12.272249076536355,0.0,1
2006,zinc,concentrates,China,RoW,35.00112118228844,22.72887210575199,6241.974835661669,12.272249076536355,0.0,1
2006,zinc,concentrates,EU27,China,452.6027345489012,452.6027345489012,3083.367869242392,17584.126795842312,134548.63500144484,1
2006,zinc,concentrates,EU27,EU27,0.0,0.0,2119913.185087913,17584.126795842312,0.0,1
2006,zinc,concentrates,EU27,RoW,50150.885060074805,32566.758264232874,324070.07854700205,17584.126795842312,0.0,1
2006,zinc,concentrates,RoW,China,10870.897589175367,10870.897589175367,766678.8623293127,20897.312656526454,134548.63500144484,1
2006,zinc,concentrates,RoW,EU27,0.0,0.0,2952222.5898968247,20897.312656526454,0.0,1
2006,zinc,concentrates,RoW,RoW,59600.2711576071,38702.95850108026,4182460.1112173363,20897.312656526454,0.0,1
2006,zinc,refined_metal,China,China,0.0,0.0,0.0,0.0,111816.74178083701,0
2006,zinc,refined_metal,China,EU27,60815.817458249534,60815.817458249534,60815.817458249534,0.0,1144557.0639811335,0
2006,zinc,refined_metal,China,RoW,487366.08044175047,487366.08044175047,487366.08044175047,0.0,562154.900338029,0
2006,zinc,refined_metal,EU27,China,7341.578854432824,7341.578854432824,7341.578854432824,0.0,111816.74178083701,0
2006,zinc,refined_metal,EU27,EU27,1407332.3284055775,1407332.3284055775,1407332.3284055775,0.0,1144557.0639811335,0
2006,zinc,refined_metal,EU27,RoW,253289.91603998988,253289.91603998988,253289.91603998988,0.0,562154.900338029,0
2006,zinc,refined_metal,RoW,China,339485.7356647302,339485.7356647302,339485.7356647302,0.0,111816.74178083701,0
2006,zinc,refined_metal,RoW,EU27,443730.60365503945,443730.60365503945,443730.60365503945,0.0,1144557.0639811335,0
2006,zinc,refined_metal,RoW,RoW,2342775.5135802305,2342775.5135802305,2342775.5135802305,0.0,562154.900338029,0
2006,zinc,refined_metal,China,China,0.0,0.0,0.0,0.0,111816.74178083701,1
2006,zinc,refined_metal,China,EU27,0.0,0.0,60815.817458249534,0.0,1144557.0639811335,1
2006,zinc,refined_metal,China,RoW,0.0,0.0,487366.08044175047,0.0,562154.900338029,1
2006,zinc,refined_metal,EU27,China,0.0,0.0,7341.578854432824,0.0,111816.74178083701,1
2006,zinc,refined_metal,EU27,EU27,0.0,0.0,1407332.3284055775,0.0,1144557.0639811335,1
2006,zinc,refined_metal,EU27,RoW,0.0,0.0,253289.91603998988,0.0,562154.900338029,1
2006,zinc,refined_metal,RoW,China,0.0,0.0,339485.7356647302,0.0,111816.74178083701,1
2006,zinc,refined_metal,RoW,EU27,0.0,0.0,443730.60365503945,0.0,1144557.0639811335,1
2006,zinc,refined_metal,RoW,RoW,0.0,0.0,2342775.5135802305,0.0,562154.900338029,1
2006,zinc,scrap,China,China,0.0,0.0,0.0,0.0,0.0,0
2006,zinc,scrap,China,EU27,17.53832817057082,17.53832817057082,17.53832817057082,0.0,9387.522565681778,0
2006,zinc,scrap,China,RoW,1965.6176718294291,1965.6176718294291,1965.6176718294291,0.0,124020.48381076998,0
2006,zinc,scrap,EU27,China,63758.78649509357,62080.79678282055,62080.79678282055,1677.9897122730617,0.0,0
2006,zinc,scrap,EU27,EU27,304613.1533284794,304613.1533284794,304613.1533284794,1677.9897122730617,9387.522565681778,0
2006,zinc,scrap,EU27,RoW,86888.22317642708,86888.22317642708,86888.22317642708,1677.9897122730617,124020.48381076998,0
2006,zinc,scrap,RoW,China,68720.41138135818,66911.84271717945,66911.84271717945,1808.5686641787179,0.0,0
2006,zinc,scrap,RoW,EU27,55526.227277668244,55526.227277668244,55526.227277668244,1808.5686641787179,9387.522565681778,0
2006,zinc,scrap,RoW,RoW,377600.1883409735,377600.1883409735,377600.1883409735,1808.5686641787179,124020.48381076998,0
2006,zinc,scrap,China,China,0.0,0.0,0.0,0.0,0.0,1
2006,zinc,scrap,China,EU27,0.0,0.0,17.53832817057082,0.0,7850.082981172309,1
2006,zinc,scrap,China,RoW,0.0,0.0,1965.6176718294291,0.0,122071.36501882767,1
2006,zinc,scrap,EU27,China,0.0,0.0,62080.79678282055,0.0,0.0,1
2006,zinc,scrap,EU27,EU27,1305.5835002966826,1305.5835002966826,305918.7368287761,0.0,7850.082981172309,1
2006,zinc,scrap,EU27,RoW,372.4062119763792,372.4062119763792,87260.62938840347,0.0,122071.36501882767,1
2006,zinc,scrap,RoW,China,0.0,0.0,66911.84271717945,0.0,0.0,1
2006,zinc,scrap,RoW,EU27,231.85608421278226,231.85608421278226,55758.08336188103,0.0,7850.082981172309,1
2006,zinc,scrap,RoW,RoW,1576.7125799659357,1576.7125799659357,379176.90092093946,0.0,122071.36501882767,1
2007,nickel,concentrates,China,China,0.0,0.0,0.0,0.0,11085944.548756983,0
2007,nickel,concentrates,China,EU27,18.060833310374694,18.060833310374694,18.060833310374694,0.0,483262.58034534747,0
2007,nickel,concentrates,China,RoW,382.5596166896254,382.5596166896254,382.5596166896254,0.0,83419.60539766774,0
2007,nickel,concentrates,EU27,China,88826.98916832288,88826.98916832288,88826.98916832288,0.0,11085944.548756983,0
2007,nickel,concentrates,EU27,EU27,5926.842039289133,5926.842039289133,5926.842039289133,0.0,483262.58034534747,0
2007,nickel,concentrates,EU27,RoW,25305.199392387985,25305.199392387985,25305.199392387985,0.0,83419.60539766774,0
2007,nickel,concentrates,RoW,China,4563832.593374694,4563832.593374694,4563832.593374694,0.0,11085944.548756983,0
2007,nickel,concentrates,RoW,EU27,373682.481382053,373682.481382053,373682.481382053,0.0,483262.58034534747,0
2007,nickel,concentrates,RoW,RoW,8835884.075643254,8835884.075643254,8835884.075643254,0.0,83419.60539766774,0
2007,nickel,concentrates,China,China,0.0,0.0,0.0,0.0,11085944.548756983,1
2007,nickel,concentrates,China,EU27,0.0,0.0,18.060833310374694,0.0,483262.58034534747,1
2007,nickel,concentrates,China,RoW,0.0,0.0,382.5596166896254,0.0,83419.60539766774,1
2007,nickel,concentrates,EU27,China,0.0,0.0,88826.98916832288,0.0,11085944.548756983,1
2007,nickel,concentrates,EU27,EU27,0.0,0.0,5926.842039289133,0.0,483262.58034534747,1
2007,nickel,concentrates,EU27,RoW,0.0,0.0,25305.199392387985,0.0,83419.60539766774,1
2007,nickel,concentrates,RoW,China,0.0,0.0,4563832.593374694,0.0,11085944.548756983,1
2007,nickel,concentrates,RoW,EU27,0.0,0.0,373682.481382053,0.0,483262.58034534747,1
2007,nickel,concentrates,RoW,RoW,0.0,0.0,8835884.075643254,0.0,83419.60539766774,1
2007,nickel,refined_metal,China,China,0.0,0.0,0.0,0.0,12981.808734790407,0
2007,nickel,refined_metal,China,EU27,271.1235020251994,271.1235020251994,271.1235020251994,0.0,9326.520857284951,0
2007,nickel,refined_metal,China,RoW,10676.0585479748,10676.0585479748,10676.0585479748,0.0,3420.4733079244616,0
2007,nickel,refined_metal,EU27,China,5650.368487272146,5650.368487272146,5650.368487272146,0.0,12981.808734790407,0
2007,nickel,refined_metal,EU27,EU27,105811.41452398585,105811.41452398585,105811.41452398585,0.0,9326.520857284951,0
2007,nickel,refined_metal,EU27,RoW,44569.01733874197,44569.01733874197,44569.01733874197,0.0,3420.4733079244616,0
2007,nickel,refined_metal,RoW,China,118088.5154779374,118088.5154779374,118088.5154779374,0.0,12981.808734790407,0
2007,nickel,refined_metal,RoW,EU27,405336.6815167039,405336.6815167039,405336.6815167039,0.0,9326.520857284951,0
2007,nickel,refined_metal,RoW,RoW,635131.9467553588,635131.9467553588,635131.9467553588,0.0,3420.4733079244616,0
2007,nickel,refined_metal,China,China,0.0,0.0,0.0,0.0,12981.808734790407,1
2007,nickel,refined_metal,China,EU27,0.0,0.0,271.1235020251994,0.0,9326.520857284951,1
2007,nickel,refined_metal,China,RoW,0.0,0.0,10676.0585479748,0.0,3420.4733079244616,1
2007,nickel,refined_metal,EU27,China,0.0,0.0,5650.368487272146,0.0,12981.808734790407,1
2007,nickel,refined_metal,EU27,EU27,0.0,0.0,105811.41452398585,0.0,9326.520857284951,1
2007,nickel,refined_metal,EU27,RoW,0.0,0.0,44569.01733874197,0.0,3420.4733079244616,1
2007,nickel,refined_metal,RoW,China,0.0,0.0,118088.5154779374,0.0,12981.808734790407,1
2007,nickel,refined_metal,RoW,EU27,0.0,0.0,405336.6815167039,0.0,9326.520857284951,1
2007,nickel,refined_metal,RoW,RoW,0.0,0.0,635131.9467553588,0.0,3420.4733079244616,1
2007,nickel,scrap,China,China,0.0,0.0,0.0,0.0,0.0,0
2007,nickel,scrap,China,EU27,33.44160244509089,33.44160244509089,33.44160244509089,0.0,15607.384134986976,0
2007,nickel,scrap,China,RoW,878.287397554909,878.287397554909,878.287397554909,0.0,263.01089318137383,0
2007,nickel,scrap,EU27,China,936.6613795042622,349.91271511941125,349.91271511941125,586.7486643848533,0.0,0
2007,nickel,scrap,EU27,EU27,26638.878120462996,26638.878120462996,26638.878120462996,586.7486643848533,15607.384134986976,0
2007,nickel,scrap,EU27,RoW,11758.566500032743,11758.566500032743,11758.566500032743,586.7486643848533,263.01089318137383,0
2007,nickel,scrap,RoW,China,10045.319648664092,3752.674284880589,3752.674284880589,6292.6453637835075,0.0,0
2007,nickel,scrap,RoW,EU27,26429.07314210494,26429.07314210494,26429.07314210494,6292.6453637835075,15607.384134986976,0
2007,nickel,scrap,RoW,RoW,60010.09620923097,60010.09620923097,60010.09620923097,6292.6453637835075,263.01089318137383,0
2007,nickel,scrap,China,China,0.0,0.0,0.0,0.0,0.0,1
2007,nickel,scrap,China,EU27,0.0,0.0,33.44160244509089,0.0,13276.319353118772,1
2007,nickel,scrap,China,RoW,0.0,0.0,878.287397554909,0.0,0.0,1
2007,nickel,scrap,EU27,China,0.0,0.0,349.91271511941125,169.29158163069224,0.0,1
2007,nickel,scrap,EU27,EU27,407.06683250346873,407.06683250346873,27045.944952966463,169.29158163069224,13276.319353118772,1
2007,nickel,scrap,EU27,RoW,179.6818318813846,10.390250250689474,11768.956750283432,169.29158163069224,0.0,1
2007,nickel,scrap,RoW,China,0.0,0.0,3752.674284880589,4116.026771488076,0.0,1
2007,nickel,scrap,RoW,EU27,1923.997949364741,1923.997949364741,28353.07109146968,4116.026771488076,13276.319353118772,1
2007,nickel,scrap,RoW,RoW,4368.647414418767,252.62064293068434,60262.716852161655,4116.026771488076,0.0,1
2007,tin,concentrates,China,China,0.0,0.0,0.0,0.0,12785.886986590447,0
2007,tin,concentrates,China,EU27,5.351460525538133,5.351460525538133,5.351460525538133,0.0,319.48512126979904,0
2007,tin,concentrates,China,RoW,1728.3225394744618,1728.3225394744618,1728.3225394744618,0.0,9787.57289213976,0
2007,tin,concentrates,EU27,China,136.9247200994894,136.9247200994894,136.9247200994894,0.0,12785.886986590447,0
2007,tin,concentrates,EU27,EU27,384.3532854628776,384.3532854628776,384.3532854628776,0.0,319.48512126979904,0
2007,tin,concentrates,EU27,RoW,840.1699944376331,840.1699944376331,840.1699944376331,0.0,9787.57289213976,0
2007,tin,concentrates,RoW,China,7313.057293310066,7313.057293310066,7313.057293310066,7.275957614183426e-12,12785.886986590447,0
2007,tin,concentrates,RoW,EU27,3028.2581327417856,3028.2581327417856,3028.2581327417856,7.275957614183426e-12,319.48512126979904,0
2007,tin,concentrates,RoW,RoW,39931.95157394814,39931.95157394814,39931.95157394814,7.275957614183426e-12,9787.57289213976,0
2007,tin,concentrates,China,China,0.0,0.0,0.0,0.0,12785.886986590445,1
2007,tin,concentrates,China,EU27,0.0,0.0,5.351460525538133,0.0,319.4851212697986,1
2007,tin,concentrates,China,RoW,0.0,0.0,1728.3225394744618,0.0,9787.572892139753,1
2007,tin,concentrates,EU27,China,0.0,0.0,136.9247200994894,0.0,12785.886986590445,1
2007,tin,concentrates,EU27,EU27,0.0,0.0,384.3532854628776,0.0,319.4851212697986,1
2007,tin,concentrates,EU27,RoW,0.0,0.0,840.1699944376331,0.0,9787.572892139753,1
2007,tin,concentrates,RoW,China,1.0584053528134348e-12,1.0584053528134348e-12,7313.057293310067,0.0,12785.886986590445,1
2007,tin,concentrates,RoW,EU27,4.3827423864527203e-13,4.3827423864527203e-13,3028.258132741786,0.0,319.4851212697986,1
2007,tin,concentrates,RoW,RoW,5.779278022724719e-12,5.779278022724719e-12,39931.95157394815,0.0,9787.572892139753,1
2007,tin,refined_metal,China,China,0.0,0.0,0.0,0.0,0.0,0
2007,tin,refined_metal,China,EU27,5780.657632452454,5780.657632452454,5780.657632452454,0.0,8639.73994016384,0
2007,tin,refined_metal,China,RoW,28533.37336754755,28533.37336754755,28533.37336754755,0.0,5779.832781400066,0
2007,tin,refined_metal,EU27,China,149.01407474525254,145.50651605095211,145.50651605095211,3.5075586942984955,0.0,0
2007,tin,refined_metal,EU27,EU27,19792.568715555113,19792.568715555113,19792.568715555113,3.5075586942984955,8639.73994016384,0
2007,tin,refined_metal,EU27,RoW,12311.557209699635,12311.557209699635,12311.557209699635,3.5075586942984955,5779.832781400066,0
2007,tin,refined_metal,RoW,China,18578.681646818684,18141.36848394905,18141.36848394905,437.3131628695992,0.0,0
2007,tin,refined_metal,RoW,EU27,60093.933711828584,60093.933711828584,60093.933711828584,437.3131628695992,8639.73994016384,0
2007,tin,refined_metal,RoW,RoW,215263.02564135275,215263.02564135275,215263.02564135275,437.3131628695992,5779.832781400066,0
2007,tin,refined_metal,China,China,0.0,0.0,0.0,0.0,0.0,1
2007,tin,refined_metal,China,EU27,0.0,0.0,5780.657632452454,0.0,8542.138215505722,1
2007,tin,refined_metal,China,RoW,0.0,0.0,28533.37336754755,0.0,5436.613784494286,1
2007,tin,refined_metal,EU27,China,0.0,0.0,145.50651605095211,0.0,0.0,1
2007,tin,refined_metal,EU27,EU27,2.1624509149502678,2.1624509149502678,19794.731166470065,0.0,8542.138215505722,1
2007,tin,refined_metal,EU27,RoW,1.3451077793482278,1.3451077793482278,12312.902317478984,0.0,5436.613784494286,1
2007,tin,refined_metal,RoW,China,0.0,0.0,18141.36848394905,0.0,0.0,1
2007,tin,refined_metal,RoW,EU27,95.43927374317211,95.43927374317211,60189.372985571754,0.0,8542.138215505722,1
2007,tin,refined_metal,RoW,RoW,341.87388912642706,341.87388912642706,215604.8995304792,0.0,5436.613784494286,1
2007,tin,scrap,China,China,0.0,0.0,0.0,0.0,0.0,0
2007,tin,scrap,China,EU27,0.0,0.0,0.0,0.0,1785.9832531001648,0
2007,tin,scrap,China,RoW,171.65,171.65,171.65,0.0,17912.814413143555,0
2007,tin,scrap,EU27,China,0.0,0.0,0.0,0.0,0.0,0
2007,tin,scrap,EU27,EU27,6508.880880798241,6508.880880798241,6508.880880798241,0.0,1785.9832531001648,0
2007,tin,scrap,EU27,RoW,1205.8431192017586,1205.8431192017586,1205.8431192017586,0.0,17912.814413143555,0
2007,tin,scrap,RoW,China,29175.365666243713,22885.92,22885.92,6289.445666243715,0.0,0
2007,tin,scrap,RoW,EU27,4096.477866101594,4096.477866101594,4096.477866101594,6289.445666243715,1785.9832531001648,0
2007,tin,scrap,RoW,RoW,52632.45946765469,52632.45946765469,52632.45946765469,6289.445666243715,17912.814413143555,0
2007,tin,scrap,China,China,0.0,0.0,0.0,0.0,0.0,1
2007,tin,scrap,China,EU27,0.0,0.0,0.0,0.0,1331.8133678045197,1
2007,tin,scrap,China,RoW,0.0,0.0,171.65,0.0,12077.538632195487,1
2007,tin,scrap,EU27,China,0.0,0.0,0.0,0.0,0.0,1
2007,tin,scrap,EU27,EU27,0.0,0.0,6508.880880798241,0.0,1331.8133678045197,1
2007,tin,scrap,EU27,RoW,0.0,0.0,1205.8431192017586,0.0,12077.538632195487,1
2007,tin,scrap,RoW,China,0.0,0.0,22885.92,0.0,0.0,1
2007,tin,scrap,RoW,EU27,454.1698852956459,454.1698852956459,4550.64775139724,0.0,1331.8133678045197,1
2007,tin,scrap,RoW,RoW,5835.275780948069,5835.275780948069,58467.73524860276,0.0,12077.538632195487,1
2007,zinc,concentrates,China,China,0.0,0.0,0.0,0.0,1206286.3913753254,0
2007,zinc,concentrates,China,EU27,908.2013667116182,908.2013667116182,908.2013667116182,0.0,47590.50494007021,0
2007,zinc,concentrates,China,RoW,4799.074233288382,4799.074233288382,4799.074233288382,0.0,321792.0969846025,0
2007,zinc,concentrates,EU27,China,15493.259566160812,15493.259566160812,15493.259566160812,0.0,1206286.3913753254,0
2007,zinc,concentrates,EU27,EU27,2074992.1121218344,2074992.1121218344,2074992.1121218344,0.0,47590.50494007021,0
2007,zinc,concentrates,EU27,RoW,337049.5928120051,337049.5928120051,337049.5928120051,0.0,321792.0969846025,0
2007,zinc,concentrates,RoW,China,1211872.6355585137,1211872.6355585137,1211872.6355585137,0.0,1206286.3913753254,0
2007,zinc,concentrates,RoW,EU27,2861813.1896713837,2861813.1896713837,2861813.1896713837,0.0,47590.50494007021,0
2007,zinc,concentrates,RoW,RoW,3944627.974170103,3944627.974170103,3944627.974170103,0.0,321792.0969846025,0
2007,zinc,concentrates,China,China,0.0,0.0,0.0,0.0,1206286.3913753254,1
2007,zinc,concentrates,China,EU27,0.0,0.0,908.2013667116182,0.0,47590.50494007021,1
2007,zinc,concentrates,China,RoW,0.0,0.0,4799.074233288382,0.0,321792.0969846025,1
2007,zinc,concentrates,EU27,China,0.0,0.0,15493.259566160812,0.0,1206286.3913753254,1
2007,zinc,concentrates,EU27,EU27,0.0,0.0,2074992.1121218344,0.0,47590.50494007021,1
2007,zinc,concentrates,EU27,RoW,0.0,0.0,337049.5928120051,0.0,321792.0969846025,1
2007,zinc,concentrates,RoW,China,0.0,0.0,1211872.6355585137,0.0,1206286.3913753254,1
2007,zinc,concentrates,RoW,EU27,0.0,0.0,2861813.1896713837,0.0,47590.50494007021,1
2007,zinc,concentrates,RoW,RoW,0.0,0.0,3944627.974170103,0.0,321792.0969846025,1
2007,zinc,refined_metal,China,China,0.0,0.0,0.0,8821.28472119855,0.0,0
2007,zinc,refined_metal,China,EU27,52979.68060903244,52979.68060903244,52979.68060903244,8821.28472119855,236742.27629593806,0
2007,zinc,refined_metal,China,RoW,293010.01929096755,284188.734569769,284188.734569769,8821.28472119855,4.656612873077393e-10,0
2007,zinc,refined_metal,EU27,China,7000.610563175495,3665.501246534322,3665.501246534322,11471.756782324053,0.0,0
2007,zinc,refined_metal,EU27,EU27,1466075.185988652,1466075.185988652,1466075.185988652,11471.756782324053,236742.27629593806,0
2007,zinc,refined_metal,EU27,RoW,270268.9354481725,262132.28798248954,262132.28798248954,11471.756782324053,4.656612873077393e-10,0
2007,zinc,refined_metal,RoW,China,309307.20908691926,161952.43975346567,161952.43975346567,216449.23479241598,0.0,0
2007,zinc,refined_metal,RoW,EU27,567964.2535063772,567964.2535063772,567964.2535063772,216449.23479241598,236742.27629593806,0
2007,zinc,refined_metal,RoW,RoW,2295059.2002067035,2225964.7347477414,2225964.7347477414,216449.23479241598,4.656612873077393e-10,0
2007,zinc,refined_metal,China,China,0.0,0.0,0.0,7470.5252990957815,0.0,1
2007,zinc,refined_metal,China,EU27,1350.7594221027764,1350.7594221027764,54330.440031135215,7470.5252990957815,182766.3627561843,1
2007,zinc,refined_metal,China,RoW,7470.525299095774,1.9033778290388705e-11,284188.734569769,7470.5252990957815,0.0,1
2007,zinc,refined_metal,EU27,China,0.0,0.0,3665.501246534322,1785.6250123467762,0.0,1
2007,zinc,refined_metal,EU27,EU27,9686.131769977166,9686.131769977166,1475761.3177586293,1785.6250123467762,182766.3627561843,1
2007,zinc,refined_metal,EU27,RoW,1785.6250123468874,4.549504785011173e-12,262132.28798248954,1785.6250123467762,0.0,1
2007,zinc,refined_metal,RoW,China,0.0,0.0,161952.43975346567,173510.21244474128,0.0,1
2007,zinc,refined_metal,RoW,EU27,42939.022347674116,42939.022347674116,610903.2758540513,173510.21244474128,182766.3627561843,1
2007,zinc,refined_metal,RoW,RoW,173510.21244474186,4.4207800423233937e-10,2225964.734747742,173510.21244474128,0.0,1
2007,zinc,scrap,China,China,0.0,0.0,0.0,156.3684126891494,13361.2809985075,0
2007,zinc,scrap,China,EU27,0.8434227136270979,0.8434227136270979,0.8434227136270979,156.3684126891494,13353.143001763383,0
2007,zinc,scrap,China,RoW,2090.682077286373,1934.3136645972236,1934.3136645972236,156.3684126891494,0.0,0
2007,zinc,scrap,EU27,China,55546.47909193755,55546.47909193755,55546.47909193755,5695.131210540654,13361.2809985075,0
2007,zinc,scrap,EU27,EU27,264869.8884034495,264869.8884034495,264869.8884034495,5695.131210540654,13353.143001763383,0
2007,zinc,scrap,EU27,RoW,76145.230004613,70450.09879407237,70450.09879407237,5695.131210540654,0.0,0
2007,zinc,scrap,RoW,China,55139.21640955496,55139.21640955496,55139.21640955496,20862.924377041054,13361.2809985075,0
2007,zinc,scrap,RoW,EU27,47798.93167207358,47798.93167207358,47798.93167207358,20862.924377041054,13353.143001763383,0
2007,zinc,scrap,RoW,RoW,278942.1554183715,258079.2310413304,258079.2310413304,20862.924377041054,0.0,0
2007,zinc,scrap,China,China,0.0,0.0,0.0,12.880594740616289,1198.6831075855298,1
2007,zinc,scrap,China,EU27,156.3684126891494,143.48781794853315,144.33124066216024,12.880594740616289,0.0,1
2007,zinc,scrap,China,RoW,0.0,0.0,1934.3136645972236,12.880594740616289,0.0,1
2007,zinc,scrap,EU27,China,987.2919076666449,987.2919076666449,56533.770999604196,387.8006377464626,1198.6831075855298,1
2007,zinc,scrap,EU27,EU27,4707.839302874009,4320.038665127474,269189.927068577,387.8006377464626,0.0,1
2007,zinc,scrap,EU27,RoW,0.0,0.0,70450.09879407237,387.8006377464626,0.0,1
2007,zinc,scrap,RoW,China,11175.305983255324,11175.305983255324,66314.52239281028,798.0018750983872,1198.6831075855298,1
2007,zinc,scrap,RoW,EU27,9687.618393785726,8889.616518687375,56688.54819076096,798.0018750983872,0.0,1
2007,zinc,scrap,RoW,RoW,0.0,0.0,258079.2310413304,798.0018750983872,0.0,1
2008,nickel,concentrates,China,China,0.0,0.0,0.0,47.486742650421775,776455.3957378939,0
2008,nickel,concentrates,China,EU27,26.790766677406285,26.790766677406285,26.790766677406285,47.486742650421775,136998.85376381548,0
2008,nickel,concentrates,China,RoW,567.6281833225937,520.1414406721719,520.1414406721719,47.486742650421775,0.0,0
2008,nickel,concentrates,EU27,China,98319.09118258778,98319.09118258778,98319.09118258778,2254.490616684183,776455.3957378939,0
2008,nickel,concentrates,EU27,EU27,4275.626481657091,4275.626481657091,4275.626481657091,2254.490616684183,136998.85376381548,0
2008,nickel,concentrates,EU27,RoW,26948.835435755103,24694.344819070935,24694.344819070935,2254.490616684183,0.0,0
2008,nickel,concentrates,RoW,China,11055403.716029517,11055403.716029517,11055403.716029517,906779.8985423744,776455.3957378939,0
2008,nickel,concentrates,RoW,EU27,643852.30968785,643852.30968785,643852.30968785,906779.8985423744,136998.85376381548,0
2008,nickel,concentrates,RoW,RoW,10839105.774682632,9932325.876140257,9932325.876140257,906779.8985423744,0.0,0
2008,nickel,concentrates,China,China,0.0,0.0,0.0,0.0,0.0,1
2008,nickel,concentrates,China,EU27,47.486742650421775,47.486742650421775,74.27750932782806,0.0,86954.0387548809,1
2008,nickel,concentrates,China,RoW,0.0,0.0,520.1414406721719,0.0,0.0,1
2008,nickel,concentrates,EU27,China,2160.5349043161405,1952.8365660881718,100271.92774867595,207.69833822797227,0.0,1
2008,nickel,concentrates,EU27,EU27,93.95571236804247,93.95571236804247,4369.5821940251335,207.69833822797227,86954.0387548809,1
2008,nickel,concentrates,EU27,RoW,0.0,0.0,24694.344819070935,207.69833822797227,0.0,1
2008,nickel,concentrates,RoW,China,856876.5259884583,774502.5591718056,11829906.275201323,82373.96681664884,0.0,1
2008,nickel,concentrates,RoW,EU27,49903.37255391614,49903.37255391614,693755.6822417661,82373.96681664884,86954.0387548809,1
2008,nickel,concentrates,RoW,RoW,0.0,0.0,9932325.876140257,82373.96681664884,0.0,1
2008,nickel,refined_metal,China,China,0.0,0.0,0.0,13.805497799177829,4890.5641742288135,0
2008,nickel,refined_metal,China,EU27,391.31609705063744,391.31609705063744,391.31609705063744,13.805497799177829,24104.733552583028,0
2008,nickel,refined_metal,China,RoW,8321.115352949362,8307.309855150184,8307.309855150184,13.805497799177829,0.0,0
2008,nickel,refined_metal,EU27,China,5865.894862503133,5865.894862503133,5865.894862503133,80.4027717334684,4890.5641742288135,0
2008,nickel,refined_metal,EU27,EU27,102925.44591694527,102925.44591694527,102925.44591694527,80.4027717334684,24104.733552583028,0
2008,nickel,refined_metal,EU27,RoW,48461.90612055161,48381.50334881812,48381.50334881812,80.4027717334684,0.0,0
2008,nickel,refined_metal,RoW,China,133064.72601326805,133064.72601326805,133064.72601326805,1037.1894572789315,4890.5641742288135,0
2008,nickel,refined_metal,RoW,EU27,417377.58573342115,417377.58573342115,417377.58573342115,1037.1894572789315,24104.733552583028,0
2008,nickel,refined_metal,RoW,RoW,625154.7928533107,624117.6033960317,624117.6033960317,1037.1894572789315,0.0,0
2008,nickel,refined_metal,China,China,0.0,0.0,0.0,0.0,4635.497266191058,1
2008,nickel,refined_metal,China,EU27,13.805497799177829,13.805497799177829,405.12159484981527,0.0,23228.40273380914,1
2008,nickel,refined_metal,China,RoW,0.0,0.0,8307.309855150184,0.0,0.0,1
2008,nickel,refined_metal,EU27,China,4.3352182468134455,4.3352182468134455,5870.230080749946,0.0,4635.497266191058,1
2008,nickel,refined_metal,EU27,EU27,76.06755348665496,76.06755348665496,103001.51347043194,0.0,23228.40273380914,1
2008,nickel,refined_metal,EU27,RoW,0.0,0.0,48381.50334881812,0.0,0.0,1
2008,nickel,refined_metal,RoW,China,250.7316897909263,250.7316897909263,133315.457703059,2.3283064365386963e-10,4635.497266191058,1
2008,nickel,refined_metal,RoW,EU27,786.4577674880052,786.4577674880052,418164.0435009092,2.3283064365386963e-10,23228.40273380914,1
2008,nickel,refined_metal,RoW,RoW,0.0,0.0,624117.6033960317,2.3283064365386963e-10,0.0,1
2008,nickel,scrap,China,China,0.0,0.0,0.0,0.30662140081165035,0.0,0
2008,nickel,scrap,China,EU27,26.661110790119952,26.354489389308355,26.354489389308355,0.30662140081165035,0.0,0
2008,nickel,scrap,China,RoW,948.52988920988,948.52988920988,948.52988920988,0.30662140081165035,6965.869162689276,0
2008,nickel,scrap,EU27,China,956.2015392415327,371.61685981103005,371.61685981103005,913.4251183988526,0.0,0
2008,nickel,scrap,EU27,EU27,28593.083693443572,28264.24325447522,28264.24325447522,913.4251183988526,0.0,0
2008,nickel,scrap,EU27,RoW,10583.672767314893,10583.672767314893,10583.672767314893,913.4251183988526,6965.869162689276,0
2008,nickel,scrap,RoW,China,9435.302673597955,3666.9231401889706,3666.9231401889706,6052.137422889617,0.0,0
2008,nickel,scrap,RoW,EU27,24673.100145616103,24389.342256135475,24389.342256135475,6052.137422889617,0.0,0
2008,nickel,scrap,RoW,RoW,53123.35418078596,53123.35418078596,53123.35418078596,6052.137422889617,6965.869162689276,0
2008,nickel,scrap,China,China,0.0,0.0,0.0,0.0,0.0,1
2008,nickel,scrap,China,EU27,0.0,0.0,26.354489389308355,0.0,0.0,1
2008,nickel,scrap,China,RoW,0.30662140081165035,0.3066214008116501,948.8365106106917,0.0,0.0,1
2008,nickel,scrap,EU27,China,0.0,0.0,371.61685981103005,0.0,0.0,1
2008,nickel,scrap,EU27,EU27,0.0,0.0,28264.24325447522,0.0,0.0,1
2008,nickel,scrap,EU27,RoW,913.4251183988526,913.4251183988521,11497.097885713745,0.0,0.0,1
2008,nickel,scrap,RoW,China,0.0,0.0,3666.9231401889706,0.0,0.0,1
2008,nickel,scrap,RoW,EU27,0.0,0.0,24389.342256135475,0.0,0.0,1
2008,nickel,scrap,RoW,RoW,6052.137422889617,6052.137422889613,59175.491603675575,0.0,0.0,1
2008,tin,concentrates,China,China,0.0,0.0,0.0,0.0,0.0,0
2008,tin,concentrates,China,EU27,0.0030647352990188074,0.0030647352990188074,0.0030647352990188074,0.0,1368.5718416085083,0
2008,tin,concentrates,China,RoW,0.8999352647009812,0.8999352647009812,0.8999352647009812,0.0,2907.484559578006,0
2008,tin,concentrates,EU27,China,221.7372265020209,191.19081196970845,191.19081196970845,30.546414532312156,0.0,0
2008,tin,concentrates,EU27,EU27,721.875340214308,721.875340214308,721.875340214308,30.546414532312156,1368.5718416085083,0
2008,tin,concentrates,EU27,RoW,2249.699433283671,2249.699433283671,2249.699433283671,30.546414532312156,2907.484559578006,0
2008,tin,concentrates,RoW,China,9058.016174684493,7810.188188030292,7810.188188030292,1247.8279866541998,0.0,0
2008,tin,concentrates,RoW,EU27,4361.523753441885,4361.523753441885,4361.523753441885,1247.8279866541998,1368.5718416085083,0
2008,tin,concentrates,RoW,RoW,41040.744071873625,41040.744071873625,41040.744071873625,1247.8279866541998,2907.484559578006,0
2008,tin,concentrates,China,China,0.0,0.0,0.0,0.0,0.0,1
2008,tin,concentrates,China,EU27,0.0,0.0,0.0030647352990188074,0.0,1241.2799410518528,1
2008,tin,concentrates,China,RoW,0.0,0.0,0.8999352647009812,0.0,1756.4020589481443,1
2008,tin,concentrates,EU27,China,0.0,0.0,191.19081196970845,4.547473508864641e-13,0.0,1
2008,tin,concentrates,EU27,EU27,7.420544682065398,7.420544682065398,729.2958848963734,4.547473508864641e-13,1241.2799410518528,1
2008,tin,concentrates,EU27,RoW,23.125869850246758,23.125869850246758,2272.8253031339177,4.547473508864641e-13,1756.4020589481443,1
2008,tin,concentrates,RoW,China,0.0,0.0,7810.188188030292,0.0,0.0,1
2008,tin,concentrates,RoW,EU27,119.87135587459026,119.87135587459026,4481.395109316475,0.0,1241.2799410518528,1
2008,tin,concentrates,RoW,RoW,1127.9566307796094,1127.9566307796094,42168.70070265324,0.0,1756.4020589481443,1
2008,tin,refined_metal,China,China,0.0,0.0,0.0,236.563246460144,0.0,0
2008,tin,refined_metal,China,EU27,5365.268285560987,5128.705039100845,5128.705039100845,236.563246460144,0.0,0
2008,tin,refined_metal,China,RoW,45296.90371443901,45296.90371443901,45296.90371443901,236.563246460144,91778.06370320363,0
2008,tin,refined_metal,EU27,China,159.13856120863932,149.90059927393614,149.90059927393614,871.9677507079541,0.0,0
2008,tin,refined_metal,EU27,EU27,19566.762140684972,18704.032351911726,18704.032351911726,871.9677507079541,0.0,0
2008,tin,refined_metal,EU27,RoW,12711.004298106382,12711.004298106382,12711.004298106382,871.9677507079541,91778.06370320363,0
2008,tin,refined_metal,RoW,China,16139.763471099606,15202.853400726062,15202.853400726062,3700.507706035569,0.0,0
2008,tin,refined_metal,RoW,EU27,62678.55624464946,59914.95860898742,59914.95860898742,3700.507706035569,0.0,0
2008,tin,refined_metal,RoW,RoW,212687.79228425096,212687.79228425096,212687.79228425096,3700.507706035569,91778.06370320363,0
2008,tin,refined_metal,China,China,0.0,0.0,0.0,0.0,0.0,1
2008,tin,refined_metal,China,EU27,0.0,0.0,5128.705039100845,0.0,0.0,1
2008,tin,refined_metal,China,RoW,236.563246460144,236.563246460144,45533.46696089915,0.0,86969.02499999997,1
2008,tin,refined_metal,EU27,China,0.0,0.0,149.90059927393614,0.0,0.0,1
2008,tin,refined_metal,EU27,EU27,0.0,0.0,18704.032351911726,0.0,0.0,1
2008,tin,refined_metal,EU27,RoW,871.9677507079541,871.9677507079541,13582.972048814336,0.0,86969.02499999997,1
2008,tin,refined_metal,RoW,China,0.0,0.0,15202.853400726062,0.0,0.0,1
2008,tin,refined_metal,RoW,EU27,0.0,0.0,59914.95860898742,0.0,0.0,1
2008,tin,refined_metal,RoW,RoW,3700.507706035569,3700.507706035569,216388.29999028653,0.0,86969.02499999997,1
2008,tin,scrap,China,China,0.0,0.0,0.0,0.0,0.0,0
2008,tin,scrap,China,EU27,0.0,0.0,0.0,0.0,2554.7240552069125,0
2008,tin,scrap,China,RoW,139.382,139.382,139.382,0.0,9545.689130222789,0
2008,tin,scrap,EU27,China,0.13333333333333336,0.061857834734754015,0.061857834734754015,0.07147549859837454,0.0,0
2008,tin,scrap,EU27,EU27,5968.619068269605,5968.619068269605,5968.619068269605,0.07147549859837454,2554.7240552069125,0
2008,tin,scrap,EU27,RoW,1086.4675983970606,1086.4675983970606,1086.4675983970606,0.07147549859837454,9545.689130222789,0
2008,tin,scrap,RoW,China,22572.474852096377,10472.133142165265,10472.133142165265,12100.341709931105,0.0,0
2008,tin,scrap,RoW,EU27,6457.06087652348,6457.06087652348,6457.06087652348,12100.341709931105,2554.7240552069125,0
2008,tin,scrap,RoW,RoW,62257.894271380144,62257.894271380144,62257.894271380144,12100.341709931105,9545.689130222789,0
2008,tin,scrap,China,China,0.0,0.0,0.0,0.0,0.0,1
2008,tin,scrap,China,EU27,0.0,0.0,0.0,0.0,1417.609172935263,1
2008,tin,scrap,China,RoW,0.0,0.0,139.382,0.0,0.0,1
2008,tin,scrap,EU27,China,0.0,0.0,0.061857834734754015,0.001423268714461301,0.0,1
2008,tin,scrap,EU27,EU27,0.0604684313608719,0.0604684313608719,5968.679536700966,0.001423268714461301,1417.609172935263,1
2008,tin,scrap,EU27,RoW,0.011007067237502654,0.009583798522967701,1086.4771821955835,0.001423268714461301,0.0,1
2008,tin,scrap,RoW,China,0.0,0.0,10472.133142165265,1417.607749666553,0.0,1
2008,tin,scrap,RoW,EU27,1137.05441384029,1137.05441384029,7594.11529036377,1417.607749666553,1417.609172935263,1
2008,tin,scrap,RoW,RoW,10963.287296090815,9545.679546424266,71803.57381780441,1417.607749666553,0.0,1
2008,zinc,concentrates,China,China,0.0,0.0,0.0,61.43732798182873,474213.3219305659,0
2008,zinc,concentrates,China,EU27,379.4529706929421,349.36269743912663,349.36269743912663,61.43732798182873,9.313225746154785e-10,0
2008,zinc,concentrates,China,RoW,2815.0439293070585,2783.6968745790446,2783.6968745790446,61.43732798182873,0.0,0
2008,zinc,concentrates,EU27,China,28845.606791611255,28845.606791611255,28845.606791611255,171664.90219498007,474213.3219305659,0
2008,zinc,concentrates,EU27,EU27,2114308.159991631,1946645.4581797584,1946645.4581797584,171664.90219498007,9.313225746154785e-10,0
2008,zinc,concentrates,EU27,RoW,359407.6059167581,355405.4055336506,355405.4055336506,171664.90219498007,0.0,0
2008,zinc,concentrates,RoW,China,1886353.415777823,1886353.415777823,1886353.415777823,278080.0051076021,474213.3219305659,0
2008,zinc,concentrates,RoW,EU27,2892265.857461229,2662911.8223228026,2662911.8223228026,278080.0051076021,9.313225746154785e-10,0
2008,zinc,concentrates,RoW,RoW,4375713.9913609475,4326988.021391771,4326988.021391771,278080.0051076021,0.0,0
2008,zinc,concentrates,China,China,0.0,0.0,0.0,61.43732798182873,362131.11060184357,1
2008,zinc,concentrates,China,EU27,61.43732798182873,1.6942221426146538e-13,349.3626974391268,61.43732798182873,0.0,1
2008,zinc,concentrates,China,RoW,0.0,0.0,2783.6968745790446,61.43732798182873,0.0,1
2008,zinc,concentrates,EU27,China,2310.510027504536,2310.510027504536,31156.116819115792,169354.39216747507,362131.11060184357,1
2008,zinc,concentrates,EU27,EU27,169354.39216747554,4.670189452966542e-10,1946645.4581797589,169354.39216747507,0.0,1
2008,zinc,concentrates,EU27,RoW,0.0,0.0,355405.4055336506,169354.39216747507,0.0,1
2008,zinc,concentrates,RoW,China,109771.7013012178,109771.7013012178,1996125.1170790407,168308.30380638503,362131.11060184357,1
2008,zinc,concentrates,RoW,EU27,168308.30380638433,4.641342071045629e-10,2662911.822322803,168308.30380638503,0.0,1
2008,zinc,concentrates,RoW,RoW,0.0,0.0,4326988.021391771,168308.30380638503,0.0,1
2008,zinc,refined_metal,China,China,0.0,0.0,0.0,505.7513041228376,2.9103830456733704e-11,0
2008,zinc,refined_metal,China,EU27,10081.56388663449,9575.812582511648,9575.812582511648,505.7513041228376,0.0,0
2008,zinc,refined_metal,China,RoW,58812.900213365516,58812.900213365516,58812.900213365516,505.7513041228376,134898.15963166486,0
2008,zinc,refined_metal,EU27,China,3897.4756961705725,3317.2047826251132,3317.2047826251132,65367.992408105405,2.9103830456733704e-11,0
2008,zinc,refined_metal,EU27,EU27,1291467.857803569,1226680.1363090088,1226680.1363090088,65367.992408105405,0.0,0
2008,zinc,refined_metal,EU27,RoW,249922.70900026077,249922.70900026077,249922.70900026077,65367.992408105405,134898.15963166486,0
2008,zinc,refined_metal,RoW,China,248295.9056775955,211328.6727173749,211328.6727173749,69024.41591943707,2.9103830456733704e-11,0
2008,zinc,refined_metal,RoW,EU27,639022.6488676957,606965.4659084793,606965.4659084793,69024.41591943707,0.0,0
2008,zinc,refined_metal,RoW,RoW,2329244.618854709,2329244.618854709,2329244.618854709,69024.41591943707,134898.15963166486,0
2008,zinc,refined_metal,China,China,0.0,0.0,0.0,0.0,0.0,1
2008,zinc,refined_metal,China,EU27,0.0,0.0,9575.812582511648,0.0,0.0,1
2008,zinc,refined_metal,China,RoW,505.7513041228376,505.7513041228376,59318.65151748835,0.0,7652.90291466238,1
2008,zinc,refined_metal,EU27,China,1003.7427166115971,3.817212654099534e-12,3317.204782625117,1003.7427166115958,0.0,1
2008,zinc,refined_metal,EU27,EU27,0.0,0.0,1226680.1363090088,1003.7427166115958,0.0,1
2008,zinc,refined_metal,EU27,RoW,64364.24969149381,64364.24969149381,314286.9586917546,1003.7427166115958,7652.90291466238,1
2008,zinc,refined_metal,RoW,China,6649.160198050989,2.528661780263417e-11,211328.67271737492,6649.160198051017,0.0,1
2008,zinc,refined_metal,RoW,EU27,0.0,0.0,606965.4659084793,6649.160198051017,0.0,1
2008,zinc,refined_metal,RoW,RoW,62375.25572138608,62375.25572138608,2391619.874576095,6649.160198051017,7652.90291466238,1
2008,zinc,scrap,China,China,0.0,0.0,0.0,96.6040828373275,16698.475573395,0
2008,zinc,scrap,China,EU27,0.5952174262205117,0.5952174262205117,0.5952174262205117,96.6040828373275,4009.665003979462,0
2008,zinc,scrap,China,RoW,1220.7697825737794,1124.165699736452,1124.165699736452,96.6040828373275,0.0,0
2008,zinc,scrap,EU27,China,42053.846883161204,42053.846883161204,42053.846883161204,4367.901565881504,16698.475573395,0
2008,zinc,scrap,EU27,EU27,204172.8905136687,204172.8905136687,204172.8905136687,4367.901565881504,4009.665003979462,0
2008,zinc,scrap,EU27,RoW,55196.44810317014,50828.5465372886,50828.5465372886,4367.901565881504,0.0,0
2008,zinc,scrap,RoW,China,48227.6545434438,48227.6545434438,48227.6545434438,16243.634928655694,16698.475573395,0
2008,zinc,scrap,RoW,EU27,33004.66026492558,33004.66026492558,33004.66026492558,16243.634928655694,4009.665003979462,0
2008,zinc,scrap,RoW,RoW,205268.12219163065,189024.48726297493,189024.48726297493,16243.634928655694,0.0,0
2008,zinc,scrap,China,China,0.0,0.0,0.0,59.06391364578212,6308.615881169069,1
2008,zinc,scrap,China,EU27,96.6040828373275,37.540169191545196,38.13538661776571,59.06391364578212,0.0,1
2008,zinc,scrap,China,RoW,0.0,0.0,1124.165699736452,59.06391364578212,0.0,1
2008,zinc,scrap,EU27,China,746.0077877580885,746.0077877580885,42799.854670919296,2214.4325070142513,6308.615881169069,1
2008,zinc,scrap,EU27,EU27,3621.893778123416,1407.4612711091427,205580.35178477786,2214.4325070142513,0.0,1
2008,zinc,scrap,EU27,RoW,0.0,0.0,50828.5465372886,2214.4325070142513,0.0,1
2008,zinc,scrap,RoW,China,9643.85190446784,9643.85190446784,57871.50644791164,4035.1194605091005,6308.615881169069,1
2008,zinc,scrap,RoW,EU27,6599.783024187853,2564.6635636787737,35569.323828604356,4035.1194605091005,0.0,1
2008,zinc,scrap,RoW,RoW,0.0,0.0,189024.48726297493,4035.1194605091005,0.0,1
2009,nickel,concentrates,China,China,0.0,0.0,0.0,119.76669085228605,1052378.2066327743,0
2009,nickel,concentrates,China,EU27,64.31928340035397,58.488203258378036,58.488203258378036,119.76669085228605,0.0,0
2009,nickel,concentrates,China,RoW,4272.892266599646,4158.956655889336,4158.956655889336,119.76669085228605,0.0,0
2009,nickel,concentrates,EU27,China,105186.24064455065,105186.24064455065,105186.24064455065,1272.1462475912413,1052378.2066327743,0
2009,nickel,concentrates,EU27,EU27,3627.164195795546,3298.331472611427,3298.331472611427,1272.1462475912413,0.0,0
2009,nickel,concentrates,EU27,RoW,35376.79780965379,34433.48428524666,34433.48428524666,1272.1462475912413,0.0,0
2009,nickel,concentrates,RoW,China,14822071.381972676,14822071.381972676,14822071.381972676,335479.5623943284,1052378.2066327743,0
2009,nickel,concentrates,RoW,EU27,824034.2547619244,749328.6684241303,749328.6684241303,335479.5623943284,0.0,0
2009,nickel,concentrates,RoW,RoW,9779726.449665397,9518952.473608864,9518952.473608864,335479.5623943284,0.0,0
2009,nickel,concentrates,China,China,0.0,0.0,0.0,119.76669085228605,715626.4979908541,1
2009,nickel,concentrates,China,EU27,0.0,0.0,58.488203258378036,119.76669085228605,0.0,1
2009,nickel,concentrates,China,RoW,0.0,0.0,4158.956655889336,119.76669085228605,0.0,1
2009,nickel,concentrates,EU27,China,1272.1462475912413,1272.1462475912413,106458.38689214189,0.0,715626.4979908541,1
2009,nickel,concentrates,EU27,EU27,0.0,0.0,3298.331472611427,0.0,0.0,1
2009,nickel,concentrates,EU27,RoW,0.0,0.0,34433.48428524666,0.0,0.0,1
2009,nickel,concentrates,RoW,China,335479.5623943284,335479.5623943284,15157550.944367005,0.0,715626.4979908541,1
2009,nickel,concentrates,RoW,EU27,0.0,0.0,749328.6684241303,0.0,0.0,1
2009,nickel,concentrates,RoW,RoW,0.0,0.0,9518952.473608864,0.0,0.0,1
2009,nickel,refined_metal,China,China,0.0,0.0,0.0,557.9739791597549,69312.47645087625,0
2009,nickel,refined_metal,China,EU27,543.2042591687081,493.0211633964377,493.0211633964377,557.9739791597549,0.0,0
2009,nickel,refined_metal,China,RoW,11831.164190831294,11323.37330744381,11323.37330744381,557.9739791597549,0.0,0
2009,nickel,refined_metal,EU27,China,4556.464240609582,4556.464240609582,4556.464240609582,8451.555200902163,69312.47645087625,0
2009,nickel,refined_metal,EU27,EU27,73026.78836380834,66280.32006473684,66280.32006473684,8451.555200902163,0.0,0
2009,nickel,refined_metal,EU27,RoW,39727.30459558209,38022.21769375144,38022.21769375144,8451.555200902163,0.0,0
2009,nickel,refined_metal,RoW,China,161324.3520585142,161324.3520585142,161324.3520585142,60302.94727081433,69312.47645087625,0
2009,nickel,refined_metal,RoW,EU27,385736.0780548785,350100.4396718667,350100.4396718667,60302.94727081433,0.0,0
2009,nickel,refined_metal,RoW,RoW,574730.6443366072,550063.3354488047,550063.3354488047,60302.94727081433,0.0,0
2009,nickel,refined_metal,China,China,0.0,0.0,0.0,557.9739791597549,557.9739791597531,1
2009,nickel,refined_metal,China,EU27,0.0,0.0,493.0211633964377,557.9739791597549,0.0,1
2009,nickel,refined_metal,China,RoW,0.0,0.0,11323.37330744381,557.9739791597549,0.0,1
2009,nickel,refined_metal,EU27,China,8451.555200902163,8451.555200902163,13008.019441511744,0.0,557.9739791597531,1
2009,nickel,refined_metal,EU27,EU27,0.0,0.0,66280.32006473684,0.0,0.0,1
2009,nickel,refined_metal,EU27,RoW,0.0,0.0,38022.21769375144,0.0,0.0,1
2009,nickel,refined_metal,RoW,China,60302.94727081433,60302.94727081433,221627.29932932853,2.3283064365386963e-10,557.9739791597531,1
2009,nickel,refined_metal,RoW,EU27,0.0,0.0,350100.4396718667,2.3283064365386963e-10,0.0,1
2009,nickel,refined_metal,RoW,RoW,0.0,0.0,550063.3354488047,2.3283064365386963e-10,0.0,1
2009,nickel,scrap,China,China,0.0,0.0,0.0,1.4638734562151967,214.9342441829449,0
2009,nickel,scrap,China,EU27,14.034171176519996,12.570297720304685,12.570297720304685,1.4638734562151967,7.275957614183426e-12,0
2009,nickel,scrap,China,RoW,1220.9368288234798,1220.9368288234798,1220.9368288234798,1.4638734562151967,4491.634106418103,0
2009,nickel,scrap,EU27,China,772.6951645079624,772.6951645079624,772.6951645079624,2948.070503696479,214.9342441829449,0
2009,nickel,scrap,EU27,EU27,28263.184849524692,25315.114345828213,25315.114345828213,2948.070503696479,7.275957614183426e-12,0
2009,nickel,scrap,EU27,RoW,12096.654985967349,12096.654985967349,12096.654985967349,2948.070503696479,4491.634106418103,0
2009,nickel,scrap,RoW,China,2203.710591309093,2203.710591309093,2203.710591309093,1757.0339734483568,214.9342441829449,0
2009,nickel,scrap,RoW,EU27,16844.704329899847,15087.67035645148,15087.67035645148,1757.0339734483568,7.275957614183426e-12,0
2009,nickel,scrap,RoW,RoW,37901.86507879107,37901.86507879107,37901.86507879107,1757.0339734483568,4491.634106418103,0
2009,nickel,scrap,China,China,0.0,0.0,0.0,0.016635411410788947,91.56423945222559,1
2009,nickel,scrap,China,EU27,0.01663541141070359,4.75518217543225e-17,12.570297720304685,0.016635411410788947,0.0,1
2009,nickel,scrap,China,RoW,1.4472380448044933,1.4472380448044933,1222.3840668682842,0.016635411410788947,2453.8387304724747,1
2009,nickel,scrap,EU27,China,55.3809733057985,55.3809733057985,828.076137813761,2025.6923526693572,91.56423945222559,1
2009,nickel,scrap,EU27,EU27,2025.6923526693638,5.790380490454834e-12,25315.11434582822,2025.6923526693572,0.0,1
2009,nickel,scrap,EU27,RoW,866.9971777213168,866.9971777213168,12963.652163688665,2025.6923526693572,2453.8387304724747,1
2009,nickel,scrap,RoW,China,67.9890314249209,67.9890314249209,2271.699622734014,519.6939818439278,91.56423945222559,1
2009,nickel,scrap,RoW,EU27,519.6939818439289,1.4855295719068377e-12,15087.670356451481,519.6939818439278,0.0,1
2009,nickel,scrap,RoW,RoW,1169.3509601795072,1169.3509601795072,39071.216038970575,519.6939818439278,2453.8387304724747,1
2009,tin,concentrates,China,China,0.0,0.0,0.0,0.01975755138752433,610.1873165045909,0
2009,tin,concentrates,China,EU27,0.05111923218899963,0.03136168080147421,0.03136168080147421,0.01975755138752433,0.0,0
2009,tin,concentrates,China,RoW,12.913880767811001,12.913880767811001,12.913880767811001,0.01975755138752433,1087.3042528024162,0
2009,tin,concentrates,EU27,China,66.17433628728512,66.17433628728512,66.17433628728512,106.22264266750562,610.1873165045909,0
2009,tin,concentrates,EU27,EU27,274.8326362788952,168.60999361138965,168.60999361138965,106.22264266750562,0.0,0
2009,tin,concentrates,EU27,RoW,1436.3890274338196,1436.3890274338196,1436.3890274338196,106.22264266750562,1087.3042528024162,0
2009,tin,concentrates,RoW,China,13330.040347208123,13330.040347208123,13330.040347208123,1591.2491690881143,610.1873165045909,0
2009,tin,concentrates,RoW,EU27,4117.080813795919,2525.8316447078087,2525.8316447078087,1591.2491690881143,0.0,0
2009,tin,concentrates,RoW,RoW,45458.496838995954,45458.496838995954,45458.496838995954,1591.2491690881143,1087.3042528024162,0
2009,tin,concentrates,China,China,0.0,0.0,0.0,0.0036296283544938746,244.70046997688587,1
2009,tin,concentrates,China,EU27,0.0,0.0,0.03136168080147421,0.0036296283544938746,0.0,1
2009,tin,concentrates,China,RoW,0.01975755138752433,0.016127923033030348,12.930008690844032,0.0036296283544938746,0.0,1
2009,tin,concentrates,EU27,China,4.678147389269336,4.678147389269336,70.85248367655446,18.65457779031226,244.70046997688587,1
2009,tin,concentrates,EU27,EU27,0.0,0.0,168.60999361138965,18.65457779031226,0.0,1
2009,tin,concentrates,EU27,RoW,101.54449527823628,82.88991748792391,1519.2789449217435,18.65457779031226,0.0,1
2009,tin,concentrates,RoW,China,360.80869913843765,360.80869913843765,13690.84904634656,226.0422625582214,244.70046997688587,1
2009,tin,concentrates,RoW,EU27,0.0,0.0,2525.8316447078087,226.0422625582214,0.0,1
2009,tin,concentrates,RoW,RoW,1230.4404699496765,1004.3982073914591,46462.89504638741,226.0422625582214,0.0,1
2009,tin,refined_metal,China,China,0.0,0.0,0.0,161.53098569399936,5633.605706184237,0
2009,tin,refined_metal,China,EU27,800.1240345397525,638.5930488457531,638.5930488457531,161.53098569399936,7.275957614183426e-12,0
2009,tin,refined_metal,China,RoW,5575.154965460248,5575.154965460248,5575.154965460248,161.53098569399936,8307.189148744365,0
2009,tin,refined_metal,EU27,China,109.69132739784723,109.69132739784723,109.69132739784723,3334.2652608975623,5633.605706184237,0
2009,tin,refined_metal,EU27,EU27,16515.876265554205,13181.61100465664,13181.61100465664,3334.2652608975623,7.275957614183426e-12,0
2009,tin,refined_metal,EU27,RoW,10130.255407047947,10130.255407047947,10130.255407047947,3334.2652608975623,8307.189148744365,0
2009,tin,refined_metal,RoW,China,18911.150966417918,18911.150966417918,18911.150966417918,10444.998608337075,5633.605706184237,0
2009,tin,refined_metal,RoW,EU27,51738.02655483468,41293.0279464976,41293.0279464976,10444.998608337075,7.275957614183426e-12,0
2009,tin,refined_metal,RoW,RoW,212109.28247874745,212109.28247874745,212109.28247874745,10444.998608337075,8307.189148744365,0
2009,tin,refined_metal,China,China,0.0,0.0,0.0,34.51842663160005,4921.364857193694,1
2009,tin,refined_metal,China,EU27,20.272810645097383,3.6971804225609924e-14,638.5930488457531,34.51842663160005,7.275957614183426e-12,1
2009,tin,refined_metal,China,RoW,141.258175048902,127.01255906239962,5702.167524522647,34.51842663160005,0.0,1
2009,tin,refined_metal,EU27,China,13.6695470875399,13.6695470875399,123.36087448538713,2185.492630028304,4921.364857193694,1
2009,tin,refined_metal,EU27,EU27,2058.1804747893552,3.753532103023271e-12,13181.611004656643,2185.492630028304,7.275957614183426e-12,1
2009,tin,refined_metal,EU27,RoW,1262.4152390206673,1135.103083781714,11265.358490829662,2185.492630028304,0.0,1
2009,tin,refined_metal,RoW,China,698.5713019030004,698.5713019030004,19609.72226832092,2701.353800533805,4921.364857193694,1
2009,tin,refined_metal,RoW,EU27,1911.1846038606761,3.485453706934545e-12,41293.0279464976,2701.353800533805,7.275957614183426e-12,1
2009,tin,refined_metal,RoW,RoW,7835.242702573399,7045.073505900252,219154.3559846477,2701.353800533805,0.0,1
2009,tin,scrap,China,China,0.0,0.0,0.0,0.008640531413220742,0.0,0
2009,tin,scrap,China,EU27,0.04299190858532408,0.0343513771720447,0.0343513771720447,0.008640531413220742,0.0,0
2009,tin,scrap,China,RoW,431.7130080914147,431.7130080914147,431.7130080914147,0.008640531413220742,68118.82703527327,0
2009,tin,scrap,EU27,China,0.12543731686136886,0.11419498527030046,0.11419498527030046,1160.447499328464,0.0,0
2009,tin,scrap,EU27,EU27,5773.877449624409,4613.441192627537,4613.441192627537,1160.447499328464,0.0,0
2009,tin,scrap,EU27,RoW,863.4061130587289,863.4061130587289,863.4061130587289,1160.447499328464,68118.82703527327,0
2009,tin,scrap,RoW,China,14033.150245818655,12775.42780501473,12775.42780501473,2440.975895413372,0.0,0
2009,tin,scrap,RoW,EU27,5887.40691060474,4704.153455995291,4704.153455995291,2440.975895413372,0.0,0
2009,tin,scrap,RoW,RoW,79393.09784357662,79393.09784357662,79393.09784357662,2440.975895413372,68118.82703527327,0
2009,tin,scrap,China,China,0.0,0.0,0.0,0.0,0.0,1
2009,tin,scrap,China,EU27,0.0,0.0,0.0343513771720447,0.0,0.0,1
2009,tin,scrap,China,RoW,0.008640531413220742,0.008640531413220742,431.7216486228279,0.0,64517.39500000002,1
2009,tin,scrap,EU27,China,0.0,0.0,0.11419498527030046,0.0,0.0,1
2009,tin,scrap,EU27,EU27,0.0,0.0,4613.441192627537,0.0,0.0,1
2009,tin,scrap,EU27,RoW,1160.447499328464,1160.447499328464,2023.8536123871927,0.0,64517.39500000002,1
2009,tin,scrap,RoW,China,0.0,0.0,12775.42780501473,0.0,0.0,1
2009,tin,scrap,RoW,EU27,0.0,0.0,4704.153455995291,0.0,0.0,1
2009,tin,scrap,RoW,RoW,2440.975895413372,2440.975895413372,81834.07373898999,0.0,64517.39500000002,1
2009,zinc,concentrates,China,China,0.0,0.0,0.0,158.8878436869959,1083511.4827639097,0
2009,zinc,concentrates,China,EU27,135.7156805920596,111.84919759232712,111.84919759232712,158.8878436869959,0.0,0
2009,zinc,concentrates,China,RoW,1640.9952194079406,1505.973858720677,1505.973858720677,158.8878436869959,4.656612873077393e-10,0
2009,zinc,concentrates,EU27,China,140510.78409071104,140510.78409071104,140510.78409071104,349680.1605587425,1083511.4827639097,0
2009,zinc,concentrates,EU27,EU27,1842802.2719311356,1518733.535709611,1518733.535709611,349680.1605587425,0.0,0
2009,zinc,concentrates,EU27,RoW,311270.9328781534,285659.5085409359,285659.5085409359,349680.1605587425,4.656612873077393e-10,0
2009,zinc,concentrates,RoW,China,2714234.475345379,2714234.475345379,2714234.475345379,733672.4343614802,1083511.4827639097,0
2009,zinc,concentrates,RoW,EU27,2319419.8682833393,1911534.8352927973,1911534.8352927973,733672.4343614802,0.0,0
2009,zinc,concentrates,RoW,RoW,3959488.8206712813,3633701.4193003434,3633701.4193003434,733672.4343614802,4.656612873077393e-10,0
2009,zinc,concentrates,China,China,0.0,0.0,0.0,158.8878436869959,676367.7799413614,1
2009,zinc,concentrates,China,EU27,0.0,0.0,111.84919759232712,158.8878436869959,0.0,1
2009,zinc,concentrates,China,RoW,158.8878436869959,1.0939006857371574e-13,1505.973858720677,158.8878436869959,0.0,1
2009,zinc,concentrates,EU27,China,108755.69261794807,108755.69261794807,249266.4767086591,240924.46794079407,676367.7799413614,1
2009,zinc,concentrates,EU27,EU27,0.0,0.0,1518733.535709611,240924.46794079407,0.0,1
2009,zinc,concentrates,EU27,RoW,240924.46794079442,1.658701097426151e-10,285659.50854093605,240924.46794079407,0.0,1
2009,zinc,concentrates,RoW,China,298388.0102046005,298388.0102046005,3012622.48554998,435284.42415688,676367.7799413614,1
2009,zinc,concentrates,RoW,EU27,0.0,0.0,1911534.8352927973,435284.42415688,0.0,1
2009,zinc,concentrates,RoW,RoW,435284.42415687966,2.996817874965505e-10,3633701.419300344,435284.42415688,0.0,1
2009,zinc,refined_metal,China,China,0.0,0.0,0.0,1785.6925299024879,353769.3126746596,0
2009,zinc,refined_metal,China,EU27,3235.7724968034236,2810.6604460127087,2810.6604460127087,1785.6925299024879,0.0,0
2009,zinc,refined_metal,China,RoW,33210.44460319658,31849.864124084805,31849.864124084805,1785.6925299024879,0.0,0
2009,zinc,refined_metal,EU27,China,3999.857133000431,3999.857133000431,3999.857133000431,164208.99235806195,353769.3126746596,0
2009,zinc,refined_metal,EU27,EU27,1173011.431922729,1018902.5457392148,1018902.5457392148,164208.99235806195,0.0,0
2009,zinc,refined_metal,EU27,RoW,246533.75654427087,236433.6503697229,236433.6503697229,164208.99235806195,0.0,0
2009,zinc,refined_metal,RoW,China,382238.7699923401,382238.7699923401,382238.7699923401,187774.62778669503,353769.3126746596,0
2009,zinc,refined_metal,RoW,EU27,648706.0928295564,563479.836114773,563479.836114773,187774.62778669503,0.0,0
2009,zinc,refined_metal,RoW,RoW,2503105.8793781037,2400557.5083061922,2400557.5083061922,187774.62778669503,0.0,0
2009,zinc,refined_metal,China,China,0.0,0.0,0.0,1785.6925299024879,1785.692529902677,1
2009,zinc,refined_metal,China,EU27,0.0,0.0,2810.6604460127087,1785.6925299024879,0.0,1
2009,zinc,refined_metal,China,RoW,0.0,0.0,31849.864124084805,1785.6925299024879,0.0,1
2009,zinc,refined_metal,EU27,China,164208.99235806195,164208.99235806195,168208.84949106237,0.0,1785.692529902677,1
2009,zinc,refined_metal,EU27,EU27,0.0,0.0,1018902.5457392148,0.0,0.0,1
2009,zinc,refined_metal,EU27,RoW,0.0,0.0,236433.6503697229,0.0,0.0,1
2009,zinc,refined_metal,RoW,China,187774.62778669503,187774.62778669503,570013.3977790351,0.0,1785.692529902677,1
2009,zinc,refined_metal,RoW,EU27,0.0,0.0,563479.836114773,0.0,0.0,1
2009,zinc,refined_metal,RoW,RoW,0.0,0.0,2400557.5083061922,0.0,0.0,1
2009,zinc,scrap,China,China,0.0,0.0,0.0,0.10166159117761708,0.0,0
2009,zinc,scrap,China,EU27,4.0380278185727665,3.936366227395017,3.936366227395017,0.10166159117761708,0.0,0
2009,zinc,scrap,China,RoW,752.7709721814273,752.7709721814273,752.7709721814273,0.10166159117761708,17292.754580336303,0
2009,zinc,scrap,EU27,China,49297.15960702149,43968.0336497229,43968.0336497229,10961.69016055204,0.0,0
2009,zinc,scrap,EU27,EU27,223727.08000278447,218094.515799531,218094.515799531,10961.69016055204,0.0,0
2009,zinc,scrap,EU27,RoW,56828.512890194026,56828.512890194026,56828.512890194026,10961.69016055204,17292.754580336303,0
2009,zinc,scrap,RoW,China,50019.440366883835,44612.2343502771,44612.2343502771,6330.962758193084,0.0,0
2009,zinc,scrap,RoW,EU27,36691.885075827944,35768.1283342416,35768.1283342416,6330.962758193084,0.0,0
2009,zinc,scrap,RoW,RoW,200952.19505728822,200952.19505728822,200952.19505728822,6330.962758193084,17292.754580336303,0
2009,zinc,scrap,China,China,0.0,0.0,0.0,0.0,0.0,1
2009,zinc,scrap,China,EU27,0.0,0.0,3.936366227395017,0.0,0.0,1
2009,zinc,scrap,China,RoW,0.10166159117761708,0.10166159117761708,752.8726337726049,0.0,0.0,1
2009,zinc,scrap,EU27,China,0.0,0.0,43968.0336497229,0.0,0.0,1
2009,zinc,scrap,EU27,EU27,0.0,0.0,218094.515799531,0.0,0.0,1
2009,zinc,scrap,EU27,RoW,10961.69016055204,10961.69016055204,67790.20305074606,0.0,0.0,1
2009,zinc,scrap,RoW,China,0.0,0.0,44612.2343502771,0.0,0.0,1
2009,zinc,scrap,RoW,EU27,0.0,0.0,35768.1283342416,0.0,0.0,1
2009,zinc,scrap,RoW,RoW,6330.962758193084,6330.962758193084,207283.1578154813,0.0,0.0,1
2010,nickel,concentrates,China,China,0.0,0.0,0.0,0.0,10348932.820749365,0
2010,nickel,concentrates,China,EU27,0.038697008146114965,0.038697008146114965,0.038697008146114965,0.0,313621.22884266486,0
2010,nickel,concentrates,China,RoW,64.72295299185389,64.72295299185389,64.72295299185389,0.0,3125496.2034079693,0
2010,nickel,concentrates,EU27,China,95422.57343373678,95422.57343373678,95422.57343373678,0.0,10348932.820749365,0
2010,nickel,concentrates,EU27,EU27,9489.103770175858,9489.103770175858,9489.103770175858,0.0,313621.22884266486,0
2010,nickel,concentrates,EU27,RoW,39274.56754608736,39274.56754608736,39274.56754608736,0.0,3125496.2034079693,0
2010,nickel,concentrates,RoW,China,15455247.328016898,15455247.328016898,15455247.328016898,0.0,10348932.820749365,0
2010,nickel,concentrates,RoW,EU27,787350.9983901511,787350.9983901511,787350.9983901511,0.0,313621.22884266486,0
2010,nickel,concentrates,RoW,RoW,9773389.753142951,9773389.753142951,9773389.753142951,0.0,3125496.2034079693,0
2010,nickel,concentrates,China,China,0.0,0.0,0.0,0.0,10348932.820749365,1
2010,nickel,concentrates,China,EU27,0.0,0.0,0.038697008146114965,0.0,313621.22884266486,1
2010,nickel,concentrates,China,RoW,0.0,0.0,64.72295299185389,0.0,3125496.2034079693,1
2010,nickel,concentrates,EU27,China,0.0,0.0,95422.57343373678,0.0,10348932.820749365,1
2010,nickel,concentrates,EU27,EU27,0.0,0.0,9489.103770175858,0.0,313621.22884266486,1
2010,nickel,concentrates,EU27,RoW,0.0,0.0,39274.56754608736,0.0,3125496.2034079693,1
2010,nickel,concentrates,RoW,China,0.0,0.0,15455247.328016898,0.0,10348932.820749365,1
2010,nickel,concentrates,RoW,EU27,0.0,0.0,787350.9983901511,0.0,313621.22884266486,1
2010,nickel,concentrates,RoW,RoW,0.0,0.0,9773389.753142951,0.0,3125496.2034079693,1
2010,nickel,refined_metal,China,China,0.0,0.0,0.0,0.0,5432.6367222412955,0
2010,nickel,refined_metal,China,EU27,1145.634928492858,1145.634928492858,1145.634928492858,0.0,6163.356000654167,0
2010,nickel,refined_metal,China,RoW,11228.733521507143,11228.733521507143,11228.733521507143,0.0,18573.036027104245,0
2010,nickel,refined_metal,EU27,China,6466.397749174701,6466.397749174701,6466.397749174701,0.0,5432.6367222412955,0
2010,nickel,refined_metal,EU27,EU27,90664.57401484919,90664.57401484919,90664.57401484919,0.0,6163.356000654167,0
2010,nickel,refined_metal,EU27,RoW,42024.41248597612,42024.41248597612,42024.41248597612,0.0,18573.036027104245,0
2010,nickel,refined_metal,RoW,China,192107.283328584,192107.283328584,192107.283328584,0.0,5432.6367222412955,0
2010,nickel,refined_metal,RoW,EU27,400442.6613560038,400442.6613560038,400442.6613560038,0.0,6163.356000654167,0
2010,nickel,refined_metal,RoW,RoW,610911.0599154125,610911.0599154125,610911.0599154125,0.0,18573.036027104245,0
2010,nickel,refined_metal,China,China,0.0,0.0,0.0,0.0,5432.6367222412955,1
2010,nickel,refined_metal,China,EU27,0.0,0.0,1145.634928492858,0.0,6163.356000654167,1
2010,nickel,refined_metal,China,RoW,0.0,0.0,11228.733521507143,0.0,18573.036027104245,1
2010,nickel,refined_metal,EU27,China,0.0,0.0,6466.397749174701,0.0,5432.6367222412955,1
2010,nickel,refined_metal,EU27,EU27,0.0,0.0,90664.57401484919,0.0,6163.356000654167,1
2010,nickel,refined_metal,EU27,RoW,0.0,0.0,42024.41248597612,0.0,18573.036027104245,1
2010,nickel,refined_metal,RoW,China,0.0,0.0,192107.283328584,0.0,5432.6367222412955,1
2010,nickel,refined_metal,RoW,EU27,0.0,0.0,400442.6613560038,0.0,6163.356000654167,1
2010,nickel,refined_metal,RoW,RoW,0.0,0.0,610911.0599154125,0.0,18573.036027104245,1
2010,nickel,scrap,China,China,0.0,0.0,0.0,61.893233911316656,4643.813969902064,0
2010,nickel,scrap,China,EU27,3.412971433289296,3.412971433289296,3.412971433289296,61.893233911316656,7799.98085641845,0
2010,nickel,scrap,China,RoW,904.4410285667108,842.5477946553941,842.5477946553941,61.893233911316656,0.0,0
2010,nickel,scrap,EU27,China,380.11561777091316,380.11561777091316,380.11561777091316,988.5950485303547,4643.813969902064,0
2010,nickel,scrap,EU27,EU27,33498.72858378014,33498.72858378014,33498.72858378014,988.5950485303547,7799.98085641845,0
2010,nickel,scrap,EU27,RoW,14446.262798448957,13457.667749918599,13457.667749918599,988.5950485303547,0.0,0
2010,nickel,scrap,RoW,China,6504.022412327024,6504.022412327024,6504.022412327024,4015.6145438788517,4643.813969902064,0
2010,nickel,scrap,RoW,EU27,23843.800588368118,23843.800588368118,23843.800588368118,4015.6145438788517,7799.98085641845,0
2010,nickel,scrap,RoW,RoW,58679.86399930486,54664.24945542601,54664.24945542601,4015.6145438788517,0.0,0
2010,nickel,scrap,China,China,0.0,0.0,0.0,0.0,3772.111847794621,1
2010,nickel,scrap,China,EU27,61.893233911316656,61.893233911316656,65.30620534460596,0.0,3605.580152205366,1
2010,nickel,scrap,China,RoW,0.0,0.0,842.5477946553941,0.0,0.0,1
2010,nickel,scrap,EU27,China,11.0918901294802,11.0918901294802,391.20750790039335,0.0,3772.111847794621,1
2010,nickel,scrap,EU27,EU27,977.5031584008746,977.5031584008746,34476.231742181015,0.0,3605.580152205366,1
2010,nickel,scrap,EU27,RoW,0.0,0.0,13457.667749918599,0.0,0.0,1
2010,nickel,scrap,RoW,China,860.610231977963,860.610231977963,7364.632644304987,0.0,3772.111847794621,1
2010,nickel,scrap,RoW,EU27,3155.0043119008888,3155.0043119008888,26998.804900269006,0.0,3605.580152205366,1
2010,nickel,scrap,RoW,RoW,0.0,0.0,54664.24945542601,0.0,0.0,1
2010,tin,concentrates,China,China,0.0,0.0,0.0,2.347201281750621,4026.3678151751737,0
2010,tin,concentrates,China,EU27,0.265158809197093,0.14660449113813045,0.14660449113813045,2.347201281750621,0.0,0
2010,tin,concentrates,China,RoW,59.12284119080291,56.89419422711126,56.89419422711126,2.347201281750621,0.0,0
2010,tin,concentrates,EU27,China,87.55364481640721,87.55364481640721,87.55364481640721,291.08235084083844,4026.3678151751737,0
2010,tin,concentrates,EU27,EU27,486.90357694914104,269.20565584115974,269.20565584115974,291.08235084083844,0.0,0
2010,tin,concentrates,EU27,RoW,1946.7847782344513,1873.4003485015944,1873.4003485015944,291.08235084083844,0.0,0
2010,tin,concentrates,RoW,China,14584.612540008418,14584.612540008418,14584.612540008418,3732.9382630525797,4026.3678151751737,0
2010,tin,concentrates,RoW,EU27,4037.164705662168,2232.1207396677023,2232.1207396677023,3732.9382630525797,0.0,0
2010,tin,concentrates,RoW,RoW,51144.29975432942,49216.4054572713,49216.4054572713,3732.9382630525797,0.0,0
2010,tin,concentrates,China,China,0.0,0.0,0.0,2.347201281750621,2.3472012817546783,1
2010,tin,concentrates,China,EU27,0.0,0.0,0.14660449113813045,2.347201281750621,0.0,1
2010,tin,concentrates,China,RoW,0.0,0.0,56.89419422711126,2.347201281750621,0.0,1
2010,tin,concentrates,EU27,China,291.08235084083844,291.08235084083844,378.63599565724564,0.0,2.3472012817546783,1
2010,tin,concentrates,EU27,EU27,0.0,0.0,269.20565584115974,0.0,0.0,1
2010,tin,concentrates,EU27,RoW,0.0,0.0,1873.4003485015944,0.0,0.0,1
2010,tin,concentrates,RoW,China,3732.9382630525797,3732.9382630525797,18317.550803061,0.0,2.3472012817546783,1
2010,tin,concentrates,RoW,EU27,0.0,0.0,2232.1207396677023,0.0,0.0,1
2010,tin,concentrates,RoW,RoW,0.0,0.0,49216.4054572713,0.0,0.0,1
2010,tin,refined_metal,China,China,0.0,0.0,0.0,71.4548431822841,0.0,0
2010,tin,refined_metal,China,EU27,1100.9973190021801,1100.9973190021801,1100.9973190021801,71.4548431822841,3030.1883325600065,0
2010,tin,refined_metal,China,RoW,10911.383680997822,10839.928837815538,10839.928837815538,71.4548431822841,0.0,0
2010,tin,refined_metal,EU27,China,129.96528402022287,120.69733335399928,120.69733335399928,75.23958149993996,0.0,0
2010,tin,refined_metal,EU27,EU27,21029.34114307386,21029.34114307386,21029.34114307386,75.23958149993996,3030.1883325600065,0
2010,tin,refined_metal,EU27,RoW,10074.079572905915,10008.107942072198,10008.107942072198,75.23958149993996,0.0,0
2010,tin,refined_metal,RoW,China,19798.37287037535,18386.531666646002,18386.531666646002,2883.493907877768,0.0,0
2010,tin,refined_metal,RoW,EU27,50608.093205363955,50608.093205363955,50608.093205363955,2883.493907877768,3030.1883325600065,0
2010,tin,refined_metal,RoW,RoW,224726.08692426072,223254.4342201123,223254.4342201123,2883.493907877768,0.0,0
2010,tin,refined_metal,China,China,0.0,0.0,0.0,0.0,0.0,1
2010,tin,refined_metal,China,EU27,71.4548431822841,71.4548431822841,1172.4521621844642,0.0,0.0,1
2010,tin,refined_metal,China,RoW,0.0,0.0,10839.928837815538,0.0,0.0,1
2010,tin,refined_metal,EU27,China,0.0,0.0,120.69733335399928,0.0,0.0,1
2010,tin,refined_metal,EU27,EU27,75.23958149993996,75.23958149993996,21104.5807245738,0.0,0.0,1
2010,tin,refined_metal,EU27,RoW,0.0,0.0,10008.107942072198,0.0,0.0,1
2010,tin,refined_metal,RoW,China,0.0,0.0,18386.531666646002,0.0,0.0,1
2010,tin,refined_metal,RoW,EU27,2883.493907877768,2883.493907877768,53491.58711324172,0.0,0.0,1
2010,tin,refined_metal,RoW,RoW,0.0,0.0,223254.4342201123,0.0,0.0,1
2010,tin,scrap,China,China,0.0,0.0,0.0,0.0,0.0,0
2010,tin,scrap,China,EU27,0.06615455280055053,0.06615455280055053,0.06615455280055053,0.0,1086.8957966675298,0
2010,tin,scrap,China,RoW,349.63384544719946,349.63384544719946,349.63384544719946,0.0,5619.848387070902,0
2010,tin,scrap,EU27,China,2.4086799088712567,1.014830012522481,1.014830012522481,1.393849896348911,0.0,0
2010,tin,scrap,EU27,EU27,6951.341618507935,6951.341618507935,6951.341618507935,1.393849896348911,1086.8957966675298,0
2010,tin,scrap,EU27,RoW,913.5207015831932,913.5207015831932,913.5207015831932,1.393849896348911,5619.848387070902,0
2010,tin,scrap,RoW,China,11587.361503829588,4882.011169987478,4882.011169987478,6705.3503338420705,0.0,0
2010,tin,scrap,RoW,EU27,9695.870430271732,9695.870430271732,9695.870430271732,6705.3503338420705,1086.8957966675298,0
2010,tin,scrap,RoW,RoW,133194.9790658987,133194.9790658987,133194.9790658987,6705.3503338420705,5619.848387070902,0
2010,tin,scrap,China,China,0.0,0.0,0.0,0.0,0.0,1
2010,tin,scrap,China,EU27,0.0,0.0,0.06615455280055053,0.0,630.6717430356912,1
2010,tin,scrap,China,RoW,0.0,0.0,349.63384544719946,0.0,0.0,1
2010,tin,scrap,EU27,China,0.0,0.0,1.014830012522481,0.016335426995283342,0.0,1
2010,tin,scrap,EU27,EU27,1.231951228146978,1.231951228146978,6952.573569736082,0.016335426995283342,630.6717430356912,1
2010,tin,scrap,EU27,RoW,0.161898668201933,0.1455632412063036,913.6662648243995,0.016335426995283342,0.0,1
2010,tin,scrap,RoW,China,0.0,0.0,4882.011169987478,630.6554076086904,0.0,1
2010,tin,scrap,RoW,EU27,454.99210240369143,454.99210240369143,10150.862532675425,630.6554076086904,630.6717430356912,1
2010,tin,scrap,RoW,RoW,6250.358231438379,5619.702823829696,138814.68188972838,630.6554076086904,0.0,1
2010,zinc,concentrates,China,China,0.0,0.0,0.0,209.55075903436,63264.68463090621,0
2010,zinc,concentrates,China,EU27,116.95300246935189,116.95300246935189,116.95300246935189,209.55075903436,259653.14418511186,0
2010,zinc,concentrates,China,RoW,2899.6177975306487,2690.0670384962887,2690.0670384962887,209.55075903436,0.0,0
2010,zinc,concentrates,EU27,China,148523.37570813188,148523.37570813188,148523.37570813188,18391.16219777451,63264.68463090621,0
2010,zinc,concentrates,EU27,EU27,1664454.5260666898,1664454.5260666898,1664454.5260666898,18391.16219777451,259653.14418511186,0
2010,zinc,concentrates,EU27,RoW,254484.1234251781,236092.96122740363,236092.96122740363,18391.16219777451,0.0,0
2010,zinc,concentrates,RoW,China,3200692.8254609616,3200692.8254609616,3200692.8254609616,294269.0216592103,63264.68463090621,0
2010,zinc,concentrates,RoW,EU27,2321399.717845729,2321399.717845729,2321399.717845729,294269.0216592103,259653.14418511186,0
2010,zinc,concentrates,RoW,RoW,4071890.24939331,3777621.2277341,3777621.2277341,294269.0216592103,0.0,0
2010,zinc,concentrates,China,China,0.0,0.0,0.0,0.0,0.0,1
2010,zinc,concentrates,China,EU27,209.55075903436,209.55075903436,326.50376150371187,0.0,118853.0701932502,1
2010,zinc,concentrates,China,RoW,0.0,0.0,2690.0670384962887,0.0,0.0,1
2010,zinc,concentrates,EU27,China,1506.6468764650836,553.9473905158691,149077.32309864776,952.6994859492406,0.0,1
2010,zinc,concentrates,EU27,EU27,16884.515321309427,16884.515321309427,1681339.0413879992,952.6994859492406,118853.0701932502,1
2010,zinc,concentrates,EU27,RoW,0.0,0.0,236092.96122740363,952.6994859492406,0.0,1
2010,zinc,concentrates,RoW,China,170563.01374769275,62710.73724039034,3263403.562701352,107852.27650730126,0.0,1
2010,zinc,concentrates,RoW,EU27,123706.00791151755,123706.00791151755,2445105.725757247,107852.27650730126,118853.0701932502,1
2010,zinc,concentrates,RoW,RoW,0.0,0.0,3777621.2277341,107852.27650730126,0.0,1
2010,zinc,refined_metal,China,China,0.0,0.0,0.0,2444.269472608372,0.0,0
2010,zinc,refined_metal,China,EU27,2260.362567454914,2260.362567454914,2260.362567454914,2444.269472608372,176040.68780544028,0
2010,zinc,refined_metal,China,RoW,49050.86963254509,46606.600159936715,46606.600159936715,2444.269472608372,4.656612873077393e-10,0
2010,zinc,refined_metal,EU27,China,7769.47865841438,7266.59033987555,7266.59033987555,15119.965091808466,0.0,0
2010,zinc,refined_metal,EU27,EU27,1400072.2628184457,1400072.2628184457,1400072.2628184457,15119.965091808466,176040.68780544028,0
2010,zinc,refined_metal,EU27,RoW,293331.13032314007,278714.05354987027,278714.05354987027,15119.965091808466,4.656612873077393e-10,0
2010,zinc,refined_metal,RoW,China,482180.6188165756,450970.93136012444,450970.93136012444,158476.45324102324,0.0,0
2010,zinc,refined_metal,RoW,EU27,623662.8462086595,623662.8462086595,623662.8462086595,158476.45324102324,176040.68780544028,0
2010,zinc,refined_metal,RoW,RoW,2553951.4390747645,2426684.6732901926,2426684.6732901926,158476.45324102324,4.656612873077393e-10,0
2010,zinc,refined_metal,China,China,0.0,0.0,0.0,2336.594505865767,0.0,1
2010,zinc,refined_metal,China,EU27,107.67496674259809,107.67496674259809,2368.037534197512,2336.594505865767,132328.32731100102,1
2010,zinc,refined_metal,China,RoW,2336.594505865774,8.222439047086722e-12,46606.60015993672,2336.594505865767,0.0,1
2010,zinc,refined_metal,EU27,China,0.0,0.0,7266.59033987555,2619.0785189101007,0.0,1
2010,zinc,refined_metal,EU27,EU27,12500.88657289837,12500.88657289837,1412573.149391344,2619.0785189101007,132328.32731100102,1
2010,zinc,refined_metal,EU27,RoW,2619.0785189100975,9.21649581354855e-12,278714.05354987027,2619.0785189101007,0.0,1
2010,zinc,refined_metal,RoW,China,0.0,0.0,450970.93136012444,127372.65428622486,0.0,1
2010,zinc,refined_metal,RoW,EU27,31103.798954798105,31103.798954798105,654766.6451634576,127372.65428622486,132328.32731100102,1
2010,zinc,refined_metal,RoW,RoW,127372.65428622514,4.4822235244710393e-10,2426684.673290193,127372.65428622486,0.0,1
2010,zinc,scrap,China,China,0.0,0.0,0.0,0.12390419158418808,1648.9058936530491,0
2010,zinc,scrap,China,EU27,14.23475089371423,14.110846702129907,14.110846702129907,0.12390419158418808,0.0,0
2010,zinc,scrap,China,RoW,1956.5292491062858,1956.5292491062858,1956.5292491062858,0.12390419158418808,660.287827653694,0
2010,zinc,scrap,EU27,China,54233.25805345438,54233.25805345438,54233.25805345438,2040.626759375562,1648.9058936530491,0
2010,zinc,scrap,EU27,EU27,234437.6991232773,232397.07236390174,232397.07236390174,2040.626759375562,0.0,0
2010,zinc,scrap,EU27,RoW,55370.60982326832,55370.60982326832,55370.60982326832,2040.626759375562,660.287827653694,0
2010,zinc,scrap,RoW,China,48167.325552892566,48167.325552892566,48167.325552892566,268.4430577396415,1648.9058936530491,0
2010,zinc,scrap,RoW,EU27,30840.119347135733,30571.67628939608,30571.67628939608,268.4430577396415,0.0,0
2010,zinc,scrap,RoW,RoW,204493.7190999717,204493.7190999717,204493.7190999717,268.4430577396415,660.287827653694,0
2010,zinc,scrap,China,China,0.0,0.0,0.0,0.05836469760447471,588.0042254361033,1
2010,zinc,scrap,China,EU27,0.0,0.0,14.110846702129907,0.05836469760447471,0.0,1
2010,zinc,scrap,China,RoW,0.12390419158418808,0.0655394939796369,1956.5947886002655,0.05836469760447471,0.0,1
2010,zinc,scrap,EU27,China,1009.7256581900509,1009.7256581900509,55242.98371164443,485.60286994004855,588.0042254361033,1
2010,zinc,scrap,EU27,EU27,0.0,0.0,232397.07236390174,485.60286994004855,0.0,1
2010,zinc,scrap,EU27,RoW,1030.901101185511,545.2982312453993,55915.90805451372,485.60286994004855,0.0,1
2010,zinc,scrap,RoW,China,51.176010026889074,51.176010026889074,48218.50156291945,102.34299079841003,588.0042254361033,1
2010,zinc,scrap,RoW,EU27,0.0,0.0,30571.67628939608,102.34299079841003,0.0,1
2010,zinc,scrap,RoW,RoW,217.26704771275246,114.92405691431503,204608.643156886,102.34299079841003,0.0,1
2011,nickel,concentrates,China,China,0.0,0.0,0.0,0.0,23015231.238977257,0
2011,nickel,concentrates,China,EU27,8.978659771063011,8.978659771063011,8.978659771063011,0.0,112295.8576386905,0
2011,nickel,concentrates,China,RoW,823.4450402289369,823.4450402289369,823.4450402289369,0.0,297384.9676840566,0
2011,nickel,concentrates,EU27,China,41269.67674842429,41269.67674842429,41269.67674842429,0.0,23015231.238977257,0
2011,nickel,concentrates,EU27,EU27,12800.190062390593,12800.190062390593,12800.190062390593,0.0,112295.8576386905,0
2011,nickel,concentrates,EU27,RoW,22002.976139185117,22002.976139185117,22002.976139185117,0.0,297384.9676840566,0
2011,nickel,concentrates,RoW,China,27237770.19452432,27237770.19452432,27237770.19452432,0.0,23015231.238977257,0
2011,nickel,concentrates,RoW,EU27,967885.7340391479,967885.7340391479,967885.7340391479,0.0,112295.8576386905,0
2011,nickel,concentrates,RoW,RoW,11598382.403986529,11598382.403986529,11598382.403986529,0.0,297384.9676840566,0
2011,nickel,concentrates,China,China,0.0,0.0,0.0,0.0,23015231.238977257,1
2011,nickel,concentrates,China,EU27,0.0,0.0,8.978659771063011,0.0,112295.8576386905,1
2011,nickel,concentrates,China,RoW,0.0,0.0,823.4450402289369,0.0,297384.9676840566,1
2011,nickel,concentrates,EU27,China,0.0,0.0,41269.67674842429,0.0,23015231.238977257,1
2011,nickel,concentrates,EU27,EU27,0.0,0.0,12800.190062390593,0.0,112295.8576386905,1
2011,nickel,concentrates,EU27,RoW,0.0,0.0,22002.976139185117,0.0,297384.9676840566,1
2011,nickel,concentrates,RoW,China,0.0,0.0,27237770.19452432,0.0,23015231.238977257,1
2011,nickel,concentrates,RoW,EU27,0.0,0.0,967885.7340391479,0.0,112295.8576386905,1
2011,nickel,concentrates,RoW,RoW,0.0,0.0,11598382.403986529,0.0,297384.9676840566,1
2011,nickel,refined_metal,China,China,0.0,0.0,0.0,154.77684245089222,2.9103830456733704e-11,0
2011,nickel,refined_metal,China,EU27,1279.628942344664,1124.8520998937706,1124.8520998937706,154.77684245089222,0.0,0
2011,nickel,refined_metal,China,RoW,11188.899357655337,11188.899357655337,11188.899357655337,154.77684245089222,72201.04448024707,0
2011,nickel,refined_metal,EU27,China,7696.213346553932,7068.466824341696,7068.466824341696,12368.249893592147,2.9103830456733704e-11,0
2011,nickel,refined_metal,EU27,EU27,97065.47616436458,85324.97279298468,85324.97279298468,12368.249893592147,0.0,0
2011,nickel,refined_metal,EU27,RoW,46946.40453908149,46946.40453908149,46946.40453908149,12368.249893592147,72201.04448024707,0
2011,nickel,refined_metal,RoW,China,209189.53609615986,192126.85892565828,192126.85892565828,59678.01774420426,2.9103830456733704e-11,0
2011,nickel,refined_metal,RoW,EU27,352325.4662808241,309710.1257071215,309710.1257071215,59678.01774420426,0.0,0
2011,nickel,refined_metal,RoW,RoW,635446.6337730162,635446.6337730162,635446.6337730162,59678.01774420426,72201.04448024707,0
2011,nickel,refined_metal,China,China,0.0,0.0,0.0,0.0,0.0,1
2011,nickel,refined_metal,China,EU27,0.0,0.0,1124.8520998937706,0.0,0.0,1
2011,nickel,refined_metal,China,RoW,154.77684245089222,154.77684245089222,11343.676200106229,0.0,16522.371250048513,1
2011,nickel,refined_metal,EU27,China,1742.022867641588,3.0685388570629135e-12,7068.466824341699,1742.0228676415863,0.0,1
2011,nickel,refined_metal,EU27,EU27,0.0,0.0,85324.97279298468,1742.0228676415863,0.0,1
2011,nickel,refined_metal,EU27,RoW,10626.22702595056,10626.22702595056,57572.631565032054,1742.0228676415863,16522.371250048513,1
2011,nickel,refined_metal,RoW,China,14780.348382407195,2.6035291599670793e-11,192126.8589256583,14780.3483824071,0.0,1
2011,nickel,refined_metal,RoW,EU27,0.0,0.0,309710.1257071215,14780.3483824071,0.0,1
2011,nickel,refined_metal,RoW,RoW,44897.66936179706,44897.66936179706,680344.3031348132,14780.3483824071,16522.371250048513,1
2011,nickel,scrap,China,China,0.0,0.0,0.0,0.010598296652005956,0.0,0
2011,nickel,scrap,China,EU27,0.6232037456944329,0.6126054490425145,0.6126054490425145,0.010598296652005956,0.0,0
2011,nickel,scrap,China,RoW,784.7177962543055,784.7177962543055,784.7177962543055,0.010598296652005956,4023.249687856369,0
2011,nickel,scrap,EU27,China,212.3982659061901,98.8106399367737,98.8106399367737,573.9996295805395,0.0,0
2011,nickel,scrap,EU27,EU27,27073.264189221787,26612.85218561066,26612.85218561066,573.9996295805395,0.0,0
2011,nickel,scrap,EU27,RoW,12418.267544872027,12418.267544872027,12418.267544872027,573.9996295805395,4023.249687856369,0
2011,nickel,scrap,RoW,China,5769.288001932709,2683.9533600632262,2683.9533600632262,3449.2394599791733,0.0,0
2011,nickel,scrap,RoW,EU27,21398.424027049994,21034.519208940295,21034.519208940295,3449.2394599791733,0.0,0
2011,nickel,scrap,RoW,RoW,55283.5789710173,55283.5789710173,55283.5789710173,3449.2394599791733,4023.249687856369,0
2011,nickel,scrap,China,China,0.0,0.0,0.0,0.0,0.0,1
2011,nickel,scrap,China,EU27,0.0,0.0,0.6126054490425145,0.0,0.0,1
2011,nickel,scrap,China,RoW,0.010598296652005956,0.010598296652005956,784.7283945509575,0.0,0.0,1
2011,nickel,scrap,EU27,China,0.0,0.0,98.8106399367737,0.0,0.0,1
2011,nickel,scrap,EU27,EU27,0.0,0.0,26612.85218561066,0.0,0.0,1
2011,nickel,scrap,EU27,RoW,573.9996295805395,573.9996295805395,12992.267174452567,0.0,0.0,1
2011,nickel,scrap,RoW,China,0.0,0.0,2683.9533600632262,0.0,0.0,1
2011,nickel,scrap,RoW,EU27,0.0,0.0,21034.519208940295,0.0,0.0,1
2011,nickel,scrap,RoW,RoW,3449.2394599791733,3449.2394599791733,58732.81843099647,0.0,0.0,1
2011,tin,concentrates,China,China,0.0,0.0,0.0,92.46867686599313,10398.668302506365,0
2011,tin,concentrates,China,EU27,2.370456240230893,2.370456240230893,2.370456240230893,92.46867686599313,3171.6639897471123,0
2011,tin,concentrates,China,RoW,571.3485437597692,478.879866893776,478.879866893776,92.46867686599313,7.275957614183426e-12,0
2011,tin,concentrates,EU27,China,9.151975900862851,9.151975900862851,9.151975900862851,188.1164103076801,10398.668302506365,0
2011,tin,concentrates,EU27,EU27,430.2490758118949,430.2490758118949,430.2490758118949,188.1164103076801,3171.6639897471123,0
2011,tin,concentrates,EU27,RoW,1162.339948287242,974.2235379795619,974.2235379795619,188.1164103076801,7.275957614183426e-12,0
2011,tin,concentrates,RoW,China,21985.154721592775,21985.154721592775,21985.154721592775,7702.901205079805,10398.668302506365,0
2011,tin,concentrates,RoW,EU27,3586.114478200762,3586.114478200762,3586.114478200762,7702.901205079805,3171.6639897471123,0
2011,tin,concentrates,RoW,RoW,47594.94280020647,39892.041595126655,39892.041595126655,7702.901205079805,7.275957614183426e-12,0
2011,tin,concentrates,China,China,0.0,0.0,0.0,92.08662057693363,8083.00765637579,1
2011,tin,concentrates,China,EU27,0.38205628905943045,0.38205628905943045,2.7525125292903234,92.08662057693363,2743.2070576054166,1
2011,tin,concentrates,China,RoW,92.0866205769337,1.2788150342678172e-13,478.8798668937761,92.08662057693363,0.0,1
2011,tin,concentrates,EU27,China,1.0748534586382672,1.0748534586382672,10.226829359501119,136.51097064320015,8083.00765637579,1
2011,tin,concentrates,EU27,EU27,50.53058620584139,50.53058620584139,480.7796620177363,136.51097064320015,2743.2070576054166,1
2011,tin,concentrates,EU27,RoW,136.51097064320044,1.8957399077879188e-13,974.2235379795621,136.51097064320015,0.0,1
2011,tin,concentrates,RoW,China,2314.5857926719364,2314.5857926719364,24299.74051426471,5010.771122761071,8083.00765637579,1
2011,tin,concentrates,RoW,EU27,377.54428964679465,377.54428964679465,3963.6587678475566,5010.771122761071,2743.2070576054166,1
2011,tin,concentrates,RoW,RoW,5010.771122761074,6.958502119977852e-12,39892.04159512666,5010.771122761071,0.0,1
2011,tin,refined_metal,China,China,0.0,0.0,0.0,0.0,829.9910538224358,0
2011,tin,refined_metal,China,EU27,3084.5683267090985,3084.5683267090985,3084.5683267090985,0.0,13785.725131641273,0
2011,tin,refined_metal,China,RoW,18238.994673290905,18238.994673290905,18238.994673290905,0.0,7530.227814536309,0
2011,tin,refined_metal,EU27,China,92.68558522243829,92.68558522243829,92.68558522243829,0.0,829.9910538224358,0
2011,tin,refined_metal,EU27,EU27,23067.70524544724,23067.70524544724,23067.70524544724,0.0,13785.725131641273,0
2011,tin,refined_metal,EU27,RoW,9883.619169330319,9883.619169330319,9883.619169330319,0.0,7530.227814536309,0
2011,tin,refined_metal,RoW,China,21667.900360955126,21667.900360955126,21667.900360955126,0.0,829.9910538224358,0
2011,tin,refined_metal,RoW,EU27,49229.59229620239,49229.59229620239,49229.59229620239,0.0,13785.725131641273,0
2011,tin,refined_metal,RoW,RoW,224235.06034284248,224235.06034284248,224235.06034284248,0.0,7530.227814536309,0
2011,tin,refined_metal,China,China,0.0,0.0,0.0,0.0,829.9910538224358,1
2011,tin,refined_metal,China,EU27,0.0,0.0,3084.5683267090985,0.0,13785.725131641273,1
2011,tin,refined_metal,China,RoW,0.0,0.0,18238.994673290905,0.0,7530.227814536309,1
2011,tin,refined_metal,EU27,China,0.0,0.0,92.68558522243829,0.0,829.9910538224358,1
2011,tin,refined_metal,EU27,EU27,0.0,0.0,23067.70524544724,0.0,13785.725131641273,1
2011,tin,refined_metal,EU27,RoW,0.0,0.0,9883.619169330319,0.0,7530.227814536309,1
2011,tin,refined_metal,RoW,China,0.0,0.0,21667.900360955126,0.0,829.9910538224358,1
2011,tin,refined_metal,RoW,EU27,0.0,0.0,49229.59229620239,0.0,13785.725131641273,1
2011,tin,refined_metal,RoW,RoW,0.0,0.0,224235.06034284248,0.0,7530.227814536309,1
2011,tin,scrap,China,China,0.0,0.0,0.0,0.0,0.0,0
2011,tin,scrap,China,EU27,0.17042078259031107,0.17042078259031107,0.17042078259031107,0.0,9876.08286964049,0
2011,tin,scrap,China,RoW,335.07857921740975,335.07857921740975,335.07857921740975,0.0,4878.7474469007575,0
2011,tin,scrap,EU27,China,2.26,0.9315397528808772,0.9315397528808772,1.3284602471194376,0.0,0
2011,tin,scrap,EU27,EU27,7279.564271683386,7279.564271683386,7279.564271683386,1.3284602471194376,9876.08286964049,0
2011,tin,scrap,EU27,RoW,585.4467283166132,585.4467283166132,585.4467283166132,1.3284602471194376,4878.7474469007575,0
2011,tin,scrap,RoW,China,6891.382316541256,2840.5294602471195,2840.5294602471195,4050.8528562941356,0.0,0
2011,tin,scrap,RoW,EU27,8508.064437893532,8508.064437893532,8508.064437893532,4050.8528562941356,9876.08286964049,0
2011,tin,scrap,RoW,RoW,146828.03324556522,146828.03324556522,146828.03324556522,4050.8528562941356,4878.7474469007575,0
2011,tin,scrap,China,China,0.0,0.0,0.0,0.0,0.0,1
2011,tin,scrap,China,EU27,0.0,0.0,0.17042078259031107,0.0,9652.980095409544,1
2011,tin,scrap,China,RoW,0.0,0.0,335.07857921740975,0.0,1049.6689045904495,1
2011,tin,scrap,EU27,China,0.0,0.0,0.9315397528808772,0.0,0.0,1
2011,tin,scrap,EU27,EU27,1.229573836741276,1.229573836741276,7280.793845520127,0.0,9652.980095409544,1
2011,tin,scrap,EU27,RoW,0.0988864103781615,0.0988864103781615,585.5456147269914,0.0,1049.6689045904495,1
2011,tin,scrap,RoW,China,0.0,0.0,2840.5294602471195,0.0,0.0,1
2011,tin,scrap,RoW,EU27,221.87320039420325,221.87320039420325,8729.937638287736,0.0,9652.980095409544,1
2011,tin,scrap,RoW,RoW,3828.9796558999324,3828.9796558999324,150657.01290146515,0.0,1049.6689045904495,1
2011,zinc,concentrates,China,China,0.0,0.0,0.0,0.0,0.0,0
2011,zinc,concentrates,China,EU27,231.63595022101177,231.63595022101177,231.63595022101177,0.0,129389.08598596789,0
2011,zinc,concentrates,China,RoW,5475.639649778988,5475.639649778988,5475.639649778988,0.0,321140.99068159703,0
2011,zinc,concentrates,EU27,China,192234.07311866985,166778.33339465715,166778.33339465715,25455.739724012557,0.0,0
2011,zinc,concentrates,EU27,EU27,1476305.6418910688,1476305.6418910688,1476305.6418910688,25455.739724012557,129389.08598596789,0
2011,zinc,concentrates,EU27,RoW,262593.8317902614,262593.8317902614,262593.8317902614,25455.739724012557,321140.99068159703,0
2011,zinc,concentrates,RoW,China,3180755.317748896,2759557.9817053434,2759557.9817053434,421197.33604355156,0.0,0
2011,zinc,concentrates,RoW,EU27,2190226.015972743,2190226.015972743,2190226.015972743,421197.33604355156,129389.08598596789,0
2011,zinc,concentrates,RoW,RoW,3776070.4693783624,3776070.4693783624,3776070.4693783624,421197.33604355156,321140.99068159703,0
2011,zinc,concentrates,China,China,0.0,0.0,0.0,0.0,0.0,1
2011,zinc,concentrates,China,EU27,0.0,0.0,231.63595022101177,0.0,0.0,1
2011,zinc,concentrates,China,RoW,0.0,0.0,5475.639649778988,0.0,50720.9865418002,1
2011,zinc,concentrates,EU27,China,0.0,0.0,166778.33339465715,5744.522749644937,0.0,1
2011,zinc,concentrates,EU27,EU27,21611.63008089869,15867.10733125389,1492172.7492223226,5744.522749644937,0.0,1
2011,zinc,concentrates,EU27,RoW,3844.1096431138662,3844.1096431138662,266437.94143337524,5744.522749644937,50720.9865418002,1
2011,zinc,concentrates,RoW,China,0.0,0.0,2759557.9817053434,41099.46289215423,0.0,1
2011,zinc,concentrates,RoW,EU27,154621.4415468681,113521.97865471398,2303747.9946274566,41099.46289215423,0.0,1
2011,zinc,concentrates,RoW,RoW,266575.89449668344,266575.89449668344,4042646.363875046,41099.46289215423,50720.9865418002,1
2011,zinc,refined_metal,China,China,0.0,0.0,0.0,0.0,0.0,0
2011,zinc,refined_metal,China,EU27,2293.348727214075,2293.348727214075,2293.348727214075,0.0,17891.019343833672,0
2011,zinc,refined_metal,China,RoW,44631.59677278593,44631.59677278593,44631.59677278593,0.0,168607.9938067547,0
2011,zinc,refined_metal,EU27,China,11162.055380158974,10282.887328098916,10282.887328098916,879.1680520598311,0.0,0
2011,zinc,refined_metal,EU27,EU27,1426310.9229474708,1426310.9229474708,1426310.9229474708,879.1680520598311,17891.019343833672,0
2011,zinc,refined_metal,EU27,RoW,299071.77337237075,299071.77337237075,299071.77337237075,879.1680520598311,168607.9938067547,0
2011,zinc,refined_metal,RoW,China,569346.5513704293,524502.5435719012,524502.5435719012,44844.00779852783,0.0,0
2011,zinc,refined_metal,RoW,EU27,611958.1626814817,611958.1626814817,611958.1626814817,44844.00779852783,17891.019343833672,0
2011,zinc,refined_metal,RoW,RoW,2478490.1900480893,2478490.1900480893,2478490.1900480893,44844.00779852783,168607.9938067547,0
2011,zinc,refined_metal,China,China,0.0,0.0,0.0,0.0,0.0,1
2011,zinc,refined_metal,China,EU27,0.0,0.0,2293.348727214075,0.0,8284.412990615936,1
2011,zinc,refined_metal,China,RoW,0.0,0.0,44631.59677278593,0.0,132491.42430938454,1
2011,zinc,refined_metal,EU27,China,0.0,0.0,10282.887328098916,0.0,0.0,1
2011,zinc,refined_metal,EU27,EU27,726.7761514208061,726.7761514208061,1427037.6990988916,0.0,8284.412990615936,1
2011,zinc,refined_metal,EU27,RoW,152.3919006390251,152.3919006390251,299224.1652730098,0.0,132491.42430938454,1
2011,zinc,refined_metal,RoW,China,0.0,0.0,524502.5435719012,0.0,0.0,1
2011,zinc,refined_metal,RoW,EU27,8879.830201796774,8879.830201796774,620837.9928832784,0.0,8284.412990615936,1
2011,zinc,refined_metal,RoW,RoW,35964.17759673106,35964.17759673106,2514454.3676448204,0.0,132491.42430938454,1
2011,zinc,scrap,China,China,0.0,0.0,0.0,146.57762163974235,3167.1135317007574,0
2011,zinc,scrap,China,EU27,32.85984156688505,32.85984156688505,32.85984156688505,146.57762163974235,17717.024764831236,0
2011,zinc,scrap,China,RoW,1880.333158433115,1733.7555367933726,1733.7555367933726,146.57762163974235,0.0,0
2011,zinc,scrap,EU27,China,52640.362997507065,52640.362997507065,52640.362997507065,4182.086538961274,3167.1135317007574,0
2011,zinc,scrap,EU27,EU27,246386.53256389435,246386.53256389435,246386.53256389435,4182.086538961274,17717.024764831236,0
2011,zinc,scrap,EU27,RoW,53648.81693859867,49466.730399637374,49466.730399637374,4182.086538961274,0.0,0
2011,zinc,scrap,RoW,China,48992.242470792175,48992.242470792175,48992.242470792175,16555.474135931,3167.1135317007574,0
2011,zinc,scrap,RoW,EU27,32349.63932970754,32349.63932970754,32349.63932970754,16555.474135931,17717.024764831236,0
2011,zinc,scrap,RoW,RoW,212377.62369950028,195822.14956356926,195822.14956356926,16555.474135931,0.0,0
2011,zinc,scrap,China,China,0.0,0.0,0.0,0.0,0.0,1
2011,zinc,scrap,China,EU27,146.57762163974235,146.57762163974235,179.4374632066274,0.0,7540.463923675532,1
2011,zinc,scrap,China,RoW,0.0,0.0,1733.7555367933726,0.0,0.0,1
2011,zinc,scrap,EU27,China,736.2098753177373,217.75796327485796,52858.120960781926,518.4519120428595,0.0,1
2011,zinc,scrap,EU27,EU27,3445.876663643536,3445.876663643536,249832.4092275379,518.4519120428595,7540.463923675532,1
2011,zinc,scrap,EU27,RoW,0.0,0.0,49466.730399637374,518.4519120428595,0.0,1
2011,zinc,scrap,RoW,China,9971.36758005858,2949.3555684258995,51941.59803921807,7022.0120116326725,0.0,1
2011,zinc,scrap,RoW,EU27,6584.106555872417,6584.106555872417,38933.745885579956,7022.0120116326725,7540.463923675532,1
2011,zinc,scrap,RoW,RoW,0.0,0.0,195822.14956356926,7022.0120116326725,0.0,1
2012,nickel,concentrates,China,China,0.0,0.0,0.0,28.05986259730605,19118624.67764532,0
2012,nickel,concentrates,China,EU27,10.772991787712936,8.422555024973354,8.422555024973354,28.05986259730605,0.0,0
2012,nickel,concentrates,China,RoW,689.6399082122871,663.9304823777205,663.9304823777205,28.05986259730605,0.0,0
2012,nickel,concentrates,EU27,China,25601.554156413964,25601.554156413964,25601.554156413964,2513.7929759930266,19118624.67764532,0
2012,nickel,concentrates,EU27,EU27,10152.692659469296,7937.591920709798,7937.591920709798,2513.7929759930266,0.0,0
2012,nickel,concentrates,EU27,RoW,8012.239884116743,7713.547646883212,7713.547646883212,2513.7929759930266,0.0,0
2012,nickel,concentrates,RoW,China,47678434.39039828,47678434.39039828,47678434.39039828,790862.1165067255,19118624.67764532,0
2012,nickel,concentrates,RoW,EU27,1167207.0678647624,912547.4100742652,912547.4100742652,790862.1165067255,0.0,0
2012,nickel,concentrates,RoW,RoW,14383308.938586963,13847106.47987074,13847106.47987074,790862.1165067255,0.0,0
2012,nickel,concentrates,China,China,0.0,0.0,0.0,28.05986259730605,18325248.7681626,1
2012,nickel,concentrates,China,EU27,0.0,0.0,8.422555024973354,28.05986259730605,0.0,1
2012,nickel,concentrates,China,RoW,0.0,0.0,663.9304823777205,28.05986259730605,0.0,1
2012,nickel,concentrates,EU27,China,2513.7929759930266,2513.7929759930266,28115.34713240699,0.0,18325248.7681626,1
2012,nickel,concentrates,EU27,EU27,0.0,0.0,7937.591920709798,0.0,0.0,1
2012,nickel,concentrates,EU27,RoW,0.0,0.0,7713.547646883212,0.0,0.0,1
2012,nickel,concentrates,RoW,China,790862.1165067255,790862.1165067255,48469296.506905004,0.0,18325248.7681626,1
2012,nickel,concentrates,RoW,EU27,0.0,0.0,912547.4100742652,0.0,0.0,1
2012,nickel,concentrates,RoW,RoW,0.0,0.0,13847106.47987074,0.0,0.0,1
2012,nickel,refined_metal,China,China,0.0,0.0,0.0,186.90566308889174,24212.163096995995,0
2012,nickel,refined_metal,China,EU27,1965.823824390421,1778.9181613015282,1778.9181613015282,186.90566308889174,5.820766091346741e-11,0
2012,nickel,refined_metal,China,RoW,11780.031525609578,11780.031525609578,11780.031525609578,186.90566308889174,17821.511722811265,0
2012,nickel,refined_metal,EU27,China,7089.857936788801,7089.857936788801,7089.857936788801,9326.633429018344,24212.163096995995,0
2012,nickel,refined_metal,EU27,EU27,98095.03839057298,88768.40496155462,88768.40496155462,9326.633429018344,5.820766091346741e-11,0
2012,nickel,refined_metal,EU27,RoW,47907.67397263822,47907.67397263822,47907.67397263822,9326.633429018344,17821.511722811265,0
2012,nickel,refined_metal,RoW,China,209709.6287662152,209709.6287662152,209709.6287662152,31945.142977700103,24212.163096995995,0
2012,nickel,refined_metal,RoW,EU27,335990.4783048438,304045.3353271438,304045.3353271438,31945.142977700103,5.820766091346741e-11,0
2012,nickel,refined_metal,RoW,RoW,685703.0587789409,685703.0587789409,685703.0587789409,31945.142977700103,17821.511722811265,0
2012,nickel,refined_metal,China,China,0.0,0.0,0.0,50.10928105956191,18339.936950038653,1
2012,nickel,refined_metal,China,EU27,26.729773888798615,1.0570454940763e-13,1778.9181613015282,50.10928105956191,0.0,1
2012,nickel,refined_metal,China,RoW,160.17588920009314,136.79638202933018,11916.827907638908,50.10928105956191,0.0,1
2012,nickel,refined_metal,EU27,China,431.92498441085655,431.92498441085655,7521.782921199658,6402.10410776487,18339.936950038653,1
2012,nickel,refined_metal,EU27,EU27,5976.09970543656,2.3632857098090255e-11,88768.40496155465,6402.10410776487,0.0,1
2012,nickel,refined_metal,EU27,RoW,2918.608739170928,2492.604336842575,50400.2783094808,6402.10410776487,0.0,1
2012,nickel,refined_metal,RoW,China,5440.301162546467,5440.301162546467,215149.92992876167,11312.730811214074,18339.936950038653,1
2012,nickel,refined_metal,RoW,EU27,8716.28737545533,3.446909926596952e-11,304045.33532714384,11312.730811214074,0.0,1
2012,nickel,refined_metal,RoW,RoW,17788.554439698306,15192.11100393936,700895.1697828803,11312.730811214074,0.0,1
2012,nickel,scrap,China,China,0.0,0.0,0.0,1.1668343865860606,0.0,0
2012,nickel,scrap,China,EU27,9.059821926066453,7.892987539480413,7.892987539480413,1.1668343865860606,0.0,0
2012,nickel,scrap,China,RoW,1124.5911780739336,1124.5911780739336,1124.5911780739336,1.1668343865860606,11704.295699648443,0
2012,nickel,scrap,EU27,China,196.10749744019103,64.82246723799291,64.82246723799291,4580.656557822571,0.0,0
2012,nickel,scrap,EU27,EU27,34546.90244524982,30097.530917629447,30097.530917629447,4580.656557822571,0.0,0
2012,nickel,scrap,EU27,RoW,17555.073057309986,17555.073057309986,17555.073057309986,4580.656557822571,11704.295699648443,0
2012,nickel,scrap,RoW,China,5268.70004583732,1741.5455327620073,1741.5455327620073,6351.419307439282,0.0,0
2012,nickel,scrap,RoW,EU27,21928.849889195048,19104.585094831076,19104.585094831076,6351.419307439282,0.0,0
2012,nickel,scrap,RoW,RoW,61830.13706496764,61830.13706496764,61830.13706496764,6351.419307439282,11704.295699648443,0
2012,nickel,scrap,China,China,0.0,0.0,0.0,0.0,0.0,1
2012,nickel,scrap,China,EU27,0.0,0.0,7.892987539480413,0.0,0.0,1
2012,nickel,scrap,China,RoW,1.1668343865860606,1.1668343865860606,1125.7580124605197,0.0,771.0530000000144,1
2012,nickel,scrap,EU27,China,0.0,0.0,64.82246723799291,0.0,0.0,1
2012,nickel,scrap,EU27,EU27,0.0,0.0,30097.530917629447,0.0,0.0,1
2012,nickel,scrap,EU27,RoW,4580.656557822571,4580.656557822571,22135.729615132557,0.0,771.0530000000144,1
2012,nickel,scrap,RoW,China,0.0,0.0,1741.5455327620073,0.0,0.0,1
2012,nickel,scrap,RoW,EU27,0.0,0.0,19104.585094831076,0.0,0.0,1
2012,nickel,scrap,RoW,RoW,6351.419307439282,6351.419307439282,68181.55637240692,0.0,771.0530000000144,1
2012,tin,concentrates,China,China,0.0,0.0,0.0,22.15022935583147,3463.072441749242,0
2012,tin,concentrates,China,EU27,0.1686477184340189,0.1686477184340189,0.1686477184340189,22.15022935583147,12.509333047413747,0
2012,tin,concentrates,China,RoW,255.46635228156597,233.3161229257345,233.3161229257345,22.15022935583147,0.0,0
2012,tin,concentrates,EU27,China,5.2389340729687985,5.2389340729687985,5.2389340729687985,121.4187278670181,3463.072441749242,0
2012,tin,concentrates,EU27,EU27,440.71935599282074,440.71935599282074,440.71935599282074,121.4187278670181,12.509333047413747,0
2012,tin,concentrates,EU27,RoW,1400.3647099342102,1278.9459820671923,1278.9459820671923,121.4187278670181,0.0,0
2012,tin,concentrates,RoW,China,24322.822624177792,24322.822624177792,24322.822624177792,3332.0128175738064,3463.072441749242,0
2012,tin,concentrates,RoW,EU27,3779.732663241332,3779.732663241332,3779.732663241332,3332.0128175738064,12.509333047413747,0
2012,tin,concentrates,RoW,RoW,38429.27071258088,35097.257895007075,35097.257895007075,3332.0128175738064,0.0,0
2012,tin,concentrates,China,China,0.0,0.0,0.0,21.6808260212089,577.7817357442,1
2012,tin,concentrates,China,EU27,22.15022935583147,0.4694033346225555,0.6380510530565744,21.6808260212089,0.0,1
2012,tin,concentrates,China,RoW,0.0,0.0,233.3161229257345,21.6808260212089,0.0,1
2012,tin,concentrates,EU27,China,1.426377140394019,1.426377140394019,6.665311213362818,117.44949626424136,577.7817357442,1
2012,tin,concentrates,EU27,EU27,119.99235072662408,2.5428544623827105,443.26221045520344,117.44949626424136,0.0,1
2012,tin,concentrates,EU27,RoW,0.0,0.0,1278.9459820671923,117.44949626424136,0.0,1
2012,tin,concentrates,RoW,China,2883.8643288646463,2883.8643288646463,27206.686953042437,438.6514134587487,577.7817357442,1
2012,tin,concentrates,RoW,EU27,448.1484887091602,9.49707525040848,3789.2297384917406,438.6514134587487,0.0,1
2012,tin,concentrates,RoW,RoW,0.0,0.0,35097.257895007075,438.6514134587487,0.0,1
2012,tin,refined_metal,China,China,0.0,0.0,0.0,20.84239214343779,6659.271734243124,0
2012,tin,refined_metal,China,EU27,717.3986738894145,696.5562817459768,696.5562817459768,20.84239214343779,0.0,0
2012,tin,refined_metal,China,RoW,5267.406326110586,5267.406326110586,5267.406326110586,20.84239214343779,17199.2293068156,0
2012,tin,refined_metal,EU27,China,78.80698027858456,78.80698027858456,78.80698027858456,691.1914758586645,6659.271734243124,0
2012,tin,refined_metal,EU27,EU27,23790.92787296952,23099.736397110857,23099.736397110857,691.1914758586645,0.0,0
2012,tin,refined_metal,EU27,RoW,9174.27514675189,9174.27514675189,9174.27514675189,691.1914758586645,17199.2293068156,0
2012,tin,refined_metal,RoW,China,23660.110285478295,23660.110285478295,23660.110285478295,1604.9911730565946,6659.271734243124,0
2012,tin,refined_metal,RoW,EU27,55244.0684941998,53639.077321143166,53639.077321143166,1604.9911730565946,0.0,0
2012,tin,refined_metal,RoW,RoW,238374.3182203219,238374.3182203219,238374.3182203219,1604.9911730565946,17199.2293068156,0
2012,tin,refined_metal,China,China,0.0,0.0,0.0,0.0,6508.464058735197,1
2012,tin,refined_metal,China,EU27,0.0,0.0,696.5562817459768,0.0,0.0,1
2012,tin,refined_metal,China,RoW,20.84239214343779,20.84239214343779,5288.2487182540235,0.0,15033.01194126485,1
2012,tin,refined_metal,EU27,China,5.88676424340788,5.88676424340788,84.69374452199244,0.0,6508.464058735197,1
2012,tin,refined_metal,EU27,EU27,0.0,0.0,23099.736397110857,0.0,0.0,1
2012,tin,refined_metal,EU27,RoW,685.3047116152567,685.3047116152567,9859.579858367148,0.0,15033.01194126485,1
2012,tin,refined_metal,RoW,China,144.9209112645197,144.9209112645197,23805.031196742813,0.0,6508.464058735197,1
2012,tin,refined_metal,RoW,EU27,0.0,0.0,53639.077321143166,0.0,0.0,1
2012,tin,refined_metal,RoW,RoW,1460.0702617920747,1460.0702617920747,239834.38848211398,0.0,15033.01194126485,1
2012,tin,scrap,China,China,0.0,0.0,0.0,5.684341886080802e-14,0.0,0
2012,tin,scrap,China,EU27,0.31270608852329157,0.31270608852329157,0.31270608852329157,5.684341886080802e-14,567.1716482999982,0
2012,tin,scrap,China,RoW,382.2352939114767,382.2352939114767,382.2352939114767,5.684341886080802e-14,573.1283664251387,0
2012,tin,scrap,EU27,China,2.6137543730221067,1.582896350264626,1.582896350264626,1.0308580227574566,0.0,0
2012,tin,scrap,EU27,EU27,8490.052202685083,8490.052202685083,8490.052202685083,1.0308580227574566,567.1716482999982,0
2012,tin,scrap,EU27,RoW,606.057042941895,606.057042941895,606.057042941895,1.0308580227574566,573.1283664251387,0
2012,tin,scrap,RoW,China,2888.6322603521157,1749.3631036497354,1749.3631036497354,1139.2691567023867,0.0,0
2012,tin,scrap,RoW,EU27,9999.326442926395,9999.326442926395,9999.326442926395,1139.2691567023867,567.1716482999982,0
2012,tin,scrap,RoW,RoW,129136.49329672148,129136.49329672148,129136.49329672148,1139.2691567023867,573.1283664251387,0
2012,tin,scrap,China,China,0.0,0.0,0.0,0.0,0.0,1
2012,tin,scrap,China,EU27,4.646549758528178e-17,4.646549758528178e-17,0.3127060885232916,0.0,484.3331882057937,1
2012,tin,scrap,China,RoW,5.679695336322273e-14,3.078310029942353e-14,382.23529391147673,0.0,0.0,1
2012,tin,scrap,EU27,China,0.0,0.0,1.582896350264626,0.03145837843112531,0.0,1
2012,tin,scrap,EU27,EU27,0.9621738471286657,0.9621738471286657,8491.014376532212,0.03145837843112531,484.3331882057937,1
2012,tin,scrap,EU27,RoW,0.06868417562879099,0.03722579719801234,606.0942687390931,0.03145837843112531,0.0,1
2012,tin,scrap,RoW,China,0.0,0.0,1749.3631036497354,484.3017298273626,0.0,1
2012,tin,scrap,RoW,EU27,81.87628624707348,81.87628624707348,10081.202729173468,484.3017298273626,484.3331882057937,1
2012,tin,scrap,RoW,RoW,1057.3928704553132,573.0911406279405,129709.58443734942,484.3017298273626,0.0,1
2012,zinc,concentrates,China,China,0.0,0.0,0.0,0.0,0.0,0
2012,zinc,concentrates,China,EU27,319.1827348471539,319.1827348471539,319.1827348471539,0.0,120826.53364897473,0
2012,zinc,concentrates,China,RoW,5032.283365152846,5032.283365152846,5032.283365152846,0.0,486312.6185518075,0
2012,zinc,concentrates,EU27,China,147507.31027498693,115752.12828337292,115752.12828337292,31755.1819916144,0.0,0
2012,zinc,concentrates,EU27,EU27,1456940.7651672445,1456940.7651672445,1456940.7651672445,31755.1819916144,120826.53364897473,0
2012,zinc,concentrates,EU27,RoW,288993.3010577685,288993.3010577685,288993.3010577685,31755.1819916144,486312.6185518075,0
2012,zinc,concentrates,RoW,China,2672739.8962257956,2097355.926016627,2097355.926016627,575383.9702091683,0.0,0
2012,zinc,concentrates,RoW,EU27,2510033.1092489334,2510033.1092489334,2510033.1092489334,575383.9702091683,120826.53364897473,0
2012,zinc,concentrates,RoW,RoW,4086178.042425271,4086178.042425271,4086178.042425271,575383.9702091683,486312.6185518075,0
2012,zinc,concentrates,China,China,0.0,0.0,0.0,0.0,0.0,1
2012,zinc,concentrates,China,EU27,0.0,0.0,319.1827348471539,0.0,0.0,1
2012,zinc,concentrates,China,RoW,0.0,0.0,5032.283365152846,0.0,124621.26154856384,1
2012,zinc,concentrates,EU27,China,0.0,0.0,115752.12828337292,13454.317441580584,0.0,1
2012,zinc,concentrates,EU27,EU27,26498.949785040266,13044.632343459589,1469985.3975107041,13454.317441580584,0.0,1
2012,zinc,concentrates,EU27,RoW,5256.232206574134,5256.232206574134,294249.53326434264,13454.317441580584,124621.26154856384,1
2012,zinc,concentrates,RoW,China,0.0,0.0,2097355.926016627,111166.94410698302,0.0,1
2012,zinc,concentrates,RoW,EU27,218948.84541249851,107781.90130551514,2617815.0105544487,111166.94410698302,0.0,1
2012,zinc,concentrates,RoW,RoW,356435.12479666976,356435.12479666976,4442613.167221941,111166.94410698302,124621.26154856384,1
2012,zinc,refined_metal,China,China,0.0,0.0,0.0,16.668858142813406,267700.31373436004,0
2012,zinc,refined_metal,China,EU27,1135.806116261891,1119.1372581190756,1119.1372581190756,16.668858142813406,0.0,0
2012,zinc,refined_metal,China,RoW,22025.14978373811,22025.14978373811,22025.14978373811,16.668858142813406,271984.7021988337,0
2012,zinc,refined_metal,EU27,China,29463.026853160452,29463.026853160452,29463.026853160452,20548.164243441075,267700.31373436004,0
2012,zinc,refined_metal,EU27,EU27,1400139.7351691676,1379591.5709257266,1379591.5709257266,20548.164243441075,0.0,0
2012,zinc,refined_metal,EU27,RoW,278030.19747767196,278030.19747767196,278030.19747767196,20548.164243441075,271984.7021988337,0
2012,zinc,refined_metal,RoW,China,562377.0651124794,562377.0651124794,562377.0651124794,9963.136631610338,267700.31373436004,0
2012,zinc,refined_metal,RoW,EU27,678882.2261477646,668919.0895161543,668919.0895161543,9963.136631610338,0.0,0
2012,zinc,refined_metal,RoW,RoW,2559311.4501397563,2559311.4501397563,2559311.4501397563,9963.136631610338,271984.7021988337,0
2012,zinc,refined_metal,China,China,0.0,0.0,0.0,0.0,263936.5790811281,1
2012,zinc,refined_metal,China,EU27,0.0,0.0,1119.1372581190756,0.0,0.0,1
2012,zinc,refined_metal,China,RoW,16.668858142813406,16.668858142813406,22041.818641880924,0.0,245220.4671188714,1
2012,zinc,refined_metal,EU27,China,1968.8600170138811,1968.8600170138811,31431.886870174334,0.0,263936.5790811281,1
2012,zinc,refined_metal,EU27,EU27,0.0,0.0,1379591.5709257266,0.0,0.0,1
2012,zinc,refined_metal,EU27,RoW,18579.304226427197,18579.304226427197,296609.5017040992,0.0,245220.4671188714,1
2012,zinc,refined_metal,RoW,China,1794.8746362181253,1794.8746362181253,564171.9397486974,0.0,263936.5790811281,1
2012,zinc,refined_metal,RoW,EU27,0.0,0.0,668919.0895161543,0.0,0.0,1
2012,zinc,refined_metal,RoW,RoW,8168.261995392213,8168.261995392213,2567479.7121351487,0.0,245220.4671188714,1
2012,zinc,scrap,China,China,0.0,0.0,0.0,58.861432638777615,0.0,0
2012,zinc,scrap,China,EU27,93.65379316179445,93.65379316179445,93.65379316179445,58.861432638777615,15672.605713065423,0
2012,zinc,scrap,China,RoW,1877.1102068382054,1818.2487741994278,1818.2487741994278,58.861432638777615,0.0,0
2012,zinc,scrap,EU27,China,47977.35384613437,45010.162555512194,45010.162555512194,4500.201824442251,0.0,0
2012,zinc,scrap,EU27,EU27,251360.4662617915,251360.4662617915,251360.4662617915,4500.201824442251,15672.605713065423,0
2012,zinc,scrap,EU27,RoW,48888.203892074096,47355.19335825402,47355.19335825402,4500.201824442251,0.0,0
2012,zinc,scrap,RoW,China,54098.77616088187,50753.00144448782,50753.00144448782,9721.320455984329,0.0,0
2012,zinc,scrap,RoW,EU27,36302.50473198126,36302.50473198126,36302.50473198126,9721.320455984329,15672.605713065423,0
2012,zinc,scrap,RoW,RoW,203318.2246071369,196942.67886754655,196942.67886754655,9721.320455984329,0.0,0
2012,zinc,scrap,China,China,0.0,0.0,0.0,0.0,0.0,1
2012,zinc,scrap,China,EU27,58.861432638777615,58.861432638777615,152.51522580057207,0.0,1392.2220000001253,1
2012,zinc,scrap,China,RoW,0.0,0.0,1818.2487741994278,0.0,0.0,1
2012,zinc,scrap,EU27,China,0.0,0.0,45010.162555512194,0.0,0.0,1
2012,zinc,scrap,EU27,EU27,4500.201824442251,4500.201824442251,255860.66808623375,0.0,1392.2220000001253,1
2012,zinc,scrap,EU27,RoW,0.0,0.0,47355.19335825402,0.0,0.0,1
2012,zinc,scrap,RoW,China,0.0,0.0,50753.00144448782,0.0,0.0,1
2012,zinc,scrap,RoW,EU27,9721.320455984329,9721.320455984329,46023.82518796559,0.0,1392.2220000001253,1
2012,zinc,scrap,RoW,RoW,0.0,0.0,196942.67886754655,0.0,0.0,1
2013,nickel,concentrates,China,China,0.0,0.0,0.0,0.0,19958019.610022426,0
2013,nickel,concentrates,China,EU27,6.046229810080475,6.046229810080475,6.046229810080475,0.0,131674.99825296784,0
2013,nickel,concentrates,China,RoW,339.62782018991953,339.62782018991953,339.62782018991953,0.0,4741605.182224577,0
2013,nickel,concentrates,EU27,China,125208.19274174803,125208.19274174803,125208.19274174803,2.9103830456733704e-11,19958019.610022426,0
2013,nickel,concentrates,EU27,EU27,43534.36181245614,43534.36181245614,43534.36181245614,2.9103830456733704e-11,131674.99825296784,0
2013,nickel,concentrates,EU27,RoW,56842.0659957958,56842.0659957958,56842.0659957958,2.9103830456733704e-11,4741605.182224577,0
2013,nickel,concentrates,RoW,China,65780420.57198581,65780420.57198581,65780420.57198581,0.0,19958019.610022426,0
2013,nickel,concentrates,RoW,EU27,1081619.869704766,1081619.869704766,1081619.869704766,0.0,131674.99825296784,0
2013,nickel,concentrates,RoW,RoW,14692130.663459439,14692130.663459439,14692130.663459439,0.0,4741605.182224577,0
2013,nickel,concentrates,China,China,0.0,0.0,0.0,0.0,19958019.610022426,1
2013,nickel,concentrates,China,EU27,0.0,0.0,6.046229810080475,0.0,131674.99825296784,1
2013,nickel,concentrates,China,RoW,0.0,0.0,339.62782018991953,0.0,4741605.182224577,1
2013,nickel,concentrates,EU27,China,1.6153751991005892e-11,1.6153751991005892e-11,125208.19274174805,0.0,19958019.610022426,1
2013,nickel,concentrates,EU27,EU27,5.6165916016025406e-12,5.6165916016025406e-12,43534.36181245615,0.0,131674.99825296784,1
2013,nickel,concentrates,EU27,RoW,7.333486864125274e-12,7.333486864125274e-12,56842.065995795805,0.0,4741605.182224577,1
2013,nickel,concentrates,RoW,China,0.0,0.0,65780420.57198581,0.0,19958019.610022426,1
2013,nickel,concentrates,RoW,EU27,0.0,0.0,1081619.869704766,0.0,131674.99825296784,1
2013,nickel,concentrates,RoW,RoW,0.0,0.0,14692130.663459439,0.0,4741605.182224577,1
2013,nickel,refined_metal,China,China,0.0,0.0,0.0,18.61217831612521,67223.38744792991,0
2013,nickel,refined_metal,China,EU27,2501.35628964959,2482.7441113334653,2482.7441113334653,18.61217831612521,0.0,0
2013,nickel,refined_metal,China,RoW,11819.49181035041,11819.49181035041,11819.49181035041,18.61217831612521,81057.82187776198,0
2013,nickel,refined_metal,EU27,China,5643.3797872130535,5643.3797872130535,5643.3797872130535,702.7756618710991,67223.38744792991,0
2013,nickel,refined_metal,EU27,EU27,94448.49991099404,93745.72424912294,93745.72424912294,702.7756618710991,0.0,0
2013,nickel,refined_metal,EU27,RoW,53000.6906017929,53000.6906017929,53000.6906017929,702.7756618710991,81057.82187776198,0
2013,nickel,refined_metal,RoW,China,236764.84601485697,236764.84601485697,236764.84601485697,2130.0995855047368,67223.38744792991,0
2013,nickel,refined_metal,RoW,EU27,286271.59622504836,284141.4966395436,284141.4966395436,2130.0995855047368,0.0,0
2013,nickel,refined_metal,RoW,RoW,709222.1042100947,709222.1042100947,709222.1042100947,2130.0995855047368,81057.82187776198,0
2013,nickel,refined_metal,China,China,0.0,0.0,0.0,0.0,66622.6300141747,1
2013,nickel,refined_metal,China,EU27,0.0,0.0,2482.7441113334653,0.0,0.0,1
2013,nickel,refined_metal,China,RoW,18.61217831612521,18.61217831612521,11838.103988666535,0.0,78807.09188582515,1
2013,nickel,refined_metal,EU27,China,67.62883167625674,67.62883167625674,5711.00861888931,0.0,66622.6300141747,1
2013,nickel,refined_metal,EU27,EU27,0.0,0.0,93745.72424912294,0.0,0.0,1
2013,nickel,refined_metal,EU27,RoW,635.1468301948423,635.1468301948423,53635.83743198774,0.0,78807.09188582515,1
2013,nickel,refined_metal,RoW,China,533.128602078931,533.128602078931,237297.9746169359,0.0,66622.6300141747,1
2013,nickel,refined_metal,RoW,EU27,0.0,0.0,284141.4966395436,0.0,0.0,1
2013,nickel,refined_metal,RoW,RoW,1596.9709834258058,1596.9709834258058,710819.0751935205,0.0,78807.09188582515,1
2013,nickel,scrap,China,China,0.0,0.0,0.0,0.24580763224207658,0.0,0
2013,nickel,scrap,China,EU27,10.488730776992021,10.242923144750018,10.242923144750018,0.24580763224207658,0.0,0
2013,nickel,scrap,China,RoW,1099.912269223008,1099.912269223008,1099.912269223008,0.24580763224207658,1664.3992271301104,0
2013,nickel,scrap,EU27,China,126.38334696916179,82.88170770410329,82.88170770410329,593.7904807047598,0.0,0
2013,nickel,scrap,EU27,EU27,23481.091513714055,22930.802672274353,22930.802672274353,593.7904807047598,0.0,0
2013,nickel,scrap,EU27,RoW,13213.281139316787,13213.281139316787,13213.281139316787,593.7904807047598,1664.3992271301104,0
2013,nickel,scrap,RoW,China,1812.5089010676002,1188.6362922958965,1188.6362922958965,1070.3629387931142,0.0,0
2013,nickel,scrap,RoW,EU27,19051.95873460231,18605.468404580894,18605.468404580894,1070.3629387931142,0.0,0
2013,nickel,scrap,RoW,RoW,64299.13336433008,64299.13336433008,64299.13336433008,1070.3629387931142,1664.3992271301104,0
2013,nickel,scrap,China,China,0.0,0.0,0.0,0.0,0.0,1
2013,nickel,scrap,China,EU27,0.0,0.0,10.242923144750018,0.0,0.0,1
2013,nickel,scrap,China,RoW,0.24580763224207658,0.24580763224207575,1100.15807685525,0.0,1.4551915228366852e-11,1
2013,nickel,scrap,EU27,China,0.0,0.0,82.88170770410329,0.0,0.0,1
2013,nickel,scrap,EU27,EU27,0.0,0.0,22930.802672274353,0.0,0.0,1
2013,nickel,scrap,EU27,RoW,593.7904807047598,593.7904807047578,13807.071620021545,0.0,1.4551915228366852e-11,1
2013,nickel,scrap,RoW,China,0.0,0.0,1188.6362922958965,1.4551915228366852e-11,0.0,1
2013,nickel,scrap,RoW,EU27,0.0,0.0,18605.468404580894,1.4551915228366852e-11,0.0,1
2013,nickel,scrap,RoW,RoW,1070.3629387931142,1070.3629387931105,65369.49630312319,1.4551915228366852e-11,1.4551915228366852e-11,1
2013,tin,concentrates,China,China,0.0,0.0,0.0,0.03434462950883699,9.094947017729282e-13,0
2013,tin,concentrates,China,EU27,0.08901948355723951,0.05467485404836009,0.05467485404836009,0.03434462950883699,2.2737367544323206e-13,0
2013,tin,concentrates,China,RoW,573.6299805164429,573.6299805164429,573.6299805164429,0.03434462950883699,9477.944511048241,0
2013,tin,concentrates,EU27,China,0.0036750572173269067,0.0016857427974342422,0.0016857427974342422,94.60462274327597,9.094947017729282e-13,0
2013,tin,concentrates,EU27,EU27,245.2050783897475,150.60244496089138,150.60244496089138,94.60462274327597,2.2737367544323206e-13,0
2013,tin,concentrates,EU27,RoW,680.0652465530352,680.0652465530352,680.0652465530352,94.60462274327597,9477.944511048241,0
2013,tin,concentrates,RoW,China,14819.259427785004,6797.570314257202,6797.570314257202,9058.313543675453,9.094947017729282e-13,0
2013,tin,concentrates,RoW,EU27,2686.8763103327165,1650.25188018506,1650.25188018506,9058.313543675453,2.2737367544323206e-13,0
2013,tin,concentrates,RoW,RoW,27920.425261882283,27920.425261882283,27920.425261882283,9058.313543675453,9477.944511048241,0
2013,tin,concentrates,China,China,0.0,0.0,0.0,5.3289871857487014e-06,0.0,1
2013,tin,concentrates,China,EU27,5.328987155456586e-06,2.1604222252009342e-21,0.05467485404836009,5.3289871857487014e-06,0.0,1
2013,tin,concentrates,China,RoW,0.034339300521681534,0.034339300521681534,573.6643198169645,5.3289871857487014e-06,3840.8859845751795,1
2013,tin,concentrates,EU27,China,0.0003757561561279854,1.1564909338466086e-19,0.0016857427974342424,25.071364388493635,0.0,1
2013,tin,concentrates,EU27,EU27,25.070988632337528,1.016401793980703e-14,150.60244496089138,25.071364388493635,0.0,1
2013,tin,concentrates,EU27,RoW,69.53325835478232,69.53325835478232,749.5985049078175,25.071364388493635,3840.8859845751795,1
2013,tin,concentrates,RoW,China,2955.0442610424557,9.094945861238347e-13,6797.570314257203,3490.8226148577014,0.0,1
2013,tin,concentrates,RoW,EU27,535.7783538152398,2.1720965534300281e-13,1650.2518801850601,3490.8226148577014,0.0,1
2013,tin,concentrates,RoW,RoW,5567.490928817758,5567.490928817758,33487.91619070004,3490.8226148577014,3840.8859845751795,1
2013,tin,refined_metal,China,China,0.0,0.0,0.0,0.0,0.0,0
2013,tin,refined_metal,China,EU27,1514.578561229764,1514.578561229764,1514.578561229764,0.0,7566.0005690527905,0
2013,tin,refined_metal,China,RoW,9419.784438770235,9419.784438770235,9419.784438770235,0.0,1798.129955000768,0
2013,tin,refined_metal,EU27,China,78.56866227033913,59.64974089230881,59.64974089230881,18.918921378026425,0.0,0
2013,tin,refined_metal,EU27,EU27,27350.993730792412,27350.993730792412,27350.993730792412,18.918921378026425,7566.0005690527905,0
2013,tin,refined_metal,EU27,RoW,8781.429606937249,8781.429606937249,8781.429606937249,18.918921378026425,1798.129955000768,0
2013,tin,refined_metal,RoW,China,22415.399861783226,17017.88925910769,17017.88925910769,5397.510602675495,0.0,0
2013,tin,refined_metal,RoW,EU27,54668.00413892504,54668.00413892504,54668.00413892504,5397.510602675495,7566.0005690527905,0
2013,tin,refined_metal,RoW,RoW,234468.88299929176,234468.88299929176,234468.88299929176,5397.510602675495,1798.129955000768,0
2013,tin,refined_metal,China,China,0.0,0.0,0.0,0.0,0.0,1
2013,tin,refined_metal,China,EU27,0.0,0.0,1514.578561229764,0.0,6531.155602677856,1
2013,tin,refined_metal,China,RoW,0.0,0.0,9419.784438770235,0.0,0.0,1
2013,tin,refined_metal,EU27,China,0.0,0.0,59.64974089230881,2.7110288789481274,0.0,1
2013,tin,refined_metal,EU27,EU27,14.320968598400926,14.320968598400926,27365.314699390812,2.7110288789481274,6531.155602677856,1
2013,tin,refined_metal,EU27,RoW,4.597952779625498,1.886923900677609,8783.316530837927,2.7110288789481274,0.0,1
2013,tin,refined_metal,RoW,China,0.0,0.0,17017.88925910769,2580.7435737989144,0.0,1
2013,tin,refined_metal,RoW,EU27,1020.5239977765348,1020.5239977765348,55688.52813670158,2580.7435737989144,6531.155602677856,1
2013,tin,refined_metal,RoW,RoW,4376.98660489896,1796.2430311000903,236265.12603039184,2580.7435737989144,0.0,1
2013,tin,scrap,China,China,0.0,0.0,0.0,0.033359588679672925,0.0,0
2013,tin,scrap,China,EU27,0.6136920051333947,0.5803324164537746,0.5803324164537746,0.033359588679672925,0.0,0
2013,tin,scrap,China,RoW,775.2443079948666,775.2443079948666,775.2443079948666,0.033359588679672925,1972.6486843521416,0
2013,tin,scrap,EU27,China,9.811333333333334,1.4934562494245418,1.4934562494245418,631.665611677452,0.0,0
2013,tin,scrap,EU27,EU27,11467.273317184932,10843.925582591388,10843.925582591388,631.665611677452,0.0,0
2013,tin,scrap,EU27,RoW,462.58034948173326,462.58034948173326,462.58034948173326,631.665611677452,1972.6486843521416,0
2013,tin,scrap,RoW,China,1120.4729246200536,170.55554375057545,170.55554375057545,1340.949713086011,0.0,0
2013,tin,scrap,RoW,EU27,7193.536417208689,6802.50408499216,6802.50408499216,1340.949713086011,0.0,0
2013,tin,scrap,RoW,RoW,100979.44465817125,100979.44465817125,100979.44465817125,1340.949713086011,1972.6486843521416,0
2013,tin,scrap,China,China,0.0,0.0,0.0,0.0,0.0,1
2013,tin,scrap,China,EU27,0.0,0.0,0.5803324164537746,0.0,0.0,1
2013,tin,scrap,China,RoW,0.033359588679672925,0.03335958867967291,775.2776675835463,0.0,0.0,1
2013,tin,scrap,EU27,China,0.0,0.0,1.4934562494245418,0.0,0.0,1
2013,tin,scrap,EU27,EU27,0.0,0.0,10843.925582591388,0.0,0.0,1
2013,tin,scrap,EU27,RoW,631.665611677452,631.6656116774518,1094.245961159185,0.0,0.0,1
2013,tin,scrap,RoW,China,0.0,0.0,170.55554375057545,0.0,0.0,1
2013,tin,scrap,RoW,EU27,0.0,0.0,6802.50408499216,0.0,0.0,1
2013,tin,scrap,RoW,RoW,1340.949713086011,1340.9497130860102,102320.39437125727,0.0,0.0,1
2013,zinc,concentrates,China,China,0.0,0.0,0.0,1.9903982139949221,0.0,0
2013,zinc,concentrates,China,EU27,268.301924229894,266.3115260158986,266.3115260158986,1.9903982139949221,0.0,0
2013,zinc,concentrates,China,RoW,3895.571675770107,3895.571675770107,3895.571675770107,1.9903982139949221,199760.31740825716,0
2013,zinc,concentrates,EU27,China,172816.58379901177,160507.48321677517,160507.48321677517,23653.50235799793,0.0,0
2013,zinc,concentrates,EU27,EU27,1529203.957415154,1517859.5556393927,1517859.5556393927,23653.50235799793,0.0,0
2013,zinc,concentrates,EU27,RoW,319310.9199858344,319310.9199858344,319310.9199858344,23653.50235799793,199760.31740825716,0
2013,zinc,concentrates,RoW,China,2225176.3466917425,2066685.0788832244,2066685.0788832244,176104.82465204597,0.0,0
2013,zinc,concentrates,RoW,EU27,2374274.2333781193,2356660.6765345917,2356660.6765345917,176104.82465204597,0.0,0
2013,zinc,concentrates,RoW,RoW,4228794.533930138,4228794.533930138,4228794.533930138,176104.82465204597,199760.31740825716,0
2013,zinc,concentrates,China,China,0.0,0.0,0.0,0.0,0.0,1
2013,zinc,concentrates,China,EU27,0.0,0.0,266.3115260158986,0.0,0.0,1
2013,zinc,concentrates,China,RoW,1.9903982139949221,1.9903982139949148,3897.562073984102,0.0,0.0,1
2013,zinc,concentrates,EU27,China,0.0,0.0,160507.48321677517,2.3283064365386963e-10,0.0,1
2013,zinc,concentrates,EU27,EU27,0.0,0.0,1517859.5556393927,2.3283064365386963e-10,0.0,1
2013,zinc,concentrates,EU27,RoW,23653.50235799793,23653.502357997844,342964.4223438322,2.3283064365386963e-10,0.0,1
2013,zinc,concentrates,RoW,China,0.0,0.0,2066685.0788832244,0.0,0.0,1
2013,zinc,concentrates,RoW,EU27,0.0,0.0,2356660.6765345917,0.0,0.0,1
2013,zinc,concentrates,RoW,RoW,176104.82465204597,176104.82465204532,4404899.358582183,0.0,0.0,1
2013,zinc,refined_metal,China,China,0.0,0.0,0.0,56.58295458903376,76694.41490126436,0
2013,zinc,refined_metal,China,EU27,1066.2333911595047,1009.6504365704715,1009.6504365704715,56.58295458903376,0.0,0
2013,zinc,refined_metal,China,RoW,17498.279008840494,17498.279008840494,17498.279008840494,56.58295458903376,126325.86190001946,0
2013,zinc,refined_metal,EU27,China,81619.43377867868,81619.43377867868,81619.43377867868,72747.9179041658,76694.41490126436,0
2013,zinc,refined_metal,EU27,EU27,1370841.4445679327,1298093.526663767,1298093.526663767,72747.9179041658,0.0,0
2013,zinc,refined_metal,EU27,RoW,284083.87335338886,284083.87335338886,284083.87335338886,72747.9179041658,126325.86190001946,0
2013,zinc,refined_metal,RoW,China,574508.877220057,574508.877220057,574508.877220057,28501.56234252872,76694.41490126436,0
2013,zinc,refined_metal,RoW,EU27,537075.479542192,508573.91719966265,508573.91719966265,28501.56234252872,0.0,0
2013,zinc,refined_metal,RoW,RoW,2515452.4527377514,2515452.4527377514,2515452.4527377514,28501.56234252872,126325.86190001946,0
2013,zinc,refined_metal,China,China,0.0,0.0,0.0,0.0,55158.957463918254,1
2013,zinc,refined_metal,China,EU27,0.0,0.0,1009.6504365704715,0.0,0.0,1
2013,zinc,refined_metal,China,RoW,56.58295458903376,56.58295458903376,17554.86196342953,0.0,46555.25613608211,1
2013,zinc,refined_metal,EU27,China,16236.232355895909,16236.232355895909,97855.66613457458,0.0,55158.957463918254,1
2013,zinc,refined_metal,EU27,EU27,0.0,0.0,1298093.526663767,0.0,0.0,1
2013,zinc,refined_metal,EU27,RoW,56511.68554826989,56511.68554826989,340595.55890165875,0.0,46555.25613608211,1
2013,zinc,refined_metal,RoW,China,5299.225081450199,5299.225081450199,579808.1023015071,4.656612873077393e-10,55158.957463918254,1
2013,zinc,refined_metal,RoW,EU27,0.0,0.0,508573.91719966265,4.656612873077393e-10,0.0,1
2013,zinc,refined_metal,RoW,RoW,23202.337261078523,23202.337261078523,2538654.78999883,4.656612873077393e-10,46555.25613608211,1
2013,zinc,scrap,China,China,0.0,0.0,0.0,0.0,0.0,0
2013,zinc,scrap,China,EU27,87.5962076978721,87.5962076978721,87.5962076978721,0.0,61597.32637000014,0
2013,zinc,scrap,China,RoW,829.8487923021279,829.8487923021279,829.8487923021279,0.0,24079.193990500353,0
2013,zinc,scrap,EU27,China,41310.19038704891,40186.29827226399,40186.29827226399,1123.8921147849178,0.0,0
2013,zinc,scrap,EU27,EU27,265538.61220209463,265538.61220209463,265538.61220209463,1123.8921147849178,61597.32637000014,0
2013,zinc,scrap,EU27,RoW,45826.90991085643,45826.90991085643,45826.90991085643,1123.8921147849178,24079.193990500353,0
2013,zinc,scrap,RoW,China,53163.27797345153,51716.908727736,51716.908727736,1446.3692457155557,0.0,0
2013,zinc,scrap,RoW,EU27,42224.84022020738,42224.84022020738,42224.84022020738,1446.3692457155557,61597.32637000014,0
2013,zinc,scrap,RoW,RoW,199529.98830634108,199529.98830634108,199529.98830634108,1446.3692457155557,24079.193990500353,0
2013,zinc,scrap,China,China,0.0,0.0,0.0,0.0,0.0,1
2013,zinc,scrap,China,EU27,0.0,0.0,87.5962076978721,0.0,60386.22666977759,1
2013,zinc,scrap,China,RoW,0.0,0.0,829.8487923021279,0.0,22720.03233022237,1
2013,zinc,scrap,EU27,China,0.0,0.0,40186.29827226399,0.0,0.0,1
2013,zinc,scrap,EU27,EU27,958.47719554705,958.47719554705,266497.0893976417,0.0,60386.22666977759,1
2013,zinc,scrap,EU27,RoW,165.4149192378678,165.4149192378678,45992.3248300943,0.0,22720.03233022237,1
2013,zinc,scrap,RoW,China,0.0,0.0,51716.908727736,0.0,0.0,1
2013,zinc,scrap,RoW,EU27,252.62250467545246,252.62250467545246,42477.46272488283,0.0,60386.22666977759,1
2013,zinc,scrap,RoW,RoW,1193.7467410401032,1193.7467410401032,200723.7350473812,0.0,22720.03233022237,1
2014,nickel,concentrates,China,China,0.0,0.0,0.0,0.0,0.0,0
2014,nickel,concentrates,China,EU27,25.791099666822227,25.791099666822227,25.791099666822227,0.0,616907.9118922917,0
2014,nickel,concentrates,China,RoW,806.6326003331777,806.6326003331777,806.6326003331777,0.0,1211928.685360318,0
2014,nickel,concentrates,EU27,China,145081.65696715072,139577.39557076496,139577.39557076496,5504.261396385758,0.0,0
2014,nickel,concentrates,EU27,EU27,23715.18131361184,23715.18131361184,23715.18131361184,5504.261396385758,616907.9118922917,0
2014,nickel,concentrates,EU27,RoW,56787.782269237454,56787.782269237454,56787.782269237454,5504.261396385758,1211928.685360318,0
2014,nickel,concentrates,RoW,China,47454262.61688546,45653892.59577924,45653892.59577924,1800370.0211062133,0.0,0
2014,nickel,concentrates,RoW,EU27,994385.0606444295,994385.0606444295,994385.0606444295,1800370.0211062133,616907.9118922917,0
2014,nickel,concentrates,RoW,RoW,11103365.92087011,11103365.92087011,11103365.92087011,1800370.0211062133,1211928.685360318,0
2014,nickel,concentrates,China,China,0.0,0.0,0.0,0.0,0.0,1
2014,nickel,concentrates,China,EU27,0.0,0.0,25.791099666822227,0.0,467303.459911095,1
2014,nickel,concentrates,China,RoW,0.0,0.0,806.6326003331777,0.0,0.0,1
2014,nickel,concentrates,EU27,China,0.0,0.0,139577.39557076496,1041.6636977855815,0.0,1
2014,nickel,concentrates,EU27,EU27,1621.4875975151333,1621.4875975151333,25336.668911126973,1041.6636977855815,467303.459911095,1
2014,nickel,concentrates,EU27,RoW,3882.7737988706253,2841.110101085041,59628.892370322494,1041.6636977855815,0.0,1
2014,nickel,concentrates,RoW,China,0.0,0.0,45653892.59577924,443299.48146330565,0.0,1
2014,nickel,concentrates,RoW,EU27,147982.96438368157,147982.96438368157,1142368.0250281112,443299.48146330565,467303.459911095,1
2014,nickel,concentrates,RoW,RoW,1652387.0567225318,1209087.5752592331,12312453.496129343,443299.48146330565,0.0,1
2014,nickel,refined_metal,China,China,0.0,0.0,0.0,155.55009703050746,36331.3425957546,0
2014,nickel,refined_metal,China,EU27,5562.632880319158,5407.082783288649,5407.082783288649,155.55009703050746,5.820766091346741e-11,0
2014,nickel,refined_metal,China,RoW,25296.23606968084,25296.23606968084,25296.23606968084,155.55009703050746,181147.0484500482,0
2014,nickel,refined_metal,EU27,China,5362.1238150834715,5362.1238150834715,5362.1238150834715,2616.4895323931414,36331.3425957546,0
2014,nickel,refined_metal,EU27,EU27,93568.38074518416,90951.891212791,90951.891212791,2616.4895323931414,5.820766091346741e-11,0
2014,nickel,refined_metal,EU27,RoW,56712.543889732384,56712.543889732384,56712.543889732384,2616.4895323931414,181147.0484500482,0
2014,nickel,refined_metal,RoW,China,282615.4252391619,282615.4252391619,282615.4252391619,7853.13656637934,36331.3425957546,0
2014,nickel,refined_metal,RoW,EU27,280836.3126202996,272983.1760539203,272983.1760539203,7853.13656637934,5.820766091346741e-11,0
2014,nickel,refined_metal,RoW,RoW,795148.0314905386,795148.0314905386,795148.0314905386,7853.13656637934,181147.0484500482,0
2014,nickel,refined_metal,China,China,0.0,0.0,0.0,28.039526843342173,34607.594234172895,1
2014,nickel,refined_metal,China,EU27,28.039526843343246,5.061882253596661e-13,5407.08278328865,28.039526843342173,0.0,1
2014,nickel,refined_metal,China,RoW,127.51057018716422,127.51057018716422,25423.746639868004,28.039526843342173,175469.9454596372,1
2014,nickel,refined_metal,EU27,China,90.14177615564353,90.14177615564353,5452.265591239115,1572.9625654395495,34607.594234172895,1
2014,nickel,refined_metal,EU27,EU27,1572.9625654395895,2.8396168523295883e-11,90951.89121279103,1572.9625654395495,0.0,1
2014,nickel,refined_metal,EU27,RoW,953.3851907979086,953.3851907979086,57665.929080530295,1572.9625654395495,175469.9454596372,1
2014,nickel,refined_metal,RoW,China,1633.6065854260767,1633.6065854260767,284249.03182458796,1623.3227515269537,34607.594234172895,1
2014,nickel,refined_metal,RoW,EU27,1623.322751527313,2.9305304164811857e-11,272983.17605392035,1623.3227515269537,0.0,1
2014,nickel,refined_metal,RoW,RoW,4596.2072294259515,4596.2072294259515,799744.2387199645,1623.3227515269537,175469.9454596372,1
2014,nickel,scrap,China,China,0.0,0.0,0.0,1.2553485327680391,0.0,0
2014,nickel,scrap,China,EU27,29.523218974970412,28.267870442202412,28.267870442202412,1.2553485327680391,0.0,0
2014,nickel,scrap,China,RoW,1104.1277810250297,1104.1277810250297,1104.1277810250297,1.2553485327680391,7593.689169778387,0
2014,nickel,scrap,EU27,China,31.313237529159146,27.24214558900598,27.24214558900598,1286.9552123664907,0.0,0
2014,nickel,scrap,EU27,EU27,30170.799437942806,28887.91531751647,28887.91531751647,1286.9552123664907,0.0,0
2014,nickel,scrap,EU27,RoW,17713.650324528033,17713.650324528033,17713.650324528033,1286.9552123664907,7593.689169778387,0
2014,nickel,scrap,RoW,China,1421.419193339812,1236.617854410994,1236.617854410994,903.0536088791268,0.0,0
2014,nickel,scrap,RoW,EU27,16891.81808199162,16173.565812041325,16173.565812041325,903.0536088791268,0.0,0
2014,nickel,scrap,RoW,RoW,71485.50272466855,71485.50272466855,71485.50272466855,903.0536088791268,7593.689169778387,0
2014,nickel,scrap,China,China,0.0,0.0,0.0,0.0,0.0,1
2014,nickel,scrap,China,EU27,0.0,0.0,28.267870442202412,0.0,0.0,1
2014,nickel,scrap,China,RoW,1.2553485327680391,1.2553485327680391,1105.3831295577977,0.0,5402.425000000003,1
2014,nickel,scrap,EU27,China,0.0,0.0,27.24214558900598,0.0,0.0,1
2014,nickel,scrap,EU27,EU27,0.0,0.0,28887.91531751647,0.0,0.0,1
2014,nickel,scrap,EU27,RoW,1286.9552123664907,1286.9552123664907,19000.605536894524,0.0,5402.425000000003,1
2014,nickel,scrap,RoW,China,0.0,0.0,1236.617854410994,0.0,0.0,1
2014,nickel,scrap,RoW,EU27,0.0,0.0,16173.565812041325,0.0,0.0,1
2014,nickel,scrap,RoW,RoW,903.0536088791268,903.0536088791268,72388.55633354768,0.0,5402.425000000003,1
2014,tin,concentrates,China,China,0.0,0.0,0.0,1.1368683772161603e-13,2863742.4170745914,0
2014,tin,concentrates,China,EU27,1.1208691441919985,1.1208691441919985,1.1208691441919985,1.1368683772161603e-13,0.7053057900252497,0
2014,tin,concentrates,China,RoW,897.590130855808,897.590130855808,897.590130855808,1.1368683772161603e-13,10484.795619618119,0
2014,tin,concentrates,EU27,China,0.010670191329830516,0.010670191329830516,0.010670191329830516,0.0,2863742.4170745914,0
2014,tin,concentrates,EU27,EU27,375.54865008949486,375.54865008949486,375.54865008949486,0.0,0.7053057900252497,0
2014,tin,concentrates,EU27,RoW,884.1846797191755,884.1846797191755,884.1846797191755,0.0,10484.795619618119,0
2014,tin,concentrates,RoW,China,40725.9852552168,40725.9852552168,40725.9852552168,0.0,2863742.4170745914,0
2014,tin,concentrates,RoW,EU27,2432.670174976288,2432.670174976288,2432.670174976288,0.0,0.7053057900252497,0
2014,tin,concentrates,RoW,RoW,35594.402569806894,35594.402569806894,35594.402569806894,0.0,10484.795619618119,0
2014,tin,concentrates,China,China,0.0,0.0,0.0,0.0,2863742.4170745914,1
2014,tin,concentrates,China,EU27,1.4178981730825857e-16,1.4178981730825857e-16,1.1208691441919987,0.0,0.7053057900252497,1
2014,tin,concentrates,China,RoW,1.1354504790430777e-13,1.1354504790430777e-13,897.5901308558081,0.0,10484.795619618119,1
2014,tin,concentrates,EU27,China,0.0,0.0,0.010670191329830516,0.0,2863742.4170745914,1
2014,tin,concentrates,EU27,EU27,0.0,0.0,375.54865008949486,0.0,0.7053057900252497,1
2014,tin,concentrates,EU27,RoW,0.0,0.0,884.1846797191755,0.0,10484.795619618119,1
2014,tin,concentrates,RoW,China,0.0,0.0,40725.9852552168,0.0,2863742.4170745914,1
2014,tin,concentrates,RoW,EU27,0.0,0.0,2432.670174976288,0.0,0.7053057900252497,1
2014,tin,concentrates,RoW,RoW,0.0,0.0,35594.402569806894,0.0,10484.795619618119,1
2014,tin,refined_metal,China,China,0.0,0.0,0.0,0.0,0.0,0
2014,tin,refined_metal,China,EU27,2145.636842450161,2145.636842450161,2145.636842450161,0.0,4207.155798467196,0
2014,tin,refined_metal,China,RoW,15746.56515754984,15746.56515754984,15746.56515754984,0.0,446.530375210481,0
2014,tin,refined_metal,EU27,China,95.67089225992113,71.89192006446144,71.89192006446144,23.778972195454116,0.0,0
2014,tin,refined_metal,EU27,EU27,29775.860509089187,29775.860509089187,29775.860509089187,23.778972195454116,4207.155798467196,0
2014,tin,refined_metal,EU27,RoW,7553.002598650893,7553.002598650893,7553.002598650893,23.778972195454116,446.530375210481,0
2014,tin,refined_metal,RoW,China,18627.691281417774,13997.784079935538,13997.784079935538,4629.907201482216,0.0,0
2014,tin,refined_metal,RoW,EU27,49375.34084999347,49375.34084999347,49375.34084999347,4629.907201482216,4207.155798467196,0
2014,tin,refined_metal,RoW,RoW,221498.9158685888,221498.9158685888,221498.9158685888,4629.907201482216,446.530375210481,0
2014,tin,refined_metal,China,China,0.0,0.0,0.0,0.0,0.0,1
2014,tin,refined_metal,China,EU27,0.0,0.0,2145.636842450161,0.0,3344.2421846980724,1
2014,tin,refined_metal,China,RoW,0.0,0.0,15746.56515754984,0.0,0.0,1
2014,tin,refined_metal,EU27,China,0.0,0.0,71.89192006446144,4.244611462585453,0.0,1
2014,tin,refined_metal,EU27,EU27,18.967611124340436,18.967611124340436,29794.828120213526,4.244611462585453,3344.2421846980724,1
2014,tin,refined_metal,EU27,RoW,4.81136107111368,0.5667496085308066,7553.569348259423,4.244611462585453,0.0,1
2014,tin,refined_metal,RoW,China,0.0,0.0,13997.784079935538,3339.9975732354796,0.0,1
2014,tin,refined_metal,RoW,EU27,843.9460026447812,843.9460026447812,50219.286852638244,3339.9975732354796,3344.2421846980724,1
2014,tin,refined_metal,RoW,RoW,3785.9611988374345,445.9636256019501,221944.87949419077,3339.9975732354796,0.0,1
2014,tin,scrap,China,China,0.0,0.0,0.0,0.8299534127515926,0.0,0
2014,tin,scrap,China,EU27,7.3289678824213365,6.49901446966971,6.49901446966971,0.8299534127515926,1.8189894035458565e-12,0
2014,tin,scrap,China,RoW,768.5290321175787,768.5290321175787,768.5290321175787,0.8299534127515926,3422.5127417093463,0
2014,tin,scrap,EU27,China,8.474375932602243,7.681674588355583,7.681674588355583,1117.9056095349388,0.0,0
2014,tin,scrap,EU27,EU27,9864.75204436327,8747.639136172576,8747.639136172576,1117.9056095349388,1.8189894035458565e-12,0
2014,tin,scrap,EU27,RoW,439.4605797041306,439.4605797041306,439.4605797041306,1117.9056095349388,3422.5127417093463,0
2014,tin,scrap,RoW,China,746.0936489935577,676.3033254116444,676.3033254116444,797.7511787616677,0.0,0
2014,tin,scrap,RoW,EU27,6428.314704537503,5700.353849357752,5700.353849357752,797.7511787616677,1.8189894035458565e-12,0
2014,tin,scrap,RoW,RoW,106832.37164646894,106832.37164646894,106832.37164646894,797.7511787616677,3422.5127417093463,0
2014,tin,scrap,China,China,0.0,0.0,0.0,0.007839968017265164,0.0,1
2014,tin,scrap,China,EU27,0.007839968017294918,1.2784077399777079e-17,6.49901446966971,0.007839968017265164,1.8189894035458565e-12,1
2014,tin,scrap,China,RoW,0.8221134447342977,0.8221134447342977,769.351145562313,0.007839968017265164,2621.540111941038,1
2014,tin,scrap,EU27,China,0.0,0.0,7.681674588355583,1070.228463774838,0.0,1
2014,tin,scrap,EU27,EU27,1070.228463774839,1.7451453228074292e-12,8747.639136172578,1070.228463774838,1.8189894035458565e-12,1
2014,tin,scrap,EU27,RoW,47.67714576009998,47.67714576009998,487.1377254642306,1070.228463774838,2621.540111941038,1
2014,tin,scrap,RoW,China,0.0,0.0,676.3033254116444,45.27780819818145,0.0,1
2014,tin,scrap,RoW,EU27,45.277808198185845,7.383129666102754e-14,5700.353849357752,45.27780819818145,1.8189894035458565e-12,1
2014,tin,scrap,RoW,RoW,752.4733705634819,752.4733705634819,107584.84501703242,45.27780819818145,2621.540111941038,1
2014,zinc,concentrates,China,China,0.0,0.0,0.0,2.4989895683047507,48235.953365785535,0
2014,zinc,concentrates,China,EU27,476.22343816740755,473.7244485991032,473.7244485991032,2.4989895683047507,0.0,0
2014,zinc,concentrates,China,RoW,9108.053061832592,9108.053061832592,9108.053061832592,2.4989895683047507,29981.276707256213,0
2014,zinc,concentrates,EU27,China,168815.36839292583,168815.36839292583,168815.36839292583,8374.306479679653,48235.953365785535,0
2014,zinc,concentrates,EU27,EU27,1595861.4131897893,1587487.1067101094,1587487.1067101094,8374.306479679653,0.0,0
2014,zinc,concentrates,EU27,RoW,302785.243617285,302785.243617285,302785.243617285,8374.306479679653,29981.276707256213,0
2014,zinc,concentrates,RoW,China,2175166.1679412886,2175166.1679412886,2175166.1679412886,13352.217703793198,48235.953365785535,0
2014,zinc,concentrates,RoW,EU27,2544484.0197450845,2531131.8020412913,2531131.8020412913,13352.217703793198,0.0,0
2014,zinc,concentrates,RoW,RoW,4727068.602313627,4727068.602313627,4727068.602313627,13352.217703793198,29981.276707256213,0
2014,zinc,concentrates,China,China,0.0,0.0,0.0,0.0,41030.455112651456,1
2014,zinc,concentrates,China,EU27,0.0,0.0,473.7244485991032,0.0,0.0,1
2014,zinc,concentrates,China,RoW,2.4989895683047507,2.4989895683047507,9110.552051400897,0.0,15457.751787349582,1
2014,zinc,concentrates,EU27,China,2997.68829259233,2997.68829259233,171813.05668551815,0.0,41030.455112651456,1
2014,zinc,concentrates,EU27,EU27,0.0,0.0,1587487.1067101094,0.0,0.0,1
2014,zinc,concentrates,EU27,RoW,5376.618187087324,5376.618187087324,308161.8618043723,0.0,15457.751787349582,1
2014,zinc,concentrates,RoW,China,4207.80996054196,4207.80996054196,2179373.9779018303,0.0,41030.455112651456,1
2014,zinc,concentrates,RoW,EU27,0.0,0.0,2531131.8020412913,0.0,0.0,1
2014,zinc,concentrates,RoW,RoW,9144.407743251237,9144.407743251237,4736213.0100568775,0.0,15457.751787349582,1
2014,zinc,refined_metal,China,China,0.0,0.0,0.0,0.0,0.0,0
2014,zinc,refined_metal,China,EU27,2214.263402680149,2214.263402680149,2214.263402680149,0.0,80825.32972148666,0
2014,zinc,refined_metal,China,RoW,49096.96879731985,49096.96879731985,49096.96879731985,0.0,198782.45567695238,0
2014,zinc,refined_metal,EU27,China,112955.31199204008,97679.60864613057,97679.60864613057,15275.703345909249,0.0,0
2014,zinc,refined_metal,EU27,EU27,1430046.7464582806,1430046.7464582806,1430046.7464582806,15275.703345909249,80825.32972148666,0
2014,zinc,refined_metal,EU27,RoW,295256.90684967954,295256.90684967954,295256.90684967954,15275.703345909249,198782.45567695238,0
2014,zinc,refined_metal,RoW,China,561750.1693063999,485780.93165386945,485780.93165386945,75969.23765252996,0.0,0
2014,zinc,refined_metal,RoW,EU27,474436.2177175527,474436.2177175527,474436.2177175527,75969.23765252996,80825.32972148666,0
2014,zinc,refined_metal,RoW,RoW,2520815.039976048,2520815.039976048,2520815.039976048,75969.23765252996,198782.45567695238,0
2014,zinc,refined_metal,China,China,0.0,0.0,0.0,0.0,0.0,1
2014,zinc,refined_metal,China,EU27,0.0,0.0,2214.263402680149,0.0,56130.57439160161,1
2014,zinc,refined_metal,China,RoW,0.0,0.0,49096.96879731985,0.0,132232.27000839822,1
2014,zinc,refined_metal,EU27,China,0.0,0.0,97679.60864613057,2.3283064365386963e-10,0.0,1
2014,zinc,refined_metal,EU27,EU27,12661.521829966327,12661.521829966327,1442708.2682882468,2.3283064365386963e-10,56130.57439160161,1
2014,zinc,refined_metal,EU27,RoW,2614.181515942922,2614.181515942922,297871.08836562245,2.3283064365386963e-10,132232.27000839822,1
2014,zinc,refined_metal,RoW,China,0.0,0.0,485780.93165386945,0.0,0.0,1
2014,zinc,refined_metal,RoW,EU27,12033.233499918686,12033.233499918686,486469.4512174714,0.0,56130.57439160161,1
2014,zinc,refined_metal,RoW,RoW,63936.004152611284,63936.004152611284,2584751.044128659,0.0,132232.27000839822,1
2014,zinc,scrap,China,China,0.0,0.0,0.0,0.0,23963.33297969539,0
2014,zinc,scrap,China,EU27,42.95838342550562,42.95838342550562,42.95838342550562,0.0,63392.33855187695,0
2014,zinc,scrap,China,RoW,375.82511657449436,375.82511657449436,375.82511657449436,0.0,38349.8614684277,0
2014,zinc,scrap,EU27,China,41188.46655644707,41188.46655644707,41188.46655644707,0.0,23963.33297969539,0
2014,zinc,scrap,EU27,EU27,315215.4466480796,315215.4466480796,315215.4466480796,0.0,63392.33855187695,0
2014,zinc,scrap,EU27,RoW,54312.15729547335,54312.15729547335,54312.15729547335,0.0,38349.8614684277,0
2014,zinc,scrap,RoW,China,61755.94146385755,61755.94146385755,61755.94146385755,0.0,23963.33297969539,0
2014,zinc,scrap,RoW,EU27,45226.973916618,45226.973916618,45226.973916618,0.0,63392.33855187695,0
2014,zinc,scrap,RoW,RoW,213001.09211952446,213001.09211952446,213001.09211952446,0.0,38349.8614684277,0
2014,zinc,scrap,China,China,0.0,0.0,0.0,0.0,23963.33297969539,1
2014,zinc,scrap,China,EU27,0.0,0.0,42.95838342550562,0.0,63392.33855187695,1
2014,zinc,scrap,China,RoW,0.0,0.0,375.82511657449436,0.0,38349.8614684277,1
2014,zinc,scrap,EU27,China,0.0,0.0,41188.46655644707,0.0,23963.33297969539,1
2014,zinc,scrap,EU27,EU27,0.0,0.0,315215.4466480796,0.0,63392.33855187695,1
2014,zinc,scrap,EU27,RoW,0.0,0.0,54312.15729547335,0.0,38349.8614684277,1
2014,zinc,scrap,RoW,China,0.0,0.0,61755.94146385755,0.0,23963.33297969539,1
2014,zinc,scrap,RoW,EU27,0.0,0.0,45226.973916618,0.0,63392.33855187695,1
2014,zinc,scrap,RoW,RoW,0.0,0.0,213001.09211952446,0.0,38349.8614684277,1
2015,nickel,concentrates,China,China,0.0,0.0,0.0,0.0,0.0,0
2015,nickel,concentrates,China,EU27,71.01856454550281,71.01856454550281,71.01856454550281,0.0,364424.14361320087,0
2015,nickel,concentrates,China,RoW,2621.1488854544973,2621.1488854544973,2621.1488854544973,0.0,2258063.2184569053,0
2015,nickel,concentrates,EU27,China,178823.88573219613,165205.55091114994,165205.55091114994,13618.334821046155,0.0,0
2015,nickel,concentrates,EU27,EU27,9598.926132216833,9598.926132216833,9598.926132216833,13618.334821046155,364424.14361320087,0
2015,nickel,concentrates,EU27,RoW,52563.85218558701,52563.85218558701,52563.85218558701,13618.334821046155,2258063.2184569053,0
2015,nickel,concentrates,RoW,China,34165156.52558791,31563308.685888845,31563308.685888845,2601847.8396990597,0.0,0
2015,nickel,concentrates,RoW,EU27,1064263.3311900368,1064263.3311900368,1064263.3311900368,2601847.8396990597,364424.14361320087,0
2015,nickel,concentrates,RoW,RoW,9933045.578472054,9933045.578472054,9933045.578472054,2601847.8396990597,2258063.2184569053,0
2015,nickel,concentrates,China,China,0.0,0.0,0.0,0.0,0.0,1
2015,nickel,concentrates,China,EU27,0.0,0.0,71.01856454550281,0.0,110527.72347920947,1
2015,nickel,concentrates,China,RoW,0.0,0.0,2621.1488854544973,0.0,0.0,1
2015,nickel,concentrates,EU27,China,0.0,0.0,165205.55091114994,504.71681343443925,0.0,1
2015,nickel,concentrates,EU27,EU27,2102.888473271132,2102.888473271132,11701.814605487965,504.71681343443925,110527.72347920947,1
2015,nickel,concentrates,EU27,RoW,11515.446347775021,11010.729534340606,63574.58171992762,504.71681343443925,0.0,1
2015,nickel,concentrates,RoW,China,0.0,0.0,31563308.685888845,103001.8191157803,0.0,1
2015,nickel,concentrates,RoW,EU27,251793.53166072018,251793.53166072018,1316056.862850757,103001.8191157803,110527.72347920947,1
2015,nickel,concentrates,RoW,RoW,2350054.3080383395,2247052.488922565,12180098.067394618,103001.8191157803,0.0,1
2015,nickel,refined_metal,China,China,0.0,0.0,0.0,0.0,156817.32101313665,0
2015,nickel,refined_metal,China,EU27,9363.419045546323,9363.419045546323,9363.419045546323,0.0,21016.74544276652,0
2015,nickel,refined_metal,China,RoW,27964.129954453678,27964.129954453678,27964.129954453678,0.0,132319.60619409662,0
2015,nickel,refined_metal,EU27,China,4273.094004775136,4273.094004775136,4273.094004775136,0.0,156817.32101313665,0
2015,nickel,refined_metal,EU27,EU27,104628.6023144515,104628.6023144515,104628.6023144515,0.0,21016.74544276652,0
2015,nickel,refined_metal,EU27,RoW,59829.57613077334,59829.57613077334,59829.57613077334,0.0,132319.60619409662,0
2015,nickel,refined_metal,RoW,China,367340.5631820881,367340.5631820881,367340.5631820881,0.0,156817.32101313665,0
2015,nickel,refined_metal,RoW,EU27,265527.7796972356,265527.7796972356,265527.7796972356,0.0,21016.74544276652,0
2015,nickel,refined_metal,RoW,RoW,892974.5357206763,892974.5357206763,892974.5357206763,0.0,132319.60619409662,0
2015,nickel,refined_metal,China,China,0.0,0.0,0.0,0.0,156817.32101313665,1
2015,nickel,refined_metal,China,EU27,0.0,0.0,9363.419045546323,0.0,21016.74544276652,1
2015,nickel,refined_metal,China,RoW,0.0,0.0,27964.129954453678,0.0,132319.60619409662,1
2015,nickel,refined_metal,EU27,China,0.0,0.0,4273.094004775136,0.0,156817.32101313665,1
2015,nickel,refined_metal,EU27,EU27,0.0,0.0,104628.6023144515,0.0,21016.74544276652,1
2015,nickel,refined_metal,EU27,RoW,0.0,0.0,59829.57613077334,0.0,132319.60619409662,1
2015,nickel,refined_metal,RoW,China,0.0,0.0,367340.5631820881,0.0,156817.32101313665,1
2015,nickel,refined_metal,RoW,EU27,0.0,0.0,265527.7796972356,0.0,21016.74544276652,1
2015,nickel,refined_metal,RoW,RoW,0.0,0.0,892974.5357206763,0.0,132319.60619409662,1
2015,nickel,scrap,China,China,0.0,0.0,0.0,9.315089913524616,527.4263943454453,0
2015,nickel,scrap,China,EU27,45.76830301930183,45.668201115013744,45.668201115013744,9.315089913524616,0.0,0
2015,nickel,scrap,China,RoW,1686.4926969806982,1677.2777089714616,1677.2777089714616,9.315089913524616,0.0,0
2015,nickel,scrap,EU27,China,20.700691056198167,20.700691056198167,20.700691056198167,144.86683998061926,527.4263943454453,0
2015,nickel,scrap,EU27,EU27,30485.159256798797,30418.483800362403,30418.483800362403,144.86683998061926,0.0,0
2015,nickel,scrap,EU27,RoW,14310.295052145008,14232.103668600783,14232.103668600783,144.86683998061926,0.0,0
2015,nickel,scrap,RoW,China,1342.5279145983566,1342.5279145983566,1342.5279145983566,373.24446445128706,527.4263943454453,0
2015,nickel,scrap,RoW,EU27,12467.206584119913,12439.938998522583,12439.938998522583,373.24446445128706,0.0,0
2015,nickel,scrap,RoW,RoW,63319.396501281735,62973.41962242776,62973.41962242776,373.24446445128706,0.0,0
2015,nickel,scrap,China,China,0.0,0.0,0.0,9.315089913524616,9.315089913538941,1
2015,nickel,scrap,China,EU27,0.0,0.0,45.668201115013744,9.315089913524616,0.0,1
2015,nickel,scrap,China,RoW,0.0,0.0,1677.2777089714616,9.315089913524616,0.0,1
2015,nickel,scrap,EU27,China,144.86683998061926,144.86683998061926,165.56753103681743,0.0,9.315089913538941,1
2015,nickel,scrap,EU27,EU27,0.0,0.0,30418.483800362403,0.0,0.0,1
2015,nickel,scrap,EU27,RoW,0.0,0.0,14232.103668600783,0.0,0.0,1
2015,nickel,scrap,RoW,China,373.24446445128706,373.24446445128706,1715.7723790496436,0.0,9.315089913538941,1
2015,nickel,scrap,RoW,EU27,0.0,0.0,12439.938998522583,0.0,0.0,1
2015,nickel,scrap,RoW,RoW,0.0,0.0,62973.41962242776,0.0,0.0,1
2015,tin,concentrates,China,China,0.0,0.0,0.0,0.0,9.094947017729282e-13,0
2015,tin,concentrates,China,EU27,3.0776944384331713,3.0776944384331713,3.0776944384331713,0.0,1644.7299239531162,0
2015,tin,concentrates,China,RoW,2347.8683055615666,2347.8683055615666,2347.8683055615666,0.0,14131.059342386056,0
2015,tin,concentrates,EU27,China,0.008305256464805547,0.0022670678461028,0.0022670678461028,0.00603818861873151,9.094947017729282e-13,0
2015,tin,concentrates,EU27,EU27,939.5116311214723,939.5116311214723,939.5116311214723,0.00603818861873151,1644.7299239531162,0
2015,tin,concentrates,EU27,RoW,906.8030636220626,906.8030636220626,906.8030636220626,0.00603818861873151,14131.059342386056,0
2015,tin,concentrates,RoW,China,19829.668961082705,5412.861732932152,5412.861732932152,14416.807228150552,9.094947017729282e-13,0
2015,tin,concentrates,RoW,EU27,1161.7627504869786,1161.7627504869786,1161.7627504869786,14416.807228150552,1644.7299239531162,0
2015,tin,concentrates,RoW,RoW,26707.619288430313,26707.619288430313,26707.619288430313,14416.807228150552,14131.059342386056,0
2015,tin,concentrates,China,China,0.0,0.0,0.0,0.0,0.0,1
2015,tin,concentrates,China,EU27,0.0,0.0,3.0776944384331713,0.0,1293.5896847672789,1
2015,tin,concentrates,China,RoW,0.0,0.0,2347.8683055615666,0.0,6058.80775272139,1
2015,tin,concentrates,EU27,China,2.7161393245621248e-08,4.1217096957584374e-24,0.0022670678461028,2.7161604521097615e-08,0.0,1
2015,tin,concentrates,EU27,EU27,0.0030725655468753577,0.0030725655468753577,939.5147036870192,2.7161604521097615e-08,1293.5896847672789,1
2015,tin,concentrates,EU27,RoW,0.002965595910462906,0.002965595910462906,906.8060292179731,2.7161604521097615e-08,6058.80775272139,1
2015,tin,concentrates,RoW,China,5993.4214374615085,9.094947017688066e-13,5412.861732932153,5993.421437461511,0.0,1
2015,tin,concentrates,RoW,EU27,351.1371666202906,351.1371666202906,1512.8999171072692,5993.421437461511,1293.5896847672789,1
2015,tin,concentrates,RoW,RoW,8072.248624068752,8072.248624068752,34779.86791249907,5993.421437461511,6058.80775272139,1
2015,tin,refined_metal,China,China,0.0,0.0,0.0,178.67829359024654,0.0,0
2015,tin,refined_metal,China,EU27,1155.223729427693,1155.223729427693,1155.223729427693,178.67829359024654,6696.126314961235,0
2015,tin,refined_metal,China,RoW,8144.718270572309,7966.039976982061,7966.039976982061,178.67829359024654,0.0,0
2015,tin,refined_metal,EU27,China,101.07225423686704,93.62926518104223,93.62926518104223,163.21194118026324,0.0,0
2015,tin,refined_metal,EU27,EU27,32957.182271321275,32957.182271321275,32957.182271321275,163.21194118026324,6696.126314961235,0
2015,tin,refined_metal,EU27,RoW,7100.438474441856,6944.669522317417,6944.669522317417,163.21194118026324,0.0,0
2015,tin,refined_metal,RoW,China,12702.290994459969,11766.890734818959,11766.890734818959,5193.263080190693,0.0,0
2015,tin,refined_metal,RoW,EU27,49581.39768428979,49581.39768428979,49581.39768428979,5193.263080190693,6696.126314961235,0
2015,tin,refined_metal,RoW,RoW,194086.7713212502,189828.90850070052,189828.90850070052,5193.263080190693,0.0,0
2015,tin,refined_metal,China,China,0.0,0.0,0.0,1.8189894035458565e-12,0.0,1
2015,tin,refined_metal,China,EU27,178.67829359024654,178.67829359024654,1333.9020230179394,1.8189894035458565e-12,1160.9730000000272,1
2015,tin,refined_metal,China,RoW,0.0,0.0,7966.039976982061,1.8189894035458565e-12,0.0,1
2015,tin,refined_metal,EU27,China,0.0,0.0,93.62926518104223,0.0,0.0,1
2015,tin,refined_metal,EU27,EU27,163.21194118026324,163.21194118026324,33120.39421250154,0.0,1160.9730000000272,1
2015,tin,refined_metal,EU27,RoW,0.0,0.0,6944.669522317417,0.0,0.0,1
2015,tin,refined_metal,RoW,China,0.0,0.0,11766.890734818959,0.0,0.0,1
2015,tin,refined_metal,RoW,EU27,5193.263080190693,5193.263080190693,54774.66076448048,0.0,1160.9730000000272,1
2015,tin,refined_metal,RoW,RoW,0.0,0.0,189828.90850070052,0.0,0.0,1
2015,tin,scrap,China,China,0.0,0.0,0.0,8.576382575468187,45.34112450275467,0
2015,tin,scrap,China,EU27,50.45112199727963,41.87473942181143,41.87473942181143,8.576382575468187,0.0,0
2015,tin,scrap,China,RoW,212.7218780027204,212.7218780027204,212.7218780027204,8.576382575468187,1467.4850340190605,0
2015,tin,scrap,EU27,China,5.394866158807639,5.394866158807639,5.394866158807639,990.9755246041432,45.34112450275467,0
2015,tin,scrap,EU27,EU27,5829.4772473337825,4838.501722729639,4838.501722729639,990.9755246041432,0.0,0
2015,tin,scrap,EU27,RoW,730.2798865074103,730.2798865074103,730.2798865074103,990.9755246041432,1467.4850340190605,0
2015,tin,scrap,RoW,China,280.43100933843766,280.43100933843766,280.43100933843766,513.2742513422127,45.34112450275467,0
2015,tin,scrap,RoW,EU27,3019.368789190758,2506.094537848549,2506.094537848549,513.2742513422127,0.0,0
2015,tin,scrap,RoW,RoW,66538.4502014708,66538.4502014708,66538.4502014708,513.2742513422127,1467.4850340190605,0
2015,tin,scrap,China,China,0.0,0.0,0.0,0.20491022930883673,35.91992930204373,1
2015,tin,scrap,China,EU27,0.0,0.0,41.87473942181143,0.20491022930883673,0.0,1
2015,tin,scrap,China,RoW,8.576382575468187,8.37147234615935,221.09335034887974,0.20491022930883673,1.4551915228366852e-11,1
2015,tin,scrap,EU27,China,7.267043353761995,7.267043353761995,12.661909512569634,23.5031411778009,35.91992930204373,1
2015,tin,scrap,EU27,EU27,0.0,0.0,4838.501722729639,23.5031411778009,0.0,1
2015,tin,scrap,EU27,RoW,983.7084812503812,960.2053400725799,1690.4852265799902,23.5031411778009,1.4551915228366852e-11,1
2015,tin,scrap,RoW,China,2.154151846948956,2.154151846948956,282.5851611853866,12.211877894951613,35.91992930204373,1
2015,tin,scrap,RoW,EU27,0.0,0.0,2506.094537848549,12.211877894951613,0.0,1
2015,tin,scrap,RoW,RoW,511.12009949526373,498.90822160032127,67037.35842307111,12.211877894951613,1.4551915228366852e-11,1
2015,zinc,concentrates,China,China,0.0,0.0,0.0,71.66130457359759,636333.1509423256,0
2015,zinc,concentrates,China,EU27,620.7948359448668,584.6684537235557,584.6684537235557,71.66130457359759,0.0,0
2015,zinc,concentrates,China,RoW,11210.061264055134,11174.526341702847,11174.526341702847,71.66130457359759,0.0,0
2015,zinc,concentrates,EU27,China,171624.84402163455,171624.84402163455,171624.84402163455,88626.06050271355,636333.1509423256,0
2015,zinc,concentrates,EU27,EU27,1507426.153262985,1419703.365910392,1419703.365910392,88626.06050271355,0.0,0
2015,zinc,concentrates,EU27,RoW,284952.0044153806,284048.7312652599,284048.7312652599,88626.06050271355,0.0,0
2015,zinc,concentrates,RoW,China,2458808.5996360397,2458808.5996360397,2458808.5996360397,150454.74253503606,636333.1509423256,0
2015,zinc,concentrates,RoW,EU27,2331783.2865481274,2196088.0626358846,2196088.0626358846,150454.74253503606,0.0,0
2015,zinc,concentrates,RoW,RoW,4656126.903815832,4641367.385193038,4641367.385193038,150454.74253503606,0.0,0
2015,zinc,concentrates,China,China,0.0,0.0,0.0,71.66130457359759,397252.347904576,1
2015,zinc,concentrates,China,EU27,0.0,0.0,584.6684537235557,71.66130457359759,0.0,1
2015,zinc,concentrates,China,RoW,0.0,0.0,11174.526341702847,71.66130457359759,0.0,1
2015,zinc,concentrates,EU27,China,88626.06050271355,88626.06050271355,260250.9045243481,0.0,397252.347904576,1
2015,zinc,concentrates,EU27,EU27,0.0,0.0,1419703.365910392,0.0,0.0,1
2015,zinc,concentrates,EU27,RoW,0.0,0.0,284048.7312652599,0.0,0.0,1
2015,zinc,concentrates,RoW,China,150454.74253503606,150454.74253503606,2609263.3421710758,0.0,397252.347904576,1
2015,zinc,concentrates,RoW,EU27,0.0,0.0,2196088.0626358846,0.0,0.0,1
2015,zinc,concentrates,RoW,RoW,0.0,0.0,4641367.385193038,0.0,0.0,1
2015,zinc,refined_metal,China,China,0.0,0.0,0.0,12.272584503924008,8759.062833770295,0
2015,zinc,refined_metal,China,EU27,1842.6754621808043,1834.4511917174555,1834.4511917174555,12.272584503924008,0.0,0
2015,zinc,refined_metal,China,RoW,39969.07193781921,39965.02362377863,39965.02362377863,12.272584503924008,0.0,0
2015,zinc,refined_metal,EU27,China,97164.5040565029,97164.5040565029,97164.5040565029,6454.137672211975,8759.062833770295,0
2015,zinc,refined_metal,EU27,EU27,1438511.7820352938,1432091.3839766087,1432091.3839766087,6454.137672211975,0.0,0
2015,zinc,refined_metal,EU27,RoW,333111.7662082037,333078.02659467654,333078.02659467654,6454.137672211975,0.0,0
2015,zinc,refined_metal,RoW,China,597114.9840097268,597114.9840097268,597114.9840097268,2292.652577054687,8759.062833770295,0
2015,zinc,refined_metal,RoW,EU27,450720.67696906975,448709.0103316738,448709.0103316738,2292.652577054687,0.0,0
2015,zinc,refined_metal,RoW,RoW,2774178.861421204,2773897.875481545,2773897.875481545,2292.652577054687,0.0,0
2015,zinc,refined_metal,China,China,0.0,0.0,0.0,12.272584503924008,12.27258450363297,1
2015,zinc,refined_metal,China,EU27,0.0,0.0,1834.4511917174555,12.272584503924008,0.0,1
2015,zinc,refined_metal,China,RoW,0.0,0.0,39965.02362377863,12.272584503924008,0.0,1
2015,zinc,refined_metal,EU27,China,6454.137672211975,6454.137672211975,103618.64172871488,0.0,12.27258450363297,1
2015,zinc,refined_metal,EU27,EU27,0.0,0.0,1432091.3839766087,0.0,0.0,1
2015,zinc,refined_metal,EU27,RoW,0.0,0.0,333078.02659467654,0.0,0.0,1
2015,zinc,refined_metal,RoW,China,2292.652577054687,2292.652577054687,599407.6365867815,0.0,12.27258450363297,1
2015,zinc,refined_metal,RoW,EU27,0.0,0.0,448709.0103316738,0.0,0.0,1
2015,zinc,refined_metal,RoW,RoW,0.0,0.0,2773897.875481545,0.0,0.0,1
2015,zinc,scrap,China,China,0.0,0.0,0.0,47.95049526534058,0.0,0
2015,zinc,scrap,China,EU27,60.45762676037171,60.45762676037171,60.45762676037171,47.95049526534058,62579.244979136914,0
2015,zinc,scrap,China,RoW,658.8578732396282,610.9073779742877,610.9073779742877,47.95049526534058,0.0,0
2015,zinc,scrap,EU27,China,38747.641897576825,37168.614494938316,37168.614494938316,6296.152129593014,0.0,0
2015,zinc,scrap,EU27,EU27,383350.98788763804,383350.98788763804,383350.98788763804,6296.152129593014,62579.244979136914,0
2015,zinc,scrap,EU27,RoW,64815.07121478512,60097.94648783068,60097.94648783068,6296.152129593014,0.0,0
2015,zinc,scrap,RoW,China,72886.4599850107,69916.22200506167,69916.22200506167,19276.074354278622,0.0,0
2015,zinc,scrap,RoW,EU27,61680.666006464686,61680.666006464686,61680.666006464686,19276.074354278622,62579.244979136914,0
2015,zinc,scrap,RoW,RoW,224048.3360085246,207742.499634195,207742.499634195,19276.074354278622,0.0,0
2015,zinc,scrap,China,China,0.0,0.0,0.0,0.0,0.0,1
2015,zinc,scrap,China,EU27,47.95049526534058,47.95049526534058,108.40812202571229,0.0,36959.06799999991,1
2015,zinc,scrap,China,RoW,0.0,0.0,610.9073779742877,0.0,0.0,1
2015,zinc,scrap,EU27,China,0.0,0.0,37168.614494938316,0.0,0.0,1
2015,zinc,scrap,EU27,EU27,6296.152129593014,6296.152129593014,389647.14001723105,0.0,36959.06799999991,1
2015,zinc,scrap,EU27,RoW,0.0,0.0,60097.94648783068,0.0,0.0,1
2015,zinc,scrap,RoW,China,0.0,0.0,69916.22200506167,0.0,0.0,1
2015,zinc,scrap,RoW,EU27,19276.074354278622,19276.074354278622,80956.74036074331,0.0,36959.06799999991,1
2015,zinc,scrap,RoW,RoW,0.0,0.0,207742.499634195,0.0,0.0,1
2016,nickel,concentrates,China,China,0.0,0.0,0.0,35.993639384828384,0.0,0
2016,nickel,concentrates,China,EU27,140.5010037007204,104.50736431589154,104.50736431589154,35.993639384828384,0.0,0
2016,nickel,concentrates,China,RoW,5651.04584629928,5651.04584629928,5651.04584629928,35.993639384828384,5404661.847464889,0
2016,nickel,concentrates,EU27,China,85939.32674877392,61547.95714452969,61547.95714452969,26270.767947107553,0.0,0
2016,nickel,concentrates,EU27,EU27,7336.222678195328,5456.824335332016,5456.824335332016,26270.767947107553,0.0,0
2016,nickel,concentrates,EU27,RoW,28487.454773030775,28487.454773030775,28487.454773030775,26270.767947107553,5404661.847464889,0
2016,nickel,concentrates,RoW,China,18279875.28018981,13091666.212855471,13091666.212855471,5378355.085878395,0.0,0
2016,nickel,concentrates,RoW,EU27,742234.0977944088,552088.0792503522,552088.0792503522,5378355.085878395,0.0,0
2016,nickel,concentrates,RoW,RoW,9497767.86271578,9497767.86271578,9497767.86271578,5378355.085878395,5404661.847464889,0
2016,nickel,concentrates,China,China,0.0,0.0,0.0,0.0,0.0,1
2016,nickel,concentrates,China,EU27,0.0,0.0,104.50736431589154,0.0,0.0,1
2016,nickel,concentrates,China,RoW,35.993639384828384,35.993639384828384,5687.0394856841085,0.0,1.862645149230957e-09,1
2016,nickel,concentrates,EU27,China,0.0,0.0,61547.95714452969,0.0,0.0,1
2016,nickel,concentrates,EU27,EU27,0.0,0.0,5456.824335332016,0.0,0.0,1
2016,nickel,concentrates,EU27,RoW,26270.767947107553,26270.767947107553,54758.22272013833,0.0,1.862645149230957e-09,1
2016,nickel,concentrates,RoW,China,0.0,0.0,13091666.212855471,0.0,0.0,1
2016,nickel,concentrates,RoW,EU27,0.0,0.0,552088.0792503522,0.0,0.0,1
2016,nickel,concentrates,RoW,RoW,5378355.085878395,5378355.085878395,14876122.948594175,0.0,1.862645149230957e-09,1
2016,nickel,refined_metal,China,China,0.0,0.0,0.0,707.9688387837632,43828.738092739484,0
2016,nickel,refined_metal,China,EU27,3929.5229938727994,3929.5229938727994,3929.5229938727994,707.9688387837632,33636.54349374195,0
2016,nickel,refined_metal,China,RoW,8885.648156127201,8177.679317343438,8177.679317343438,707.9688387837632,0.0,0
2016,nickel,refined_metal,EU27,China,7520.79862243869,7520.79862243869,7520.79862243869,4783.472759747907,43828.738092739484,0
2016,nickel,refined_metal,EU27,EU27,100672.41001593819,100672.41001593819,100672.41001593819,4783.472759747907,33636.54349374195,0
2016,nickel,refined_metal,EU27,RoW,60036.90216162311,55253.429401875204,55253.429401875204,4783.472759747907,0.0,0
2016,nickel,refined_metal,RoW,China,414255.7102848218,414255.7102848218,414255.7102848218,71973.8399879497,43828.738092739484,0
2016,nickel,refined_metal,RoW,EU27,273668.8515464471,273668.8515464471,273668.8515464471,71973.8399879497,33636.54349374195,0
2016,nickel,refined_metal,RoW,RoW,903336.6774687312,831362.8374807814,831362.8374807814,71973.8399879497,0.0,0
2016,nickel,refined_metal,China,China,0.0,0.0,0.0,3.244983619902996,154.88340839830926,1
2016,nickel,refined_metal,China,EU27,707.9688387837632,704.7238551638595,4634.246849036659,3.244983619902996,0.0,1
2016,nickel,refined_metal,China,RoW,0.0,0.0,8177.679317343438,3.244983619902996,0.0,1
2016,nickel,refined_metal,EU27,China,332.5119551840732,332.5119551840732,7853.310577622763,20.40103195566917,154.88340839830926,1
2016,nickel,refined_metal,EU27,EU27,4450.960804563833,4430.559772608168,105102.96978854635,20.40103195566917,0.0,1
2016,nickel,refined_metal,EU27,RoW,0.0,0.0,55253.429401875204,20.40103195566917,0.0,1
2016,nickel,refined_metal,RoW,China,43341.342729157055,43341.342729157055,457597.0530139789,131.2373928227462,154.88340839830926,1
2016,nickel,refined_metal,RoW,EU27,28632.497258792657,28501.25986596992,302170.111412417,131.2373928227462,0.0,1
2016,nickel,refined_metal,RoW,RoW,0.0,0.0,831362.8374807814,131.2373928227462,0.0,1
2016,nickel,scrap,China,China,0.0,0.0,0.0,24.943012721776768,655.307056126587,0
2016,nickel,scrap,China,EU27,72.48741173454127,72.48741173454127,72.48741173454127,24.943012721776768,1097.1676885305933,0
2016,nickel,scrap,China,RoW,1766.335588265459,1741.3925755436821,1741.3925755436821,24.943012721776768,0.0,0
2016,nickel,scrap,EU27,China,4.1466295108036375,4.1466295108036375,4.1466295108036375,196.15454335336835,655.307056126587,0
2016,nickel,scrap,EU27,EU27,28996.89871971645,28996.89871971645,28996.89871971645,196.15454335336835,1097.1676885305933,0
2016,nickel,scrap,EU27,RoW,13890.653650772758,13694.499107419386,13694.499107419386,196.15454335336835,0.0,0
2016,nickel,scrap,RoW,China,2008.4833143626097,2008.4833143626097,2008.4833143626097,1034.9881885820214,655.307056126587,0
2016,nickel,scrap,RoW,EU27,13645.163180018422,13645.163180018422,13645.163180018422,1034.9881885820214,1097.1676885305933,0
2016,nickel,scrap,RoW,RoW,73292.52850561896,72257.54031703694,72257.54031703694,1034.9881885820214,0.0,0
2016,nickel,scrap,China,China,0.0,0.0,0.0,0.579419803210385,522.4820597675971,1
2016,nickel,scrap,China,EU27,24.943012721776768,24.36359291856635,96.85100465310762,0.579419803210385,0.0,1
2016,nickel,scrap,China,RoW,0.0,0.0,1741.3925755436821,0.579419803210385,0.0,1
2016,nickel,scrap,EU27,China,0.028046582747368504,0.028046582747368504,4.174676093551006,4.555968335931539,522.4820597675971,1
2016,nickel,scrap,EU27,EU27,196.12649677062097,191.57052843468827,29188.469248151137,4.555968335931539,0.0,1
2016,nickel,scrap,EU27,RoW,0.0,0.0,13694.499107419386,4.555968335931539,0.0,1
2016,nickel,scrap,RoW,China,132.7969497762425,132.7969497762425,2141.280264138852,20.95767162843549,522.4820597675971,1
2016,nickel,scrap,RoW,EU27,902.1912388057789,881.2335671773386,14526.39674719576,20.95767162843549,0.0,1
2016,nickel,scrap,RoW,RoW,0.0,0.0,72257.54031703694,20.95767162843549,0.0,1
2016,tin,concentrates,China,China,0.0,0.0,0.0,0.0,0.0,0
2016,tin,concentrates,China,EU27,1.2441251877854564,1.2441251877854564,1.2441251877854564,0.0,376.4445059497243,0
2016,tin,concentrates,China,RoW,384.39187481221455,384.39187481221455,384.39187481221455,0.0,15682.021085100401,0
2016,tin,concentrates,EU27,China,0.009278479331250372,0.0007922552047403725,0.0007922552047403725,0.00848622412650002,0.0,0
2016,tin,concentrates,EU27,EU27,1268.8010273419648,1268.8010273419648,1268.8010273419648,0.00848622412650002,376.4445059497243,0
2016,tin,concentrates,EU27,RoW,793.8676941787043,793.8676941787043,793.8676941787043,0.00848622412650002,15682.021085100401,0
2016,tin,concentrates,RoW,China,17557.63931257079,1499.1822077447955,1499.1822077447955,16058.457104825997,0.0,0
2016,tin,concentrates,RoW,EU27,1058.2683415205256,1058.2683415205256,1058.2683415205256,16058.457104825997,376.4445059497243,0
2016,tin,concentrates,RoW,RoW,28010.150345908678,28010.150345908678,28010.150345908678,16058.457104825997,15682.021085100401,0
2016,tin,concentrates,China,China,0.0,0.0,0.0,0.0,0.0,1
2016,tin,concentrates,China,EU27,0.0,0.0,1.2441251877854564,0.0,4.547473508864641e-13,1
2016,tin,concentrates,China,RoW,0.0,0.0,384.39187481221455,0.0,208.18683194291225,1
2016,tin,concentrates,EU27,China,0.0,0.0,0.0007922552047403725,0.0018588729240036628,0.0,1
2016,tin,concentrates,EU27,EU27,0.005220096556280425,0.003361223632352943,1268.804388565597,0.0018588729240036628,4.547473508864641e-13,1
2016,tin,concentrates,EU27,RoW,0.003266127570219594,0.003266127570219594,793.8709603062745,0.0018588729240036628,208.18683194291225,1
2016,tin,concentrates,RoW,China,0.0,0.0,1499.1822077447955,208.18497306999052,0.0,1
2016,tin,concentrates,RoW,EU27,584.6261177960782,376.441144726092,1434.7094862466176,208.18497306999052,4.547473508864641e-13,1
2016,tin,concentrates,RoW,RoW,15473.830987029918,15473.830987029918,43483.981332938594,208.18497306999052,208.18683194291225,1
2016,tin,refined_metal,China,China,0.0,0.0,0.0,198.98028237239305,945.9379667033172,0
2016,tin,refined_metal,China,EU27,1683.4863904277536,1683.4863904277536,1683.4863904277536,198.98028237239305,2838.905541573622,0
2016,tin,refined_metal,China,RoW,9658.420609572246,9459.440327199853,9459.440327199853,198.98028237239305,0.0,0
2016,tin,refined_metal,EU27,China,108.90585445795492,108.90585445795492,108.90585445795492,148.4755486265567,945.9379667033172,0
2016,tin,refined_metal,EU27,EU27,33542.45442360594,33542.45442360594,33542.45442360594,148.4755486265567,2838.905541573622,0
2016,tin,refined_metal,EU27,RoW,7206.941721936111,7058.46617330956,7058.46617330956,148.4755486265567,0.0,0
2016,tin,refined_metal,RoW,China,10983.339178838729,10983.339178838729,10983.339178838729,3437.387677277962,945.9379667033172,0
2016,tin,refined_metal,RoW,EU27,45510.42564439269,45510.42564439269,45510.42564439269,3437.387677277962,2838.905541573622,0
2016,tin,refined_metal,RoW,RoW,166849.37617676856,163411.9884994906,163411.9884994906,3437.387677277962,0.0,0
2016,tin,refined_metal,China,China,0.0,0.0,0.0,17.699063947580726,277.1714089195484,1
2016,tin,refined_metal,China,EU27,198.98028237239305,181.28121842481232,1864.767608852566,17.699063947580726,0.0,1
2016,tin,refined_metal,China,RoW,0.0,0.0,9459.440327199853,17.699063947580726,0.0,1
2016,tin,refined_metal,EU27,China,0.4805112291353445,0.4805112291353445,109.38636568709026,13.163985896440863,277.1714089195484,1
2016,tin,refined_metal,EU27,EU27,147.99503739742136,134.83105150097265,33677.28547510691,13.163985896440863,0.0,1
2016,tin,refined_metal,EU27,RoW,0.0,0.0,7058.46617330956,13.163985896440863,0.0,1
2016,tin,refined_metal,RoW,China,668.2860465546325,668.2860465546325,11651.625225393362,246.30835907551227,277.1714089195484,1
2016,tin,refined_metal,RoW,EU27,2769.1016307233294,2522.7932716478367,48033.21891604053,246.30835907551227,0.0,1
2016,tin,refined_metal,RoW,RoW,0.0,0.0,163411.9884994906,246.30835907551227,0.0,1
2016,tin,scrap,China,China,0.0,0.0,0.0,8.38497184047037,341.2987687324371,0
2016,tin,scrap,China,EU27,158.49795026791259,158.49795026791259,158.49795026791259,8.38497184047037,485.6567040921709,0
2016,tin,scrap,China,RoW,632.3870497320875,624.002077891617,624.002077891617,8.38497184047037,0.0,0
2016,tin,scrap,EU27,China,0.0,0.0,0.0,11.471826659394537,341.2987687324371,0
2016,tin,scrap,EU27,EU27,5985.52513063177,5985.52513063177,5985.52513063177,11.471826659394537,485.6567040921709,0
2016,tin,scrap,EU27,RoW,865.1948693682311,853.723042708837,853.723042708837,11.471826659394537,0.0,0
2016,tin,scrap,RoW,China,513.7432312675629,513.7432312675629,513.7432312675629,807.0986743247413,341.2987687324371,0
2016,tin,scrap,RoW,EU27,2497.9642150081468,2497.9642150081468,2497.9642150081468,807.0986743247413,485.6567040921709,0
2016,tin,scrap,RoW,RoW,60870.65755372428,60063.55887939955,60063.55887939955,807.0986743247413,0.0,0
2016,tin,scrap,China,China,0.0,0.0,0.0,2.4770329297394937,203.6222220239889,1
2016,tin,scrap,China,EU27,8.38497184047037,5.907938910730967,164.40588917864355,2.4770329297394937,0.0,1
2016,tin,scrap,China,RoW,0.0,0.0,624.002077891617,2.4770329297394937,0.0,1
2016,tin,scrap,EU27,China,0.0,0.0,0.0,3.388931166403381,203.6222220239889,1
2016,tin,scrap,EU27,EU27,11.471826659394537,8.082895492991407,5993.608026124761,3.388931166403381,0.0,1
2016,tin,scrap,EU27,RoW,0.0,0.0,853.723042708837,3.388931166403381,0.0,1
2016,tin,scrap,RoW,China,137.67654670844823,137.67654670844823,651.4197779760111,197.75625792784558,203.6222220239889,1
2016,tin,scrap,RoW,EU27,669.4221276162931,471.6658696884486,2969.6300846965955,197.75625792784558,0.0,1
2016,tin,scrap,RoW,RoW,0.0,0.0,60063.55887939955,197.75625792784558,0.0,1
2016,zinc,concentrates,China,China,0.0,0.0,0.0,4.878425278746363,0.0,0
2016,zinc,concentrates,China,EU27,228.84034668007934,223.961921401333,223.961921401333,4.878425278746363,0.0,0
2016,zinc,concentrates,China,RoW,4802.053953319922,4802.053953319922,4802.053953319922,4.878425278746363,447662.051822111,0
2016,zinc,concentrates,EU27,China,130027.55308071565,109515.14140376323,109515.14140376323,50387.272911400534,0.0,0
2016,zinc,concentrates,EU27,EU27,1401389.4261525448,1371514.5649180966,1371514.5649180966,50387.272911400534,0.0,0
2016,zinc,concentrates,EU27,RoW,293404.05776673945,293404.05776673945,293404.05776673945,50387.272911400534,447662.051822111,0
2016,zinc,concentrates,RoW,China,2240919.372500529,1887404.6010962364,1887404.6010962364,397269.9004854318,0.0,0
2016,zinc,concentrates,RoW,EU27,2052494.0602416415,2008738.9311605024,2008738.9311605024,397269.9004854318,0.0,0
2016,zinc,concentrates,RoW,RoW,4456564.50215783,4456564.50215783,4456564.50215783,397269.9004854318,447662.051822111,0
2016,zinc,concentrates,China,China,0.0,0.0,0.0,0.0,0.0,1
2016,zinc,concentrates,China,EU27,0.0,0.0,223.961921401333,0.0,0.0,1
2016,zinc,concentrates,China,RoW,4.878425278746363,4.878425278746362,4806.932378598668,0.0,0.0,1
2016,zinc,concentrates,EU27,China,0.0,0.0,109515.14140376323,0.0,0.0,1
2016,zinc,concentrates,EU27,EU27,0.0,0.0,1371514.5649180966,0.0,0.0,1
2016,zinc,concentrates,EU27,RoW,50387.272911400534,50387.27291140053,343791.33067814,0.0,0.0,1
2016,zinc,concentrates,RoW,China,0.0,0.0,1887404.6010962364,0.0,0.0,1
2016,zinc,concentrates,RoW,EU27,0.0,0.0,2008738.9311605024,0.0,0.0,1
2016,zinc,concentrates,RoW,RoW,397269.9004854318,397269.9004854317,4853834.4026432615,0.0,0.0,1
2016,zinc,refined_metal,China,China,0.0,0.0,0.0,0.0,0.0,0
2016,zinc,refined_metal,China,EU27,1105.7293333063676,1105.7293333063676,1105.7293333063676,0.0,60186.49549061339,0
2016,zinc,refined_metal,China,RoW,29692.39686669363,29692.39686669363,29692.39686669363,0.0,58891.484490210656,0
2016,zinc,refined_metal,EU27,China,40432.99028749032,32586.65026938343,32586.65026938343,7846.340018106857,0.0,0
2016,zinc,refined_metal,EU27,EU27,1350272.7667946343,1350272.7667946343,1350272.7667946343,7846.340018106857,60186.49549061339,0
2016,zinc,refined_metal,EU27,RoW,324375.59841787565,324375.59841787565,324375.59841787565,7846.340018106857,58891.484490210656,0
2016,zinc,refined_metal,RoW,China,573187.984193334,461956.3442306165,461956.3442306165,111231.63996271789,0.0,0
2016,zinc,refined_metal,RoW,EU27,480788.80088144593,480788.80088144593,480788.80088144593,111231.63996271789,60186.49549061339,0
2016,zinc,refined_metal,RoW,RoW,2888656.80702522,2888656.80702522,2888656.80702522,111231.63996271789,58891.484490210656,0
2016,zinc,refined_metal,China,China,0.0,0.0,0.0,0.0,0.0,1
2016,zinc,refined_metal,China,EU27,0.0,0.0,1105.7293333063676,0.0,37988.24500571005,1
2016,zinc,refined_metal,China,RoW,0.0,0.0,29692.39686669363,0.0,4.656612873077393e-10,1
2016,zinc,refined_metal,EU27,China,0.0,0.0,32586.65026938343,595.9474743516184,0.0,1
2016,zinc,refined_metal,EU27,EU27,6326.5217137784975,6326.5217137784975,1356599.288508413,595.9474743516184,37988.24500571005,1
2016,zinc,refined_metal,EU27,RoW,1519.8183043283602,923.8708299764587,325299.4692478521,595.9474743516184,4.656612873077393e-10,1
2016,zinc,refined_metal,RoW,China,0.0,0.0,461956.3442306165,37392.2975313589,0.0,1
2016,zinc,refined_metal,RoW,EU27,15871.728771124663,15871.728771124663,496660.5296525706,37392.2975313589,37988.24500571005,1
2016,zinc,refined_metal,RoW,RoW,95359.91119159323,57967.6136602342,2946624.420685454,37392.2975313589,4.656612873077393e-10,1
2016,zinc,scrap,China,China,0.0,0.0,0.0,0.0,0.0,0
2016,zinc,scrap,China,EU27,77.88389359996044,77.88389359996044,77.88389359996044,0.0,57761.01071998372,0
2016,zinc,scrap,China,RoW,2086.501106400039,2086.501106400039,2086.501106400039,0.0,37344.23010007804,0
2016,zinc,scrap,EU27,China,35863.23690505985,25533.991428581303,25533.991428581303,10329.245476478478,0.0,0
2016,zinc,scrap,EU27,EU27,412178.82943985565,412178.82943985565,412178.82943985565,10329.245476478478,57761.01071998372,0
2016,zinc,scrap,EU27,RoW,75830.70265508459,75830.70265508459,75830.70265508459,10329.245476478478,37344.23010007804,0
2016,zinc,scrap,RoW,China,64811.735915001984,46144.81157141869,46144.81157141869,18666.92434358329,0.0,0
2016,zinc,scrap,RoW,EU27,71831.95144656069,71831.95144656069,71831.95144656069,18666.92434358329,57761.01071998372,0
2016,zinc,scrap,RoW,RoW,222774.3306384373,222774.3306384373,222774.3306384373,18666.92434358329,37344.23010007804,0
2016,zinc,scrap,China,China,0.0,0.0,0.0,0.0,0.0,1
2016,zinc,scrap,China,EU27,0.0,0.0,77.88389359996044,0.0,44485.36756519007,1
2016,zinc,scrap,China,RoW,0.0,0.0,2086.501106400039,0.0,21623.703434809926,1
2016,zinc,scrap,EU27,China,0.0,0.0,25533.991428581303,5.820766091346741e-11,0.0,1
2016,zinc,scrap,EU27,EU27,8724.207273606175,8724.207273606175,420903.0367134618,5.820766091346741e-11,44485.36756519007,1
2016,zinc,scrap,EU27,RoW,1605.0382028723043,1605.0382028723043,77435.7408579569,5.820766091346741e-11,21623.703434809926,1
2016,zinc,scrap,RoW,China,0.0,0.0,46144.81157141869,0.0,0.0,1
2016,zinc,scrap,RoW,EU27,4551.435881187469,4551.435881187469,76383.38732774816,0.0,44485.36756519007,1
2016,zinc,scrap,RoW,RoW,14115.488462395822,14115.488462395822,236889.81910083312,0.0,21623.703434809926,1
2017,nickel,concentrates,China,China,0.0,0.0,0.0,216.48862157250346,6579355.7988262735,0
2017,nickel,concentrates,China,EU27,1.55835391408698,0.9240851378814938,0.9240851378814938,216.48862157250346,0.0,0
2017,nickel,concentrates,China,RoW,581.745196085913,365.890843289615,365.890843289615,216.48862157250346,0.0,0
2017,nickel,concentrates,EU27,China,48936.49824575503,48936.49824575503,48936.49824575503,10465.646350745112,6579355.7988262735,0
2017,nickel,concentrates,EU27,EU27,4814.359624074773,2854.8573830423975,2854.8573830423975,10465.646350745112,0.0,0
2017,nickel,concentrates,EU27,RoW,22924.756480170192,14418.612370457447,14418.612370457447,10465.646350745112,0.0,0
2017,nickel,concentrates,RoW,China,31981427.01567797,31981427.01567797,31981427.01567797,6568673.663853951,6579355.7988262735,0
2017,nickel,concentrates,RoW,EU27,1046990.0347945819,620852.5046318198,620852.5046318198,6568673.663853951,0.0,0
2017,nickel,concentrates,RoW,RoW,16554639.002027439,10412102.868336253,10412102.868336253,6568673.663853951,0.0,0
2017,nickel,concentrates,China,China,0.0,0.0,0.0,216.48862157250346,216.4886215776205,1
2017,nickel,concentrates,China,EU27,0.0,0.0,0.9240851378814938,216.48862157250346,0.0,1
2017,nickel,concentrates,China,RoW,0.0,0.0,365.890843289615,216.48862157250346,0.0,1
2017,nickel,concentrates,EU27,China,10465.646350745112,10465.646350745112,59402.14459650014,0.0,216.4886215776205,1
2017,nickel,concentrates,EU27,EU27,0.0,0.0,2854.8573830423975,0.0,0.0,1
2017,nickel,concentrates,EU27,RoW,0.0,0.0,14418.612370457447,0.0,0.0,1
2017,nickel,concentrates,RoW,China,6568673.663853951,6568673.663853951,38550100.67953192,7.450580596923828e-09,216.4886215776205,1
2017,nickel,concentrates,RoW,EU27,0.0,0.0,620852.5046318198,7.450580596923828e-09,0.0,1
2017,nickel,concentrates,RoW,RoW,0.0,0.0,10412102.868336253,7.450580596923828e-09,0.0,1
2017,nickel,refined_metal,China,China,0.0,0.0,0.0,1163.3806450954035,60400.04384988331,0
2017,nickel,refined_metal,China,EU27,7228.541837746024,7228.541837746024,7228.541837746024,1163.3806450954035,31559.385098157276,0
2017,nickel,refined_metal,China,RoW,12712.011612253978,11548.630967158571,11548.630967158571,1163.3806450954035,0.0,0
2017,nickel,refined_metal,EU27,China,13441.687335250015,13441.687335250015,13441.687335250015,5500.153231962642,60400.04384988331,0
2017,nickel,refined_metal,EU27,EU27,109831.39402074165,109831.39402074165,109831.39402074165,5500.153231962642,31559.385098157276,0
2017,nickel,refined_metal,EU27,RoW,60098.99859400833,54598.845362045686,54598.845362045686,5500.153231962642,0.0,0
2017,nickel,refined_metal,RoW,China,463093.8010648667,463093.8010648667,463093.8010648667,72417.0403709826,60400.04384988331,0
2017,nickel,refined_metal,RoW,EU27,276415.517943355,276415.517943355,276415.517943355,72417.0403709826,31559.385098157276,0
2017,nickel,refined_metal,RoW,RoW,791285.5194917785,718868.4791207956,718868.4791207956,72417.0403709826,0.0,0
2017,nickel,refined_metal,China,China,0.0,0.0,0.0,55.22028303635307,14451.477433351742,1
2017,nickel,refined_metal,China,EU27,1163.3806450954035,1108.1603620590515,8336.702199805075,55.22028303635307,0.0,1
2017,nickel,refined_metal,China,RoW,0.0,0.0,11548.630967158571,55.22028303635307,0.0,1
2017,nickel,refined_metal,EU27,China,599.736286517456,599.736286517456,14041.423621767472,232.600062468322,14451.477433351742,1
2017,nickel,refined_metal,EU27,EU27,4900.416945445186,4667.816882976872,114499.21090371851,232.600062468322,0.0,1
2017,nickel,refined_metal,EU27,RoW,0.0,0.0,54598.845362045686,232.600062468322,0.0,1
2017,nickel,refined_metal,RoW,China,45348.83013001408,45348.83013001408,508442.6311948808,1284.8023878473323,14451.477433351742,1
2017,nickel,refined_metal,RoW,EU27,27068.21024096853,25783.407853121353,302198.92579647637,1284.8023878473323,0.0,1
2017,nickel,refined_metal,RoW,RoW,0.0,0.0,718868.4791207956,1284.8023878473323,0.0,1
2017,nickel,scrap,China,China,0.0,0.0,0.0,7.852398688994981,0.0,0
2017,nickel,scrap,China,EU27,84.06990436720821,76.21750567821286,76.21750567821286,7.852398688994981,0.0,0
2017,nickel,scrap,China,RoW,2251.1420956327925,2251.1420956327925,2251.1420956327925,7.852398688994981,4814.173259846371,0
2017,nickel,scrap,EU27,China,4.050761059318516,3.887636057394029,3.887636057394029,2597.708113548091,0.0,0
2017,nickel,scrap,EU27,EU27,27810.01925980101,25212.474271254847,25212.474271254847,2597.708113548091,0.0,0
2017,nickel,scrap,EU27,RoW,14078.22697913967,14078.22697913967,14078.22697913967,2597.708113548091,4814.173259846371,0
2017,nickel,scrap,RoW,China,2408.7252370981196,2311.725363942606,2311.725363942606,1337.99374760926,0.0,0
2017,nickel,scrap,RoW,EU27,13286.416097520701,12045.422223066947,12045.422223066947,1337.99374760926,0.0,0
2017,nickel,scrap,RoW,RoW,74625.87866538117,74625.87866538117,74625.87866538117,1337.99374760926,4814.173259846371,0
2017,nickel,scrap,China,China,0.0,0.0,0.0,0.0,0.0,1
2017,nickel,scrap,China,EU27,0.0,0.0,76.21750567821286,0.0,0.0,1
2017,nickel,scrap,China,RoW,7.852398688994981,7.852398688994981,2258.9944943217874,0.0,870.6190000000206,1
2017,nickel,scrap,EU27,China,0.0,0.0,3.887636057394029,0.0,0.0,1
2017,nickel,scrap,EU27,EU27,0.0,0.0,25212.474271254847,0.0,0.0,1
2017,nickel,scrap,EU27,RoW,2597.708113548091,2597.708113548091,16675.93509268776,0.0,870.6190000000206,1
2017,nickel,scrap,RoW,China,0.0,0.0,2311.725363942606,0.0,0.0,1
2017,nickel,scrap,RoW,EU27,0.0,0.0,12045.422223066947,0.0,0.0,1
2017,nickel,scrap,RoW,RoW,1337.99374760926,1337.99374760926,75963.87241299043,0.0,870.6190000000206,1
2017,tin,concentrates,China,China,0.0,0.0,0.0,0.11076793817989028,0.0,0
2017,tin,concentrates,China,EU27,1.032832056057412,0.9220641178775368,0.9220641178775368,0.11076793817989028,4.547473508864641e-13,0
2017,tin,concentrates,China,RoW,484.0861679439426,484.0861679439426,484.0861679439426,0.11076793817989028,1327.0153170018675,0
2017,tin,concentrates,EU27,China,53.06863711641155,49.69583360959519,49.69583360959519,181.09745824582615,0.0,0
2017,tin,concentrates,EU27,EU27,1657.1557039195204,1479.4310491805106,1479.4310491805106,181.09745824582615,4.547473508864641e-13,0
2017,tin,concentrates,EU27,RoW,680.5606589640679,680.5606589640679,680.5606589640679,181.09745824582615,1327.0153170018675,0
2017,tin,concentrates,RoW,China,4019.5976875723723,3764.1301663904046,3764.1301663904046,432.3210908178735,0.0,0
2017,tin,concentrates,RoW,EU27,1649.0334563375116,1472.1798867016114,1472.1798867016114,432.3210908178735,4.547473508864641e-13,0
2017,tin,concentrates,RoW,RoW,52365.57485609012,52365.57485609012,52365.57485609012,432.3210908178735,1327.0153170018675,0
2017,tin,concentrates,China,China,0.0,0.0,0.0,0.0002358280696626025,0.0,1
2017,tin,concentrates,China,EU27,0.00023582806968099862,7.574952138364012e-19,0.9220641178775368,0.0002358280696626025,0.0,1
2017,tin,concentrates,China,RoW,0.11053211011020929,0.11053211011020929,484.1967000540528,0.0002358280696626025,855.060742642876,1
2017,tin,concentrates,EU27,China,0.0,0.0,49.69583360959519,128.37600431868213,0.0,1
2017,tin,concentrates,EU27,EU27,128.3760043186824,4.1235213846419545e-13,1479.431049180511,128.37600431868213,0.0,1
2017,tin,concentrates,EU27,RoW,52.72145392714378,52.72145392714378,733.2821128912117,128.37600431868213,855.060742642876,1
2017,tin,concentrates,RoW,China,0.0,0.0,3764.1301663904046,13.198502496132278,0.0,1
2017,tin,concentrates,RoW,EU27,13.198502496128903,4.239445492705482e-14,1472.1798867016114,13.198502496132278,0.0,1
2017,tin,concentrates,RoW,RoW,419.12258832174456,419.12258832174456,52784.69744441186,13.198502496132278,855.060742642876,1
2017,tin,refined_metal,China,China,0.0,0.0,0.0,31.83366980394385,0.0,0
2017,tin,refined_metal,China,EU27,2584.269276787692,2584.269276787692,2584.269276787692,31.83366980394385,5540.123437696777,0
2017,tin,refined_metal,China,RoW,11962.904723212308,11931.071053408365,11931.071053408365,31.83366980394385,0.0,0
2017,tin,refined_metal,EU27,China,89.83046254261484,49.78129043380214,49.78129043380214,58.395885507183266,0.0,0
2017,tin,refined_metal,EU27,EU27,34335.24921673239,34335.24921673239,34335.24921673239,58.395885507183266,5540.123437696777,0
2017,tin,refined_metal,EU27,RoW,6894.586320724997,6876.23960732663,6876.23960732663,58.395885507183266,0.0,0
2017,tin,refined_metal,RoW,China,9071.065674349898,5026.906709566198,5026.906709566198,4482.8228823856625,0.0,0
2017,tin,refined_metal,RoW,EU27,49683.41906878313,49683.41906878313,49683.41906878313,4482.8228823856625,5540.123437696777,0
2017,tin,refined_metal,RoW,RoW,164847.30425686698,164408.640339265,164408.640339265,4482.8228823856625,0.0,0
2017,tin,refined_metal,China,China,0.0,0.0,0.0,0.0,0.0,1
2017,tin,refined_metal,China,EU27,31.83366980394385,31.83366980394385,2616.102946591636,0.0,967.0709999999963,1
2017,tin,refined_metal,China,RoW,0.0,0.0,11931.071053408365,0.0,0.0,1
2017,tin,refined_metal,EU27,China,0.0,0.0,49.78129043380214,0.0,0.0,1
2017,tin,refined_metal,EU27,EU27,58.395885507183266,58.395885507183266,34393.64510223957,0.0,967.0709999999963,1
2017,tin,refined_metal,EU27,RoW,0.0,0.0,6876.23960732663,0.0,0.0,1
2017,tin,refined_metal,RoW,China,0.0,0.0,5026.906709566198,0.0,0.0,1
2017,tin,refined_metal,RoW,EU27,4482.8228823856625,4482.8228823856625,54166.24195116879,0.0,967.0709999999963,1
2017,tin,refined_metal,RoW,RoW,0.0,0.0,164408.640339265,0.0,0.0,1
2017,tin,scrap,China,China,0.0,0.0,0.0,13.650242300761192,0.0,0
2017,tin,scrap,China,EU27,217.09105155721477,203.44080925645366,203.44080925645366,13.650242300761192,0.0,0
2017,tin,scrap,China,RoW,913.3579484427855,913.3579484427855,913.3579484427855,13.650242300761192,910.2750745435187,0
2017,tin,scrap,EU27,China,0.005666666666666667,0.0028989574267891823,0.0028989574267891823,431.0848067199313,0.0,0
2017,tin,scrap,EU27,EU27,6855.852892152787,6424.770853142095,6424.770853142095,431.0848067199313,0.0,0
2017,tin,scrap,EU27,RoW,1122.2474411805465,1122.2474411805465,1122.2474411805465,431.0848067199313,910.2750745435187,0
2017,tin,scrap,RoW,China,597.4054292429106,305.62110104257323,305.62110104257323,465.54002552283055,0.0,0
2017,tin,scrap,RoW,EU27,2763.3800349239445,2589.62433760145,2589.62433760145,465.54002552283055,0.0,0
2017,tin,scrap,RoW,RoW,78652.03653583315,78652.03653583315,78652.03653583315,465.54002552283055,910.2750745435187,0
2017,tin,scrap,China,China,0.0,0.0,0.0,0.0,0.0,1
2017,tin,scrap,China,EU27,0.0,0.0,203.44080925645366,0.0,0.0,1
2017,tin,scrap,China,RoW,13.650242300761192,13.650242300761127,927.0081907435466,0.0,0.0,1
2017,tin,scrap,EU27,China,0.0,0.0,0.0028989574267891823,2.7284841053187847e-12,0.0,1
2017,tin,scrap,EU27,EU27,0.0,0.0,6424.770853142095,2.7284841053187847e-12,0.0,1
2017,tin,scrap,EU27,RoW,431.0848067199313,431.08480671992925,1553.3322479004757,2.7284841053187847e-12,0.0,1
2017,tin,scrap,RoW,China,0.0,0.0,305.62110104257323,0.0,0.0,1
2017,tin,scrap,RoW,EU27,0.0,0.0,2589.62433760145,0.0,0.0,1
2017,tin,scrap,RoW,RoW,465.54002552283055,465.54002552282833,79117.57656135598,0.0,0.0,1
2017,zinc,concentrates,China,China,0.0,0.0,0.0,7.594068749429425,0.0,0
2017,zinc,concentrates,China,EU27,742.8376913234896,735.2436225740609,735.2436225740609,7.594068749429425,0.0,0
2017,zinc,concentrates,China,RoW,15509.055008676509,15509.055008676509,15509.055008676509,7.594068749429425,192431.99570403807,0
2017,zinc,concentrates,EU27,China,90147.16099804836,84828.99897469934,84828.99897469934,19725.902758822544,0.0,0
2017,zinc,concentrates,EU27,EU27,1409338.4216374806,1394930.6809020073,1394930.6809020073,19725.902758822544,0.0,0
2017,zinc,concentrates,EU27,RoW,331145.62876447086,331145.62876447086,331145.62876447086,19725.902758822544,192431.99570403807,0
2017,zinc,concentrates,RoW,China,2439042.9044804783,2295153.455225301,2295153.455225301,164612.27347646467,0.0,0
2017,zinc,concentrates,RoW,EU27,2027068.1514967056,2006345.3272754184,2006345.3272754184,164612.27347646467,0.0,0
2017,zinc,concentrates,RoW,RoW,4841156.500522815,4841156.500522815,4841156.500522815,164612.27347646467,192431.99570403807,0
2017,zinc,concentrates,China,China,0.0,0.0,0.0,0.0,0.0,1
2017,zinc,concentrates,China,EU27,0.0,0.0,735.2436225740609,0.0,0.0,1
2017,zinc,concentrates,China,RoW,7.594068749429425,7.594068749429425,15516.649077425938,0.0,8086.225400000811,1
2017,zinc,concentrates,EU27,China,0.0,0.0,84828.99897469934,0.0,0.0,1
2017,zinc,concentrates,EU27,EU27,0.0,0.0,1394930.6809020073,0.0,0.0,1
2017,zinc,concentrates,EU27,RoW,19725.902758822544,19725.902758822544,350871.5315232934,0.0,8086.225400000811,1
2017,zinc,concentrates,RoW,China,0.0,0.0,2295153.455225301,0.0,0.0,1
2017,zinc,concentrates,RoW,EU27,0.0,0.0,2006345.3272754184,0.0,0.0,1
2017,zinc,concentrates,RoW,RoW,164612.27347646467,164612.27347646467,5005768.773999279,0.0,8086.225400000811,1
2017,zinc,refined_metal,China,China,0.0,0.0,0.0,86.3288499872142,97511.75111252652,0
2017,zinc,refined_metal,China,EU27,2184.183309570466,2097.8544595832495,2097.8544595832495,86.3288499872142,0.0,0
2017,zinc,refined_metal,China,RoW,60103.22809042953,60103.22809042953,60103.22809042953,86.3288499872142,152417.50015407428,0
2017,zinc,refined_metal,EU27,China,56902.76298676031,56902.76298676031,56902.76298676031,58519.11304047541,97511.75111252652,0
2017,zinc,refined_metal,EU27,EU27,1480576.5397407797,1422057.4267003043,1422057.4267003043,58519.11304047541,0.0,0
2017,zinc,refined_metal,EU27,RoW,372300.9358724597,372300.9358724597,372300.9358724597,58519.11304047541,152417.50015407428,0
2017,zinc,refined_metal,RoW,China,589906.9312007132,589906.9312007132,589906.9312007132,18113.253976137377,97511.75111252652,0
2017,zinc,refined_metal,RoW,EU27,458278.6290162504,440165.3750401126,440165.3750401126,18113.253976137377,0.0,0
2017,zinc,refined_metal,RoW,RoW,2894448.0318830367,2894448.0318830367,2894448.0318830367,18113.253976137377,152417.50015407428,0
2017,zinc,refined_metal,China,China,0.0,0.0,0.0,0.0,86686.82889795303,1
2017,zinc,refined_metal,China,EU27,0.0,0.0,2097.8544595832495,0.0,0.0,1
2017,zinc,refined_metal,China,RoW,86.3288499872142,86.3288499872142,60189.55694041675,0.0,86523.72650204785,1
2017,zinc,refined_metal,EU27,China,7758.31901819146,7758.31901819146,64661.08200495177,0.0,86686.82889795303,1
2017,zinc,refined_metal,EU27,EU27,0.0,0.0,1422057.4267003043,0.0,0.0,1
2017,zinc,refined_metal,EU27,RoW,50760.79402228395,50760.79402228395,423061.72989474365,0.0,86523.72650204785,1
2017,zinc,refined_metal,RoW,China,3066.6031963820587,3066.6031963820587,592973.5343970952,0.0,86686.82889795303,1
2017,zinc,refined_metal,RoW,EU27,0.0,0.0,440165.3750401126,0.0,0.0,1
2017,zinc,refined_metal,RoW,RoW,15046.65077975532,15046.65077975532,2909494.682662792,0.0,86523.72650204785,1
2017,zinc,scrap,China,China,0.0,0.0,0.0,3.491357797493947,0.0,0
2017,zinc,scrap,China,EU27,103.43133324576587,99.93997544827192,99.93997544827192,3.491357797493947,0.0,0
2017,zinc,scrap,China,RoW,5316.448166754235,5316.448166754235,5316.448166754235,3.491357797493947,177430.19005377754,0
2017,zinc,scrap,EU27,China,36100.87927590601,27991.378513937285,27991.378513937285,23376.37936616363,0.0,0
2017,zinc,scrap,EU27,EU27,452280.659881545,437013.7812773501,437013.7812773501,23376.37936616363,0.0,0
2017,zinc,scrap,EU27,RoW,98344.80634254903,98344.80634254903,98344.80634254903,23376.37936616363,177430.19005377754,0
2017,zinc,scrap,RoW,China,44725.10481298492,34678.305986062725,34678.305986062725,12809.207829816325,0.0,0
2017,zinc,scrap,RoW,EU27,81836.25475009588,79073.84574720173,79073.84574720173,12809.207829816325,0.0,0
2017,zinc,scrap,RoW,RoW,242930.55043691918,242930.55043691918,242930.55043691918,12809.207829816325,177430.19005377754,0
2017,zinc,scrap,China,China,0.0,0.0,0.0,0.0,0.0,1
2017,zinc,scrap,China,EU27,0.0,0.0,99.93997544827192,0.0,0.0,1
2017,zinc,scrap,China,RoW,3.491357797493947,3.491357797493947,5319.939524551729,0.0,141241.11150000012,1
2017,zinc,scrap,EU27,China,0.0,0.0,27991.378513937285,0.0,0.0,1
2017,zinc,scrap,EU27,EU27,0.0,0.0,437013.7812773501,0.0,0.0,1
2017,zinc,scrap,EU27,RoW,23376.37936616363,23376.37936616363,121721.18570871266,0.0,141241.11150000012,1
2017,zinc,scrap,RoW,China,0.0,0.0,34678.305986062725,0.0,0.0,1
2017,zinc,scrap,RoW,EU27,0.0,0.0,79073.84574720173,0.0,0.0,1
2017,zinc,scrap,RoW,RoW,12809.207829816325,12809.207829816325,255739.7582667355,0.0,141241.11150000012,1
2018,nickel,concentrates,China,China,0.0,0.0,0.0,174.9189188569474,7648790.641439848,0
2018,nickel,concentrates,China,EU27,1.4051894500303799,0.7779480532473247,0.7779480532473247,174.9189188569474,0.0,0
2018,nickel,concentrates,China,RoW,403.72061054996965,229.42893308980524,229.42893308980524,174.9189188569474,1.862645149230957e-09,0
2018,nickel,concentrates,EU27,China,49818.001848145184,49818.001848145184,49818.001848145184,19949.839036718637,7648790.641439848,0
2018,nickel,concentrates,EU27,EU27,7494.223073763611,4148.989483737967,4148.989483737967,19949.839036718637,0.0,0
2018,nickel,concentrates,EU27,RoW,38462.08577809122,21857.480331398216,21857.480331398216,19949.839036718637,1.862645149230957e-09,0
2018,nickel,concentrates,RoW,China,38638024.019912004,38638024.019912004,38638024.019912004,7628665.883484274,7648790.641439848,0
2018,nickel,concentrates,RoW,EU27,725707.9491673452,401770.0860682088,401770.0860682088,7628665.883484274,0.0,0
2018,nickel,concentrates,RoW,RoW,16920310.248120647,9615582.22773551,9615582.22773551,7628665.883484274,1.862645149230957e-09,0
2018,nickel,concentrates,China,China,0.0,0.0,0.0,174.91891885694727,2332179.592642039,1
2018,nickel,concentrates,China,EU27,0.0,0.0,0.7779480532473247,174.91891885694727,0.0,1
2018,nickel,concentrates,China,RoW,174.9189188569474,1.3970273847929369e-13,229.42893308980538,174.91891885694727,0.0,1
2018,nickel,concentrates,EU27,China,11258.044081348164,11258.044081348164,61076.045929493346,8691.794955370468,2332179.592642039,1
2018,nickel,concentrates,EU27,EU27,0.0,0.0,4148.989483737967,8691.794955370468,0.0,1
2018,nickel,concentrates,EU27,RoW,8691.794955370475,6.94188807877792e-12,21857.480331398223,8691.794955370468,0.0,1
2018,nickel,concentrates,RoW,China,5305353.004716462,5305353.004716462,43943377.02462847,2323312.8787678108,2332179.592642039,1
2018,nickel,concentrates,RoW,EU27,0.0,0.0,401770.0860682088,2323312.8787678108,0.0,1
2018,nickel,concentrates,RoW,RoW,2323312.8787678117,1.8555635584136997e-09,9615582.227735512,2323312.8787678108,0.0,1
2018,nickel,refined_metal,China,China,0.0,0.0,0.0,0.0,0.0,0
2018,nickel,refined_metal,China,EU27,2154.9031393826394,2154.9031393826394,2154.9031393826394,0.0,65508.96493976674,0
2018,nickel,refined_metal,China,RoW,5652.745060617362,5652.745060617362,5652.745060617362,0.0,13035.572266460746,0
2018,nickel,refined_metal,EU27,China,21197.646287165164,17465.965650038117,17465.965650038117,3731.6806371270504,0.0,0
2018,nickel,refined_metal,EU27,EU27,110883.3160397924,110883.3160397924,110883.3160397924,3731.6806371270504,65508.96493976674,0
2018,nickel,refined_metal,EU27,RoW,64169.97232304245,64169.97232304245,64169.97232304245,3731.6806371270504,13035.572266460746,0
2018,nickel,refined_metal,RoW,China,390887.3580690624,322074.6811499619,322074.6811499619,68812.67691910057,0.0,0
2018,nickel,refined_metal,RoW,EU27,306981.41438105825,306981.41438105825,306981.41438105825,68812.67691910057,65508.96493976674,0
2018,nickel,refined_metal,RoW,RoW,687163.2583498794,687163.2583498794,687163.2583498794,68812.67691910057,13035.572266460746,0
2018,nickel,refined_metal,China,China,0.0,0.0,0.0,0.0,0.0,1
2018,nickel,refined_metal,China,EU27,0.0,0.0,2154.9031393826394,0.0,41896.590574853704,1
2018,nickel,refined_metal,China,RoW,0.0,0.0,5652.745060617362,0.0,0.0,1
2018,nickel,refined_metal,EU27,China,0.0,0.0,17465.965650038117,1003.5159000003478,0.0,1
2018,nickel,refined_metal,EU27,EU27,2363.743790910594,2363.743790910594,113247.05983070299,1003.5159000003478,41896.590574853704,1
2018,nickel,refined_metal,EU27,RoW,1367.9368462164566,364.4209462160974,64534.393269258544,1003.5159000003478,0.0,1
2018,nickel,refined_metal,RoW,China,0.0,0.0,322074.6811499619,34892.895024853526,0.0,1
2018,nickel,refined_metal,RoW,EU27,21248.630574002484,21248.630574002484,328230.0449550607,34892.895024853526,41896.590574853704,1
2018,nickel,refined_metal,RoW,RoW,47564.04634509809,12671.151320244648,699834.4096701241,34892.895024853526,0.0,1
2018,nickel,scrap,China,China,0.0,0.0,0.0,0.0,0.0,0
2018,nickel,scrap,China,EU27,103.72570965757053,103.72570965757053,103.72570965757053,0.0,5546.219076736386,0
2018,nickel,scrap,China,RoW,3102.1052903424297,3102.1052903424297,3102.1052903424297,0.0,10740.539330075699,0
2018,nickel,scrap,EU27,China,4.076956265954026,2.5584392210738205,2.5584392210738205,1.5185170448821736,0.0,0
2018,nickel,scrap,EU27,EU27,26344.58729263339,26344.58729263339,26344.58729263339,1.5185170448821736,5546.219076736386,0
2018,nickel,scrap,EU27,RoW,14978.108751100654,14978.108751100654,14978.108751100654,1.5185170448821736,10740.539330075699,0
2018,nickel,scrap,RoW,China,2137.0364505461253,1341.0685607789262,1341.0685607789262,795.9678897671838,0.0,0
2018,nickel,scrap,RoW,EU27,15485.856920972656,15485.856920972656,15485.856920972656,795.9678897671838,5546.219076736386,0
2018,nickel,scrap,RoW,RoW,76873.09962848123,76873.09962848123,76873.09962848123,795.9678897671838,10740.539330075699,0
2018,nickel,scrap,China,China,0.0,0.0,0.0,0.0,0.0,1
2018,nickel,scrap,China,EU27,0.0,0.0,103.72570965757053,0.0,5411.790771376618,1
2018,nickel,scrap,China,RoW,0.0,0.0,3102.1052903424297,0.0,10077.481228623394,1
2018,nickel,scrap,EU27,China,0.0,0.0,2.5584392210738205,0.0,0.0,1
2018,nickel,scrap,EU27,EU27,0.9681049078189616,0.9681049078189616,26345.555397541208,0.0,5411.790771376618,1
2018,nickel,scrap,EU27,RoW,0.5504121370632119,0.5504121370632119,14978.659163237717,0.0,10077.481228623394,1
2018,nickel,scrap,RoW,China,0.0,0.0,1341.0685607789262,1.4551915228366852e-11,0.0,1
2018,nickel,scrap,RoW,EU27,133.46020045195095,133.46020045195095,15619.317121424607,1.4551915228366852e-11,5411.790771376618,1
2018,nickel,scrap,RoW,RoW,662.5076893152328,662.5076893152328,77535.60731779646,1.4551915228366852e-11,10077.481228623394,1
2018,tin,concentrates,China,China,0.0,0.0,0.0,2.423867346849562,1955.417246223642,0
2018,tin,concentrates,China,EU27,0.19332921787466556,0.14680906598237561,0.14680906598237561,2.423867346849562,0.0,0
2018,tin,concentrates,China,RoW,98.17367078212533,95.79632358716805,95.79632358716805,2.423867346849562,0.0,0
2018,tin,concentrates,EU27,China,43.35945140066702,43.35945140066702,43.35945140066702,246.9181833812445,1955.417246223642,0
2018,tin,concentrates,EU27,EU27,962.6977243641608,731.0470465405094,731.0470465405094,246.9181833812445,0.0,0
2018,tin,concentrates,EU27,RoW,630.4788242351725,615.211318677579,615.211318677579,246.9181833812445,0.0,0
2018,tin,concentrates,RoW,China,3965.9763023756905,3965.9763023756905,3965.9763023756905,1706.0751954955485,1955.417246223642,0
2018,tin,concentrates,RoW,EU27,1262.5121464916797,958.7181443935084,958.7181443935084,1706.0751954955485,0.0,0
2018,tin,concentrates,RoW,RoW,57907.861551132635,56505.580357735256,56505.580357735256,1706.0751954955485,0.0,0
2018,tin,concentrates,China,China,0.0,0.0,0.0,2.423867346849562,2.423867346848965,1
2018,tin,concentrates,China,EU27,0.0,0.0,0.14680906598237561,2.423867346849562,0.0,1
2018,tin,concentrates,China,RoW,0.0,0.0,95.79632358716805,2.423867346849562,0.0,1
2018,tin,concentrates,EU27,China,246.9181833812445,246.9181833812445,290.2776347819115,0.0,2.423867346848965,1
2018,tin,concentrates,EU27,EU27,0.0,0.0,731.0470465405094,0.0,0.0,1
2018,tin,concentrates,EU27,RoW,0.0,0.0,615.211318677579,0.0,0.0,1
2018,tin,concentrates,RoW,China,1706.0751954955485,1706.0751954955485,5672.051497871239,0.0,2.423867346848965,1
2018,tin,concentrates,RoW,EU27,0.0,0.0,958.7181443935084,0.0,0.0,1
2018,tin,concentrates,RoW,RoW,0.0,0.0,56505.580357735256,0.0,0.0,1
2018,tin,refined_metal,China,China,0.0,0.0,0.0,0.0,0.0,0
2018,tin,refined_metal,China,EU27,2970.121324697049,2970.121324697049,2970.121324697049,0.0,785.8237203974131,0
2018,tin,refined_metal,China,RoW,13146.45667530295,13146.45667530295,13146.45667530295,0.0,1515.5706135996734,0
2018,tin,refined_metal,EU27,China,148.88950227658944,102.61947308795042,102.61947308795042,46.27002918863582,0.0,0
2018,tin,refined_metal,EU27,EU27,33460.746677396965,33460.746677396965,33460.746677396965,46.27002918863582,785.8237203974131,0
2018,tin,refined_metal,EU27,RoW,6326.642820326453,6326.642820326453,6326.642820326453,46.27002918863582,1515.5706135996734,0
2018,tin,refined_metal,RoW,China,7256.626831720487,5001.50252691205,5001.50252691205,2255.1243048084434,0.0,0
2018,tin,refined_metal,RoW,EU27,51129.34127750857,51129.34127750857,51129.34127750857,2255.1243048084434,785.8237203974131,0
2018,tin,refined_metal,RoW,RoW,165095.34389077092,165095.34389077092,165095.34389077092,2255.1243048084434,1515.5706135996734,0
2018,tin,refined_metal,China,China,0.0,0.0,0.0,0.0,0.0,1
2018,tin,refined_metal,China,EU27,0.0,0.0,2970.121324697049,0.0,213.655565309542,1
2018,tin,refined_metal,China,RoW,0.0,0.0,13146.45667530295,0.0,0.0,1
2018,tin,refined_metal,EU27,China,0.0,0.0,102.61947308795042,0.9090547753221472,0.0,1
2018,tin,refined_metal,EU27,EU27,38.912573681801724,38.912573681801724,33499.65925107877,0.9090547753221472,213.655565309542,1
2018,tin,refined_metal,EU27,RoW,7.357455506834097,6.4484007315102705,6333.091221057964,0.9090547753221472,0.0,1
2018,tin,refined_metal,RoW,China,0.0,0.0,5001.50252691205,212.74651053419802,0.0,1
2018,tin,refined_metal,RoW,EU27,533.2555814060693,533.2555814060693,51662.596858914636,212.74651053419802,213.655565309542,1
2018,tin,refined_metal,RoW,RoW,1721.8687234023741,1509.122212868163,166604.46610363908,212.74651053419802,0.0,1
2018,tin,scrap,China,China,0.0,0.0,0.0,48.97936698197918,4362.098260750474,0
2018,tin,scrap,China,EU27,21.637594300150024,17.72187850807072,17.72187850807072,48.97936698197918,9.094947017729282e-13,0
2018,tin,scrap,China,RoW,2260.24640569985,2215.18275450995,2215.18275450995,48.97936698197918,0.0,0
2018,tin,scrap,EU27,China,0.854583322783628,0.854583322783628,0.854583322783628,1066.1999656927446,4362.098260750474,0
2018,tin,scrap,EU27,EU27,5822.263703624111,4768.619309812134,4768.619309812134,1066.1999656927446,9.094947017729282e-13,0
2018,tin,scrap,EU27,RoW,629.7467130531055,617.1911411723378,617.1911411723378,1066.1999656927446,0.0,0
2018,tin,scrap,RoW,China,3033.0211559267427,3033.0211559267427,3033.0211559267427,2359.0959280757525,4362.098260750474,0
2018,tin,scrap,RoW,EU27,2683.8099873077836,2198.1258116797944,2198.1258116797944,2359.0959280757525,9.094947017729282e-13,0
2018,tin,scrap,RoW,RoW,93964.24985676548,92090.83810431772,92090.83810431772,2359.0959280757525,0.0,0
2018,tin,scrap,China,China,0.0,0.0,0.0,48.97936698197918,3110.3414386342993,1
2018,tin,scrap,China,EU27,48.97936698197918,2.004324193309054e-14,17.72187850807074,48.97936698197918,9.094947017729282e-13,1
2018,tin,scrap,China,RoW,0.0,0.0,2215.18275450995,48.97936698197918,0.0,1
2018,tin,scrap,EU27,China,0.15647229963985881,0.15647229963985881,1.0110556224234868,1066.0434933931047,3110.3414386342993,1
2018,tin,scrap,EU27,EU27,1066.0434933931049,4.362442588761199e-13,4768.619309812134,1066.0434933931047,9.094947017729282e-13,1
2018,tin,scrap,EU27,RoW,0.0,0.0,617.1911411723378,1066.0434933931047,0.0,1
2018,tin,scrap,RoW,China,1251.6003498165344,1251.6003498165344,4284.621505743277,1107.495578259215,3110.3414386342993,1
2018,tin,scrap,RoW,EU27,1107.4955782592183,4.532072009637177e-13,2198.125811679795,1107.495578259215,9.094947017729282e-13,1
2018,tin,scrap,RoW,RoW,0.0,0.0,92090.83810431772,1107.495578259215,0.0,1
2018,zinc,concentrates,China,China,0.0,0.0,0.0,0.0,554590.1763175796,0
2018,zinc,concentrates,China,EU27,102.49479059375109,102.49479059375109,102.49479059375109,0.0,115789.9608714208,0
2018,zinc,concentrates,China,RoW,5815.9171094062485,5815.9171094062485,5815.9171094062485,0.0,64715.414810998365,0
2018,zinc,concentrates,EU27,China,73289.60804213461,73289.60804213461,73289.60804213461,0.0,554590.1763175796,0
2018,zinc,concentrates,EU27,EU27,1575229.9969754645,1575229.9969754645,1575229.9969754645,0.0,115789.9608714208,0
2018,zinc,concentrates,EU27,RoW,386203.722182401,386203.722182401,386203.722182401,0.0,64715.414810998365,0
2018,zinc,concentrates,RoW,China,2483224.914140286,2483224.914140286,2483224.914140286,0.0,554590.1763175796,0
2018,zinc,concentrates,RoW,EU27,2134817.610362521,2134817.610362521,2134817.610362521,0.0,115789.9608714208,0
2018,zinc,concentrates,RoW,RoW,5225856.952097194,5225856.952097194,5225856.952097194,0.0,64715.414810998365,0
2018,zinc,concentrates,China,China,0.0,0.0,0.0,0.0,554590.1763175796,1
2018,zinc,concentrates,China,EU27,0.0,0.0,102.49479059375109,0.0,115789.9608714208,1
2018,zinc,concentrates,China,RoW,0.0,0.0,5815.9171094062485,0.0,64715.414810998365,1
2018,zinc,concentrates,EU27,China,0.0,0.0,73289.60804213461,0.0,554590.1763175796,1
2018,zinc,concentrates,EU27,EU27,0.0,0.0,1575229.9969754645,0.0,115789.9608714208,1
2018,zinc,concentrates,EU27,RoW,0.0,0.0,386203.722182401,0.0,64715.414810998365,1
2018,zinc,concentrates,RoW,China,0.0,0.0,2483224.914140286,0.0,554590.1763175796,1
2018,zinc,concentrates,RoW,EU27,0.0,0.0,2134817.610362521,0.0,115789.9608714208,1
2018,zinc,concentrates,RoW,RoW,0.0,0.0,5225856.952097194,0.0,64715.414810998365,1
2018,zinc,refined_metal,China,China,0.0,0.0,0.0,36.403938987154106,62114.16097448906,0
2018,zinc,refined_metal,China,EU27,730.6018517615728,706.2480619837002,706.2480619837002,36.403938987154106,2.3283064365386963e-10,0
2018,zinc,refined_metal,China,RoW,26294.48224823843,26282.432099029145,26282.432099029145,36.403938987154106,0.0,0
2018,zinc,refined_metal,EU27,China,72958.68346922155,72958.68346922155,72958.68346922155,45267.11494735931,62114.16097448906,0
2018,zinc,refined_metal,EU27,EU27,1353171.085132036,1308064.6512223172,1308064.6512223172,45267.11494735931,2.3283064365386963e-10,0
2018,zinc,refined_metal,EU27,RoW,350620.11419874267,350459.433161102,350459.433161102,45267.11494735931,0.0,0
2018,zinc,refined_metal,RoW,China,565298.2150562893,565298.2150562893,565298.2150562893,16810.642088143155,62114.16097448906,0
2018,zinc,refined_metal,RoW,EU27,463758.225794878,448299.36771569884,448299.36771569884,16810.642088143155,2.3283064365386963e-10,0
2018,zinc,refined_metal,RoW,RoW,2949711.245048832,2948359.4610398686,2948359.4610398686,16810.642088143155,0.0,0
2018,zinc,refined_metal,China,China,0.0,0.0,0.0,36.403938987154106,50563.66402635933,1
2018,zinc,refined_metal,China,EU27,36.403938987154106,1.6762931858531048e-13,706.2480619837003,36.403938987154106,0.0,1
2018,zinc,refined_metal,China,RoW,0.0,0.0,26282.432099029145,36.403938987154106,0.0,1
2018,zinc,refined_metal,EU27,China,2315.7984523725786,2315.7984523725786,75274.48192159412,42951.316494986415,50563.66402635933,1
2018,zinc,refined_metal,EU27,EU27,42951.316494986735,1.9777804591248404e-10,1308064.6512223175,42951.316494986415,0.0,1
2018,zinc,refined_metal,EU27,RoW,0.0,0.0,350459.433161102,42951.316494986415,0.0,1
2018,zinc,refined_metal,RoW,China,9234.698495757128,9234.698495757128,574532.9135520465,7575.943592385855,50563.66402635933,1
2018,zinc,refined_metal,RoW,EU27,7575.943592386027,3.488496842280028e-11,448299.3677156989,7575.943592385855,0.0,1
2018,zinc,refined_metal,RoW,RoW,0.0,0.0,2948359.4610398686,7575.943592385855,0.0,1
2018,zinc,scrap,China,China,0.0,0.0,0.0,0.16020789290564608,0.0,0
2018,zinc,scrap,China,EU27,34.55955460039469,34.399346707489045,34.399346707489045,0.16020789290564608,5.820766091346741e-11,0
2018,zinc,scrap,China,RoW,709.6354453996054,709.6354453996054,709.6354453996054,0.16020789290564608,9359.316303832224,0
2018,zinc,scrap,EU27,China,31244.554370860053,27372.345202401666,27372.345202401666,5697.692494275747,0.0,0
2018,zinc,scrap,EU27,EU27,393787.65631634835,391962.17299053096,391962.17299053096,5697.692494275747,5.820766091346741e-11,0
2018,zinc,scrap,EU27,RoW,95108.71531279165,95108.71531279165,95108.71531279165,5697.692494275747,9359.316303832224,0
2018,zinc,scrap,RoW,China,26615.603482920877,23317.070797598335,23317.070797598335,3661.4636016635923,0.0,0
2018,zinc,scrap,RoW,EU27,78290.34257910258,77927.41166276154,77927.41166276154,3661.4636016635923,5.820766091346741e-11,0
2018,zinc,scrap,RoW,RoW,277072.7164379765,277072.7164379765,277072.7164379765,3661.4636016635923,9359.316303832224,0
2018,zinc,scrap,China,China,0.0,0.0,0.0,0.007439869150289269,0.0,1
2018,zinc,scrap,China,EU27,0.007439869150272255,8.025607978601941e-17,34.399346707489045,0.007439869150289269,0.0,1
2018,zinc,scrap,China,RoW,0.15276802375537382,0.15276802375537382,709.7882134233607,0.007439869150289269,5395.944854199712,1
2018,zinc,scrap,EU27,China,0.0,0.0,27372.345202401666,4589.2772046056925,0.0,1
2018,zinc,scrap,EU27,EU27,4589.277204605795,4.950589722126022e-11,391962.172990531,4589.2772046056925,0.0,1
2018,zinc,scrap,EU27,RoW,1108.4152896699522,1108.4152896699522,96217.1306024616,4589.2772046056925,5395.944854199712,1
2018,zinc,scrap,RoW,China,0.0,0.0,23317.070797598335,806.660209724796,0.0,1
2018,zinc,scrap,RoW,EU27,806.6602097247829,8.701683436127401e-12,77927.41166276156,806.660209724796,0.0,1
2018,zinc,scrap,RoW,RoW,2854.8033919388095,2854.8033919388095,279927.5198299153,806.660209724796,5395.944854199712,1
2019,nickel,concentrates,China,China,0.0,0.0,0.0,0.0,14825926.285592958,0
2019,nickel,concentrates,China,EU27,7.833654350557693,7.833654350557693,7.833654350557693,0.0,341747.84631539125,0
2019,nickel,concentrates,China,RoW,2186.6874956494426,2186.6874956494426,2186.6874956494426,0.0,372751.89869165234,0
2019,nickel,concentrates,EU27,China,8901.633082173912,8901.633082173912,8901.633082173912,0.0,14825926.285592958,0
2019,nickel,concentrates,EU27,EU27,2574.0947789706775,2574.0947789706775,2574.0947789706775,0.0,341747.84631539125,0
2019,nickel,concentrates,EU27,RoW,8840.596988855406,8840.596988855406,8840.596988855406,0.0,372751.89869165234,0
2019,nickel,concentrates,RoW,China,45878990.07522487,45878990.07522487,45878990.07522487,0.0,14825926.285592958,0
2019,nickel,concentrates,RoW,EU27,617254.9452512877,617254.9452512877,617254.9452512877,0.0,341747.84631539125,0
2019,nickel,concentrates,RoW,RoW,9787797.196723843,9787797.196723843,9787797.196723843,0.0,372751.89869165234,0
2019,nickel,concentrates,China,China,0.0,0.0,0.0,0.0,14825926.285592958,1
2019,nickel,concentrates,China,EU27,0.0,0.0,7.833654350557693,0.0,341747.84631539125,1
2019,nickel,concentrates,China,RoW,0.0,0.0,2186.6874956494426,0.0,372751.89869165234,1
2019,nickel,concentrates,EU27,China,0.0,0.0,8901.633082173912,0.0,14825926.285592958,1
2019,nickel,concentrates,EU27,EU27,0.0,0.0,2574.0947789706775,0.0,341747.84631539125,1
2019,nickel,concentrates,EU27,RoW,0.0,0.0,8840.596988855406,0.0,372751.89869165234,1
2019,nickel,concentrates,RoW,China,0.0,0.0,45878990.07522487,0.0,14825926.285592958,1
2019,nickel,concentrates,RoW,EU27,0.0,0.0,617254.9452512877,0.0,341747.84631539125,1
2019,nickel,concentrates,RoW,RoW,0.0,0.0,9787797.196723843,0.0,372751.89869165234,1
2019,nickel,refined_metal,China,China,0.0,0.0,0.0,158.54175424113964,13500.736604104983,0
2019,nickel,refined_metal,China,EU27,2494.8416226368995,2336.299868395761,2336.299868395761,158.54175424113964,0.0,0
2019,nickel,refined_metal,China,RoW,10673.638227363099,10673.638227363099,10673.638227363099,158.54175424113964,13948.498679960147,0
2019,nickel,refined_metal,EU27,China,20439.83199361615,20439.83199361615,20439.83199361615,6572.08192383073,13500.736604104983,0
2019,nickel,refined_metal,EU27,EU27,103419.46580213845,96847.38387830774,96847.38387830774,6572.08192383073,0.0,0
2019,nickel,refined_metal,EU27,RoW,61907.45835424541,61907.45835424541,61907.45835424541,6572.08192383073,13948.498679960147,0
2019,nickel,refined_metal,RoW,China,414199.4215022789,414199.4215022789,414199.4215022789,20718.61160599324,13500.736604104983,0
2019,nickel,refined_metal,RoW,EU27,326031.80685928976,305313.1952532965,305313.1952532965,20718.61160599324,0.0,0
2019,nickel,refined_metal,RoW,RoW,700590.7638384313,700590.7638384313,700590.7638384313,20718.61160599324,13948.498679960147,0
2019,nickel,refined_metal,China,China,0.0,0.0,0.0,36.498482883223915,4171.463405173505,1
2019,nickel,refined_metal,China,EU27,0.0,0.0,2336.299868395761,36.498482883223915,0.0,1
2019,nickel,refined_metal,China,RoW,158.54175424113964,122.04327135791502,10795.681498721015,36.498482883223915,0.0,1
2019,nickel,refined_metal,EU27,China,1631.289260447052,1631.289260447052,22071.1212540632,1137.438129893475,4171.463405173505,1
2019,nickel,refined_metal,EU27,EU27,0.0,0.0,96847.38387830774,1137.438129893475,0.0,1
2019,nickel,refined_metal,EU27,RoW,4940.792663383678,3803.354533490214,65710.81288773562,1137.438129893475,0.0,1
2019,nickel,refined_metal,RoW,China,7697.98393848437,7697.98393848437,421897.4054407633,2997.5267923967913,4171.463405173505,1
2019,nickel,refined_metal,RoW,EU27,0.0,0.0,305313.1952532965,2997.5267923967913,0.0,1
2019,nickel,refined_metal,RoW,RoW,13020.62766750887,10023.100875112017,710613.8647135433,2997.5267923967913,0.0,1
2019,nickel,scrap,China,China,0.0,0.0,0.0,2.4424703029026205,504.35334138725466,0
2019,nickel,scrap,China,EU27,108.78420334953043,106.34173304662762,106.34173304662762,2.4424703029026205,0.0,0
2019,nickel,scrap,China,RoW,4329.06879665047,4329.06879665047,4329.06879665047,2.4424703029026205,22166.96863217125,0
2019,nickel,scrap,EU27,China,0.13420575611567553,0.13420575611567553,0.13420575611567553,533.5365904884166,504.35334138725466,0
2019,nickel,scrap,EU27,EU27,23762.97180978116,23229.435219292744,23229.435219292744,533.5365904884166,0.0,0
2019,nickel,scrap,EU27,RoW,15181.652984462726,15181.652984462726,15181.652984462726,533.5365904884166,22166.96863217125,0
2019,nickel,scrap,RoW,China,2104.62645285663,2104.62645285663,2104.62645285663,365.9589127671934,504.35334138725466,0
2019,nickel,scrap,RoW,EU27,16299.296960427819,15933.33804766063,15933.33804766063,365.9589127671934,0.0,0
2019,nickel,scrap,RoW,RoW,90349.31958671556,90349.31958671556,90349.31958671556,365.9589127671934,22166.96863217125,0
2019,nickel,scrap,China,China,0.0,0.0,0.0,0.0,496.0179171776772,1
2019,nickel,scrap,China,EU27,0.0,0.0,106.34173304662762,0.0,0.0,1
2019,nickel,scrap,China,RoW,2.4424703029026205,2.4424703029026205,4331.511266953373,0.0,21273.366082822322,1
2019,nickel,scrap,EU27,China,0.004716419789365084,0.004716419789365084,0.1389221759050406,0.0,496.0179171776772,1
2019,nickel,scrap,EU27,EU27,0.0,0.0,23229.435219292744,0.0,0.0,1
2019,nickel,scrap,EU27,RoW,533.5318740686272,533.5318740686272,15715.184858531353,0.0,21273.366082822322,1
2019,nickel,scrap,RoW,China,8.330707789787821,8.330707789787821,2112.957160646418,0.0,496.0179171776772,1
2019,nickel,scrap,RoW,EU27,0.0,0.0,15933.33804766063,0.0,0.0,1
2019,nickel,scrap,RoW,RoW,357.6282049774056,357.6282049774056,90706.94779169296,0.0,21273.366082822322,1
2019,tin,concentrates,China,China,0.0,0.0,0.0,0.003013275364992296,5526.094632865534,0
2019,tin,concentrates,China,EU27,0.056015240246894735,0.05300196488210353,0.05300196488210353,0.003013275364992296,0.0,0
2019,tin,concentrates,China,RoW,1509.695984759753,1509.695984759753,1509.695984759753,0.003013275364992296,6170.559257939909,0
2019,tin,concentrates,EU27,China,33.535882648142255,33.535882648142255,33.535882648142255,28.902052703682557,5526.094632865534,0
2019,tin,concentrates,EU27,EU27,537.2743044800917,508.37225177640914,508.37225177640914,28.902052703682557,0.0,0
2019,tin,concentrates,EU27,RoW,689.9178128717662,689.9178128717662,689.9178128717662,28.902052703682557,6170.559257939909,0
2019,tin,concentrates,RoW,China,6756.931484486324,6756.931484486324,6756.931484486324,56.01782482639828,5526.094632865534,0
2019,tin,concentrates,RoW,EU27,1041.3425710851056,985.3247462587087,985.3247462587087,56.01782482639828,0.0,0
2019,tin,concentrates,RoW,RoW,55338.07594442857,55338.07594442857,55338.07594442857,56.01782482639828,6170.559257939909,0
2019,tin,concentrates,China,China,0.0,0.0,0.0,0.0,5518.659234088807,1
2019,tin,concentrates,China,EU27,0.0,0.0,0.05300196488210353,0.0,0.0,1
2019,tin,concentrates,China,RoW,0.003013275364992296,0.003013275364992296,1509.698998035118,0.0,6093.071765911191,1
2019,tin,concentrates,EU27,China,1.3397621074622712,1.3397621074622712,34.875644755604526,0.0,5518.659234088807,1
2019,tin,concentrates,EU27,EU27,0.0,0.0,508.37225177640914,0.0,0.0,1
2019,tin,concentrates,EU27,RoW,27.562290596220283,27.562290596220283,717.4801034679864,0.0,6093.071765911191,1
2019,tin,concentrates,RoW,China,6.095636669264258,6.095636669264258,6763.027121155588,0.0,5518.659234088807,1
2019,tin,concentrates,RoW,EU27,0.0,0.0,985.3247462587087,0.0,0.0,1
2019,tin,concentrates,RoW,RoW,49.92218815713402,49.92218815713402,55387.99813258571,0.0,6093.071765911191,1
2019,tin,refined_metal,China,China,0.0,0.0,0.0,33.76562940529948,243.13179875481637,0
2019,tin,refined_metal,China,EU27,2641.2676739795775,2607.5020445742766,2607.5020445742766,33.76562940529948,0.0,0
2019,tin,refined_metal,China,RoW,13475.310326020423,13475.310326020423,13475.310326020423,33.76562940529948,1063.2775205435173,0
2019,tin,refined_metal,EU27,China,152.4762764250115,152.4762764250115,152.4762764250115,426.13437302303646,243.13179875481637,0
2019,tin,refined_metal,EU27,EU27,33333.74689176096,32907.61251873792,32907.61251873792,426.13437302303646,0.0,0
2019,tin,refined_metal,EU27,RoW,7394.965831814028,7394.965831814028,7394.965831814028,426.13437302303646,1063.2775205435173,0
2019,tin,refined_metal,RoW,China,4871.485924820172,4871.485924820172,4871.485924820172,659.6273168700282,243.13179875481637,0
2019,tin,refined_metal,RoW,EU27,51598.39575355782,50938.7684366878,50938.7684366878,659.6273168700282,0.0,0
2019,tin,refined_metal,RoW,RoW,158445.502321622,158445.502321622,158445.502321622,659.6273168700282,1063.2775205435173,0
2019,tin,refined_metal,China,China,0.0,0.0,0.0,0.8653105350149417,214.8472377776261,1
2019,tin,refined_metal,China,EU27,0.0,0.0,2607.5020445742766,0.8653105350149417,0.0,1
2019,tin,refined_metal,China,RoW,33.76562940529948,32.90031887028695,13508.210644890709,0.8653105350149417,0.0,1
2019,tin,refined_metal,EU27,China,8.608927570882615,8.608927570882615,161.08520399589412,10.699909136863425,214.8472377776261,1
2019,tin,refined_metal,EU27,EU27,0.0,0.0,32907.61251873792,10.699909136863425,0.0,1
2019,tin,refined_metal,EU27,RoW,417.52544545215386,406.8255363152952,7801.791368129323,10.699909136863425,0.0,1
2019,tin,refined_metal,RoW,China,19.675633406307565,19.675633406307565,4891.161558226479,16.40001810580725,214.8472377776261,1
2019,tin,refined_metal,RoW,EU27,0.0,0.0,50938.7684366878,16.40001810580725,0.0,1
2019,tin,refined_metal,RoW,RoW,639.9516834637207,623.551665357935,159069.05398697994,16.40001810580725,0.0,1
2019,tin,scrap,China,China,0.0,0.0,0.0,0.0,0.0,0
2019,tin,scrap,China,EU27,0.7617651943940805,0.7617651943940805,0.7617651943940805,0.0,285.7370753689329,0
2019,tin,scrap,China,RoW,618.4772348056059,618.4772348056059,618.4772348056059,0.0,858.9370562127442,0
2019,tin,scrap,EU27,China,0.913407114021698,0.35765395580072906,0.35765395580072906,0.5557531582217052,0.0,0
2019,tin,scrap,EU27,EU27,6236.664291729511,6236.664291729511,6236.664291729511,0.5557531582217052,285.7370753689329,0
2019,tin,scrap,EU27,RoW,659.459301156466,659.459301156466,659.459301156466,0.5557531582217052,858.9370562127442,0
2019,tin,scrap,RoW,China,1880.4137244676565,736.2953460441993,736.2953460441993,1144.11837842346,0.0,0
2019,tin,scrap,RoW,EU27,1228.7768677071613,1228.7768677071613,1228.7768677071613,1144.11837842346,285.7370753689329,0
2019,tin,scrap,RoW,RoW,59853.19340782518,59853.19340782518,59853.19340782518,1144.11837842346,858.9370562127442,0
2019,tin,scrap,China,China,0.0,0.0,0.0,0.0,0.0,1
2019,tin,scrap,China,EU27,0.0,0.0,0.7617651943940805,0.0,262.218409078102,1
2019,tin,scrap,China,RoW,0.0,0.0,618.4772348056059,0.0,0.0,1
2019,tin,scrap,EU27,China,0.0,0.0,0.35765395580072906,0.012429745623194322,0.0,1
2019,tin,scrap,EU27,EU27,0.5026078535588854,0.5026078535588854,6237.1668995830705,0.012429745623194322,262.218409078102,1
2019,tin,scrap,EU27,RoW,0.053145304662819776,0.04071555903870094,659.5000167155048,0.012429745623194322,0.0,1
2019,tin,scrap,RoW,China,0.0,0.0,736.2953460441993,262.20597933248064,0.0,1
2019,tin,scrap,RoW,EU27,23.0160584372722,23.0160584372722,1251.7929261444335,262.20597933248064,262.218409078102,1
2019,tin,scrap,RoW,RoW,1121.1023199861877,858.8963406537055,60712.08974847889,262.20597933248064,0.0,1
2019,zinc,concentrates,China,China,0.0,0.0,0.0,517.8257551322386,352637.42043785006,0
2019,zinc,concentrates,China,EU27,160.4208238022902,157.50598794453657,157.50598794453657,517.8257551322386,0.0,0
2019,zinc,concentrates,China,RoW,24177.697276197716,23662.78635692323,23662.78635692323,517.8257551322386,0.0,0
2019,zinc,concentrates,EU27,China,134066.82926025445,134066.82926025445,134066.82926025445,35803.9899195584,352637.42043785006,0
2019,zinc,concentrates,EU27,EU27,1494777.232184126,1467617.227812787,1467617.227812787,35803.9899195584,0.0,0
2019,zinc,concentrates,EU27,RoW,405879.26575561945,397235.2802073999,397235.2802073999,35803.9899195584,0.0,0
2019,zinc,concentrates,RoW,China,2848030.7330018957,2848030.7330018957,2848030.7330018957,150285.48806316033,352637.42043785006,0
2019,zinc,concentrates,RoW,EU27,2179769.2577954517,2140162.9931992684,2140162.9931992684,150285.48806316033,0.0,0
2019,zinc,concentrates,RoW,RoW,5196954.773302654,5086275.549835676,5086275.549835676,150285.48806316033,0.0,0
2019,zinc,concentrates,China,China,0.0,0.0,0.0,517.8257551322386,166547.9424551311,1
2019,zinc,concentrates,China,EU27,0.0,0.0,157.50598794453657,517.8257551322386,0.0,1
2019,zinc,concentrates,China,RoW,0.0,0.0,23662.78635692323,517.8257551322386,0.0,1
2019,zinc,concentrates,EU27,China,35803.9899195584,35803.9899195584,169870.81917981285,0.0,166547.9424551311,1
2019,zinc,concentrates,EU27,EU27,0.0,0.0,1467617.227812787,0.0,0.0,1
2019,zinc,concentrates,EU27,RoW,0.0,0.0,397235.2802073999,0.0,0.0,1
2019,zinc,concentrates,RoW,China,150285.48806316033,150285.48806316033,2998316.221065056,0.0,166547.9424551311,1
2019,zinc,concentrates,RoW,EU27,0.0,0.0,2140162.9931992684,0.0,0.0,1
2019,zinc,concentrates,RoW,RoW,0.0,0.0,5086275.549835676,0.0,0.0,1
2019,zinc,refined_metal,China,China,0.0,0.0,0.0,5.0973846045235405,46657.1925509522,0
2019,zinc,refined_metal,China,EU27,627.1890955005415,622.0917108960228,622.0917108960228,5.0973846045235405,0.0,0
2019,zinc,refined_metal,China,RoW,47856.31000449946,47856.31000449946,47856.31000449946,5.0973846045235405,30976.905578556936,0
2019,zinc,refined_metal,EU27,China,78819.65794721787,78819.65794721787,78819.65794721787,11467.9188333801,46657.1925509522,0
2019,zinc,refined_metal,EU27,EU27,1411028.2426021725,1399560.3237687924,1399560.3237687924,11467.9188333801,0.0,0
2019,zinc,refined_metal,EU27,RoW,419932.33805060945,419932.33805060945,419932.33805060945,11467.9188333801,30976.905578556936,0
2019,zinc,refined_metal,RoW,China,651545.23480183,651545.23480183,651545.23480183,3296.770611524582,46657.1925509522,0
2019,zinc,refined_metal,RoW,EU27,405639.11463183624,402342.3440203116,402342.3440203116,3296.770611524582,0.0,0
2019,zinc,refined_metal,RoW,RoW,2872265.985966334,2872265.985966334,2872265.985966334,3296.770611524582,30976.905578556936,0
2019,zinc,refined_metal,China,China,0.0,0.0,0.0,0.0,44235.30820319173,1
2019,zinc,refined_metal,China,EU27,0.0,0.0,622.0917108960228,0.0,0.0,1
2019,zinc,refined_metal,China,RoW,5.0973846045235405,5.0973846045235405,47861.40738910398,0.0,18629.003096808214,1
2019,zinc,refined_metal,EU27,China,1812.318440962018,1812.318440962018,80631.97638817989,0.0,44235.30820319173,1
2019,zinc,refined_metal,EU27,EU27,0.0,0.0,1399560.3237687924,0.0,0.0,1
2019,zinc,refined_metal,EU27,RoW,9655.60039241808,9655.60039241808,429587.93844302755,0.0,18629.003096808214,1
2019,zinc,refined_metal,RoW,China,609.565906798296,609.565906798296,652154.8007086284,0.0,44235.30820319173,1
2019,zinc,refined_metal,RoW,EU27,0.0,0.0,402342.3440203116,0.0,0.0,1
2019,zinc,refined_metal,RoW,RoW,2687.204704726286,2687.204704726286,2874953.1906710602,0.0,18629.003096808214,1
2019,zinc,scrap,China,China,0.0,0.0,0.0,158.40565809801774,19280.84316434148,0
2019,zinc,scrap,China,EU27,139.42039762906623,139.42039762906623,139.42039762906623,158.40565809801774,27974.5170619681,0
2019,zinc,scrap,China,RoW,2424.850102370934,2266.444444272916,2266.444444272916,158.40565809801774,0.0,0
2019,zinc,scrap,EU27,China,27902.903897625805,27902.903897625805,27902.903897625805,7624.376534318202,19280.84316434148,0
2019,zinc,scrap,EU27,EU27,444270.7074103887,444270.7074103887,444270.7074103887,7624.376534318202,27974.5170619681,0
2019,zinc,scrap,EU27,RoW,116712.81469198546,109088.43815766729,109088.43815766729,7624.376534318202,0.0,0
2019,zinc,scrap,RoW,China,37779.95193803272,37779.95193803272,37779.95193803272,17954.433533893432,19280.84316434148,0
2019,zinc,scrap,RoW,EU27,74133.09963001414,74133.09963001414,74133.09963001414,17954.433533893432,27974.5170619681,0
2019,zinc,scrap,RoW,RoW,274843.78093195317,256889.34739805976,256889.34739805976,17954.433533893432,0.0,0
2019,zinc,scrap,China,China,0.0,0.0,0.0,4.547473508864641e-13,12769.17093316633,1
2019,zinc,scrap,China,EU27,158.40565809801774,158.40565809801774,297.82605572708394,4.547473508864641e-13,8748.97356683365,1
2019,zinc,scrap,China,RoW,0.0,0.0,2266.444444272916,4.547473508864641e-13,0.0,1
2019,zinc,scrap,EU27,China,450.5593718527723,450.5593718527723,28353.463269478576,0.0,12769.17093316633,1
2019,zinc,scrap,EU27,EU27,7173.817162465431,7173.817162465431,451444.5245728541,0.0,8748.97356683365,1
2019,zinc,scrap,EU27,RoW,0.0,0.0,109088.43815766729,0.0,0.0,1
2019,zinc,scrap,RoW,China,6061.112859322375,6061.112859322375,43841.064797355095,0.0,12769.17093316633,1
2019,zinc,scrap,RoW,EU27,11893.32067457106,11893.32067457106,86026.4203045852,0.0,8748.97356683365,1
2019,zinc,scrap,RoW,RoW,0.0,0.0,256889.34739805976,0.0,0.0,1
2020,nickel,concentrates,China,China,0.0,0.0,0.0,0.0,7.450580596923828e-09,0
2020,nickel,concentrates,China,EU27,3.255701242195286,3.255701242195286,3.255701242195286,0.0,262075.8130966489,0
2020,nickel,concentrates,China,RoW,1395.4948487578047,1395.4948487578047,1395.4948487578047,0.0,427709.9443942178,0
2020,nickel,concentrates,EU27,China,41925.602677602736,41251.55699657071,41251.55699657071,674.045681032032,7.450580596923828e-09,0
2020,nickel,concentrates,EU27,EU27,11217.935181102142,11217.935181102142,11217.935181102142,674.045681032032,262075.8130966489,0
2020,nickel,concentrates,EU27,RoW,38762.09504129512,38762.09504129512,38762.09504129512,674.045681032032,427709.9443942178,0
2020,nickel,concentrates,RoW,China,42862708.92736326,42173597.21555342,42173597.21555342,689111.7118098438,7.450580596923828e-09,0
2020,nickel,concentrates,RoW,EU27,663512.2760210067,663512.2760210067,663512.2760210067,689111.7118098438,262075.8130966489,0
2020,nickel,concentrates,RoW,RoW,8303683.378765729,8303683.378765729,8303683.378765729,689111.7118098438,427709.9443942178,0
2020,nickel,concentrates,China,China,0.0,0.0,0.0,0.0,0.0,1
2020,nickel,concentrates,China,EU27,0.0,0.0,3.255701242195286,0.0,253171.71973169048,1
2020,nickel,concentrates,China,RoW,0.0,0.0,1395.4948487578047,0.0,317022.8807191886,1
2020,nickel,concentrates,EU27,China,307.48682662630483,4.017848261733849e-12,41251.55699657072,307.4868266262929,0.0,1
2020,nickel,concentrates,EU27,EU27,82.27352905720738,82.27352905720738,11300.20871015935,307.4868266262929,253171.71973169048,1
2020,nickel,concentrates,EU27,RoW,284.28532534851973,284.28532534851973,39046.38036664364,307.4868266262929,317022.8807191886,1
2020,nickel,concentrates,RoW,China,569887.1136242619,7.446562748662093e-09,42173597.215553425,569887.1136242598,0.0,1
2020,nickel,concentrates,RoW,EU27,8821.81983590128,8821.81983590128,672334.095856908,569887.1136242598,253171.71973169048,1
2020,nickel,concentrates,RoW,RoW,110402.77834968056,110402.77834968056,8414086.15711541,569887.1136242598,317022.8807191886,1
2020,nickel,refined_metal,China,China,0.0,0.0,0.0,281.8775333869362,43285.355316469155,0
2020,nickel,refined_metal,China,EU27,3083.7450266617298,2966.3086966489614,2966.3086966489614,281.8775333869362,0.0,0
2020,nickel,refined_metal,China,RoW,11573.89842333827,11409.457219964102,11409.457219964102,281.8775333869362,1.1641532182693481e-10,0
2020,nickel,refined_metal,EU27,China,22034.80596330356,22034.80596330356,22034.80596330356,5190.245904830226,43285.355316469155,0
2020,nickel,refined_metal,EU27,EU27,110148.94711777323,105954.2137684065,105954.2137684065,5190.245904830226,0.0,0
2020,nickel,refined_metal,EU27,RoW,70067.36121892322,69071.84866345974,69071.84866345974,5190.245904830226,1.1641532182693481e-10,0
2020,nickel,refined_metal,RoW,China,349569.20117022726,349569.20117022726,349569.20117022726,19650.738078251947,43285.355316469155,0
2020,nickel,refined_metal,RoW,EU27,286205.3173394951,275305.93953494454,275305.93953494454,19650.738078251947,0.0,0
2020,nickel,refined_metal,RoW,RoW,615948.7573402775,607197.397066576,607197.397066576,19650.738078251947,1.1641532182693481e-10,0
2020,nickel,refined_metal,China,China,0.0,0.0,0.0,281.8775333869344,34929.00549659337,1
2020,nickel,refined_metal,China,EU27,0.0,0.0,2966.3086966489614,281.8775333869344,0.0,1
2020,nickel,refined_metal,China,RoW,281.8775333869362,1.957167021908921e-12,11409.457219964104,281.8775333869344,0.0,1
2020,nickel,refined_metal,EU27,China,1241.7304056319153,1241.7304056319153,23276.536368935474,3948.5154991982854,34929.00549659337,1
2020,nickel,refined_metal,EU27,EU27,0.0,0.0,105954.2137684065,3948.5154991982854,0.0,1
2020,nickel,refined_metal,EU27,RoW,3948.5154991983113,2.7415822139748193e-11,69071.84866345976,3948.5154991982854,0.0,1
2020,nickel,refined_metal,RoW,China,7114.6194142438235,7114.6194142438235,356683.8205844711,12536.1186640081,34929.00549659337,1
2020,nickel,refined_metal,RoW,EU27,0.0,0.0,275305.93953494454,12536.1186640081,0.0,1
2020,nickel,refined_metal,RoW,RoW,12536.118664008123,8.70423326652777e-11,607197.3970665762,12536.1186640081,0.0,1
2020,nickel,scrap,China,China,0.0,0.0,0.0,0.7480079231427226,592.1203676777627,0
2020,nickel,scrap,China,EU27,20.822063380285933,20.07405545714356,20.07405545714356,0.7480079231427226,0.0,0
2020,nickel,scrap,China,RoW,1427.4269366197138,1427.4269366197138,1427.4269366197138,0.7480079231427226,17180.21201702545,0
2020,nickel,scrap,EU27,China,0.12762530994822,0.12762530994822,0.12762530994822,827.7793429539888,592.1203676777627,0
2020,nickel,scrap,EU27,EU27,23042.635526467384,22214.85618351339,22214.85618351339,827.7793429539888,0.0,0
2020,nickel,scrap,EU27,RoW,14337.68084822267,14337.68084822267,14337.68084822267,827.7793429539888,17180.21201702545,0
2020,nickel,scrap,RoW,China,2245.845007012289,2245.845007012289,2245.845007012289,683.6750338260754,592.1203676777627,0
2020,nickel,scrap,RoW,EU27,19031.248794855543,18347.573761029467,18347.573761029467,683.6750338260754,0.0,0
2020,nickel,scrap,RoW,RoW,108735.63519813218,108735.63519813218,108735.63519813218,683.6750338260754,17180.21201702545,0
2020,nickel,scrap,China,China,0.0,0.0,0.0,0.0,578.2780049193716,1
2020,nickel,scrap,China,EU27,0.0,0.0,20.07405545714356,0.0,0.0,1
2020,nickel,scrap,China,RoW,0.7480079231427226,0.7480079231427226,1428.1749445428566,0.0,15681.851995080637,1
2020,nickel,scrap,EU27,China,0.007368322390988617,0.007368322390988617,0.1349936323392086,7.275957614183426e-12,578.2780049193716,1
2020,nickel,scrap,EU27,EU27,0.0,0.0,22214.85618351339,7.275957614183426e-12,0.0,1
2020,nickel,scrap,EU27,RoW,827.7719746315977,827.7719746315977,15165.452822854268,7.275957614183426e-12,15681.851995080637,1
2020,nickel,scrap,RoW,China,13.834994436000283,13.834994436000283,2259.680001448289,0.0,578.2780049193716,1
2020,nickel,scrap,RoW,EU27,0.0,0.0,18347.573761029467,0.0,0.0,1
2020,nickel,scrap,RoW,RoW,669.840039390075,669.840039390075,109405.47523752226,0.0,15681.851995080637,1
2020,tin,concentrates,China,China,0.0,0.0,0.0,0.18749995711833423,4089.582347527288,0
2020,tin,concentrates,China,EU27,0.003686918999500138,0.002845488873180872,0.002845488873180872,0.18749995711833423,0.0,0
2020,tin,concentrates,China,RoW,3.2723130810005,3.085654554008485,3.085654554008485,0.18749995711833423,0.0,0
2020,tin,concentrates,EU27,China,3.983273120173049,3.983273120173049,3.983273120173049,102.82331816617273,4089.582347527288,0
2020,tin,concentrates,EU27,EU27,300.55941490704794,231.9656252181588,231.9656252181588,102.82331816617273,0.0,0
2020,tin,concentrates,EU27,RoW,600.0783119727789,565.8487834954955,565.8487834954955,102.82331816617273,0.0,0
2020,tin,concentrates,RoW,China,11700.640379352539,11700.640379352539,11700.640379352539,3771.905529404001,4089.582347527288,0
2020,tin,concentrates,RoW,EU27,1025.6419431059624,791.569529292968,791.569529292968,3771.905529404001,0.0,0
2020,tin,concentrates,RoW,RoW,62021.798677541505,58483.9655619505,58483.9655619505,3771.905529404001,0.0,0
2020,tin,concentrates,China,China,0.0,0.0,0.0,0.18749995711833423,214.85349995711476,1
2020,tin,concentrates,China,EU27,0.0,0.0,0.002845488873180872,0.18749995711833423,0.0,1
2020,tin,concentrates,China,RoW,0.0,0.0,3.085654554008485,0.18749995711833423,0.0,1
2020,tin,concentrates,EU27,China,102.82331816617273,102.82331816617273,106.80659128634578,0.0,214.85349995711476,1
2020,tin,concentrates,EU27,EU27,0.0,0.0,231.9656252181588,0.0,0.0,1
2020,tin,concentrates,EU27,RoW,0.0,0.0,565.8487834954955,0.0,0.0,1
2020,tin,concentrates,RoW,China,3771.905529404001,3771.905529404001,15472.54590875654,0.0,214.85349995711476,1
2020,tin,concentrates,RoW,EU27,0.0,0.0,791.569529292968,0.0,0.0,1
2020,tin,concentrates,RoW,RoW,0.0,0.0,58483.9655619505,0.0,0.0,1
2020,tin,refined_metal,China,China,0.0,0.0,0.0,728.1358406135441,10256.162281526946,0
2020,tin,refined_metal,China,EU27,1640.5170717500262,1599.1515360756393,1599.1515360756393,728.1358406135441,0.0,0
2020,tin,refined_metal,China,RoW,13217.489928249975,12530.719623310817,12530.719623310817,728.1358406135441,0.0,0
2020,tin,refined_metal,EU27,China,147.84892990784564,147.84892990784564,147.84892990784564,1206.019138291107,10256.162281526946,0
2020,tin,refined_metal,EU27,EU27,31409.57013835179,30617.57978576793,30617.57978576793,1206.019138291107,0.0,0
2020,tin,refined_metal,EU27,RoW,7968.342931740364,7554.314146033116,7554.314146033116,1206.019138291107,0.0,0
2020,tin,refined_metal,RoW,China,9582.421788565209,9582.421788565209,9582.421788565209,8322.007302622282,10256.162281526946,0
2020,tin,refined_metal,RoW,EU27,46282.98321405465,45115.960678156436,45115.960678156436,8322.007302622282,0.0,0
2020,tin,refined_metal,RoW,RoW,137703.88499738017,130548.90023065609,130548.90023065609,8322.007302622282,0.0,0
2020,tin,refined_metal,China,China,0.0,0.0,0.0,728.1358406135441,728.135840613555,1
2020,tin,refined_metal,China,EU27,0.0,0.0,1599.1515360756393,728.1358406135441,0.0,1
2020,tin,refined_metal,China,RoW,0.0,0.0,12530.719623310817,728.1358406135441,0.0,1
2020,tin,refined_metal,EU27,China,1206.019138291107,1206.019138291107,1353.8680681989526,0.0,728.135840613555,1
2020,tin,refined_metal,EU27,EU27,0.0,0.0,30617.57978576793,0.0,0.0,1
2020,tin,refined_metal,EU27,RoW,0.0,0.0,7554.314146033116,0.0,0.0,1
2020,tin,refined_metal,RoW,China,8322.007302622282,8322.007302622282,17904.429091187492,0.0,728.135840613555,1
2020,tin,refined_metal,RoW,EU27,0.0,0.0,45115.960678156436,0.0,0.0,1
2020,tin,refined_metal,RoW,RoW,0.0,0.0,130548.90023065609,0.0,0.0,1
2020,tin,scrap,China,China,0.0,0.0,0.0,0.0,0.0,0
2020,tin,scrap,China,EU27,0.0641972161503473,0.0641972161503473,0.0641972161503473,0.0,854.4631397948187,0
2020,tin,scrap,China,RoW,60.28880278384965,60.28880278384965,60.28880278384965,0.0,184.5860623746703,0
2020,tin,scrap,EU27,China,0.759188647213292,0.05909855122465941,0.05909855122465941,0.7000900959883438,0.0,0
2020,tin,scrap,EU27,EU27,5269.012455923981,5269.012455923981,5269.012455923981,0.7000900959883438,854.4631397948187,0
2020,tin,scrap,EU27,RoW,493.6893554288059,493.6893554288059,493.6893554288059,0.7000900959883438,184.5860623746703,0
2020,tin,scrap,RoW,China,1126.0020135222744,87.65290144877535,87.65290144877535,1038.349112073498,0.0,0
2020,tin,scrap,RoW,EU27,1012.2202070650503,1012.2202070650503,1012.2202070650503,1038.349112073498,854.4631397948187,0
2020,tin,scrap,RoW,RoW,36178.63077941267,36178.63077941267,36178.63077941267,1038.349112073498,184.5860623746703,0
2020,tin,scrap,China,China,0.0,0.0,0.0,0.0,0.0,1
2020,tin,scrap,China,EU27,0.0,0.0,0.0641972161503473,0.0,825.5623673771997,1
2020,tin,scrap,China,RoW,0.0,0.0,60.28880278384965,0.0,0.0,1
2020,tin,scrap,EU27,China,0.0,0.0,0.05909855122465941,0.049016945444236626,0.0,1
2020,tin,scrap,EU27,EU27,0.6401135364603677,0.6401135364603677,5269.652569460442,0.049016945444236626,825.5623673771997,1
2020,tin,scrap,EU27,RoW,0.059976559527976134,0.010959614084405957,493.70031504289034,0.049016945444236626,0.0,1
2020,tin,scrap,RoW,China,0.0,0.0,87.65290144877535,825.5133504317564,0.0,1
2020,tin,scrap,RoW,EU27,28.26065888115859,28.26065888115859,1040.480865946209,825.5133504317564,825.5623673771997,1
2020,tin,scrap,RoW,RoW,1010.0884531923394,184.57510276058588,36363.20588217326,825.5133504317564,0.0,1
2020,zinc,concentrates,China,China,0.0,0.0,0.0,63.30128408811879,427013.9884691136,0
2020,zinc,concentrates,China,EU27,24.069541119039044,22.601217657401815,22.601217657401815,63.30128408811879,4.656612873077393e-10,0
2020,zinc,concentrates,China,RoW,3306.9542588809613,3245.12129825448,3245.12129825448,63.30128408811879,0.0,0
2020,zinc,concentrates,EU27,China,177710.70138579878,177710.70138579878,177710.70138579878,103176.00430243788,427013.9884691136,0
2020,zinc,concentrates,EU27,EU27,1559241.5539909175,1464122.5425913364,1464122.5425913364,103176.00430243788,4.656612873077393e-10,0
2020,zinc,concentrates,EU27,RoW,430904.5972232837,422847.6043204266,422847.6043204266,103176.00430243788,0.0,0
2020,zinc,concentrates,RoW,China,3092661.5937450877,3092661.5937450877,3092661.5937450877,207747.2036825884,427013.9884691136,0
2020,zinc,concentrates,RoW,EU27,1934735.524068899,1816710.1097910057,1816710.1097910057,207747.2036825884,4.656612873077393e-10,0
2020,zinc,concentrates,RoW,RoW,4798506.339986014,4708784.550581319,4708784.550581319,207747.2036825884,0.0,0
2020,zinc,concentrates,China,China,0.0,0.0,0.0,63.30128408811879,288659.7666797545,1
2020,zinc,concentrates,China,EU27,63.30128408811879,1.7074996726880017e-13,22.601217657401985,63.30128408811879,0.0,1
2020,zinc,concentrates,China,RoW,0.0,0.0,3245.12129825448,63.30128408811879,0.0,1
2020,zinc,concentrates,EU27,China,10556.122100658296,10556.122100658296,188266.82348645708,92619.88220177963,288659.7666797545,1
2020,zinc,concentrates,EU27,EU27,92619.88220177959,2.4983445568622087e-10,1464122.5425913366,92619.88220177963,0.0,1
2020,zinc,concentrates,EU27,RoW,0.0,0.0,422847.6043204266,92619.88220177963,0.0,1
2020,zinc,concentrates,RoW,China,127798.09968870087,127798.09968870087,3220459.6934337886,79949.10399388708,288659.7666797545,1
2020,zinc,concentrates,RoW,EU27,79949.10399388755,2.1565608165424963e-10,1816710.109791006,79949.10399388708,0.0,1
2020,zinc,concentrates,RoW,RoW,0.0,0.0,4708784.550581319,79949.10399388708,0.0,1
2020,zinc,refined_metal,China,China,0.0,0.0,0.0,12.263905198626162,753.5646566036157,0
2020,zinc,refined_metal,China,EU27,291.3464011042332,279.082495905608,279.082495905608,12.263905198626162,0.0,0
2020,zinc,refined_metal,China,RoW,36530.24179889577,36530.24179889577,36530.24179889577,12.263905198626162,71256.43297190685,0
2020,zinc,refined_metal,EU27,China,34751.02060334326,34751.02060334326,34751.02060334326,56253.491079113446,753.5646566036157,0
2020,zinc,refined_metal,EU27,EU27,1336381.1860911988,1280127.6950120854,1280127.6950120854,56253.491079113446,0.0,0
2020,zinc,refined_metal,EU27,RoW,460536.70850545814,460536.70850545814,460536.70850545814,56253.491079113446,71256.43297190685,0
2020,zinc,refined_metal,RoW,China,701395.6896400532,701395.6896400532,701395.6896400532,15744.242644198705,753.5646566036157,0
2020,zinc,refined_metal,RoW,EU27,374026.7360362084,358282.49339200906,358282.49339200906,15744.242644198705,0.0,0
2020,zinc,refined_metal,RoW,RoW,2857770.206023739,2857770.206023739,2857770.206023739,15744.242644198705,71256.43297190685,0
2020,zinc,refined_metal,China,China,0.0,0.0,0.0,0.0,0.0,1
2020,zinc,refined_metal,China,EU27,0.0,0.0,279.082495905608,0.0,0.0,1
2020,zinc,refined_metal,China,RoW,12.263905198626162,12.263905198626162,36542.505704094394,0.0,6296.043305004016,1
2020,zinc,refined_metal,EU27,China,3946.930466090401,421.9053481435781,35172.92595148684,3525.0251179467887,0.0,1
2020,zinc,refined_metal,EU27,EU27,0.0,0.0,1280127.6950120854,3525.0251179467887,0.0,1
2020,zinc,refined_metal,EU27,RoW,52306.560613023044,52306.560613023044,512843.2691184812,3525.0251179467887,6296.043305004016,1
2020,zinc,refined_metal,RoW,China,3102.677495517121,331.65930846003755,701727.3489485133,2771.018187057227,0.0,1
2020,zinc,refined_metal,RoW,EU27,0.0,0.0,358282.49339200906,2771.018187057227,0.0,1
2020,zinc,refined_metal,RoW,RoW,12641.565148681582,12641.565148681582,2870411.7711724206,2771.018187057227,6296.043305004016,1
2020,zinc,scrap,China,China,0.0,0.0,0.0,187.94559154368608,77975.58203058346,0
2020,zinc,scrap,China,EU27,80.18876255976585,76.3256762008322,76.3256762008322,187.94559154368608,0.0,0
2020,zinc,scrap,China,RoW,1400.8662374402343,1216.7837322554817,1216.7837322554817,187.94559154368608,0.0,0
2020,zinc,scrap,EU27,China,25989.86029763455,25989.86029763455,25989.86029763455,36606.53545504389,77975.58203058346,0
2020,zinc,scrap,EU27,EU27,450746.3900882493,429031.7236524042,429031.7236524042,36606.53545504389,0.0,0
2020,zinc,scrap,EU27,RoW,113326.9916141162,98435.1225949173,98435.1225949173,36606.53545504389,0.0,0
2020,zinc,scrap,RoW,China,90087.11717178198,90087.11717178198,90087.11717178198,41181.10098399583,77975.58203058346,0
2020,zinc,scrap,RoW,EU27,76647.78316956053,72955.28317139497,72955.28317139497,41181.10098399583,0.0,0
2020,zinc,scrap,RoW,RoW,285287.9221586576,247799.32117282724,247799.32117282724,41181.10098399583,0.0,0
2020,zinc,scrap,China,China,0.0,0.0,0.0,187.94559154368608,187.94559154374292,1
2020,zinc,scrap,China,EU27,0.0,0.0,76.3256762008322,187.94559154368608,0.0,1
2020,zinc,scrap,China,RoW,0.0,0.0,1216.7837322554817,187.94559154368608,0.0,1
2020,zinc,scrap,EU27,China,36606.53545504389,36606.53545504389,62596.39575267844,0.0,187.94559154374292,1
2020,zinc,scrap,EU27,EU27,0.0,0.0,429031.7236524042,0.0,0.0,1
2020,zinc,scrap,EU27,RoW,0.0,0.0,98435.1225949173,0.0,0.0,1
2020,zinc,scrap,RoW,China,41181.10098399583,41181.10098399583,131268.2181557778,0.0,187.94559154374292,1
2020,zinc,scrap,RoW,EU27,0.0,0.0,72955.28317139497,0.0,0.0,1
2020,zinc,scrap,RoW,RoW,0.0,0.0,247799.32117282724,0.0,0.0,1
2021,nickel,concentrates,China,China,0.0,0.0,0.0,0.0,0.0,0
2021,nickel,concentrates,China,EU27,1.859791327904063,1.859791327904063,1.859791327904063,0.0,568164.849536991,0
2021,nickel,concentrates,China,RoW,143.07715867209595,143.07715867209595,143.07715867209595,0.0,584296.4906549621,0
2021,nickel,concentrates,EU27,China,42924.02443263649,41872.07833830485,41872.07833830485,1051.9460943316371,0.0,0
2021,nickel,concentrates,EU27,EU27,11259.736924708905,11259.736924708905,11259.736924708905,1051.9460943316371,568164.849536991,0
2021,nickel,concentrates,EU27,RoW,41590.549342654616,41590.549342654616,41590.549342654616,1051.9460943316371,584296.4906549621,0
2021,nickel,concentrates,RoW,China,45388215.31590932,44275878.8921617,44275878.8921617,1112336.423747614,0.0,0
2021,nickel,concentrates,RoW,EU27,1153716.051496972,1153716.051496972,1153716.051496972,1112336.423747614,568164.849536991,0
2021,nickel,concentrates,RoW,RoW,8874553.61034371,8874553.61034371,8874553.61034371,1112336.423747614,584296.4906549621,0
2021,nickel,concentrates,China,China,0.0,0.0,0.0,0.0,0.0,1
2021,nickel,concentrates,China,EU27,0.0,0.0,1.859791327904063,0.0,439970.4617058744,1
2021,nickel,concentrates,China,RoW,0.0,0.0,143.07715867209595,0.0,0.0,1
2021,nickel,concentrates,EU27,China,0.0,0.0,41872.07833830485,336.86228211328853,0.0,1
2021,nickel,concentrates,EU27,EU27,224.1167856921077,224.1167856921077,11483.853710401012,336.86228211328853,439970.4617058744,1
2021,nickel,concentrates,EU27,RoW,827.8293086395295,490.9670265262379,42081.516369180856,336.86228211328853,0.0,1
2021,nickel,concentrates,RoW,China,0.0,0.0,44275878.8921617,400560.62907375395,0.0,1
2021,nickel,concentrates,RoW,EU27,127970.27104542454,127970.27104542454,1281686.3225423966,400560.62907375395,439970.4617058744,1
2021,nickel,concentrates,RoW,RoW,984366.1527021894,583805.5236284359,9458359.133972146,400560.62907375395,0.0,1
2021,nickel,refined_metal,China,China,0.0,0.0,0.0,383.7909130731823,135668.74640833295,0
2021,nickel,refined_metal,China,EU27,654.6079029338838,583.5091562777123,583.5091562777123,383.7909130731823,0.0,0
2021,nickel,refined_metal,China,RoW,2605.0661470661166,2292.3739806491053,2292.3739806491053,383.7909130731823,0.0,0
2021,nickel,refined_metal,EU27,China,24056.28042485187,24056.28042485187,24056.28042485187,22134.64508525384,135668.74640833295,0
2021,nickel,refined_metal,EU27,EU27,125624.5178481922,111980.0969234506,111980.0969234506,22134.64508525384,0.0,0
2021,nickel,refined_metal,EU27,RoW,70732.80982695596,62242.585666443694,62242.585666443694,22134.64508525384,0.0,0
2021,nickel,refined_metal,RoW,China,519015.42466681515,519015.42466681515,519015.42466681515,112517.32356000599,135668.74640833295,0
2021,nickel,refined_metal,RoW,EU27,280465.5816213386,250003.4511702717,250003.4511702717,112517.32356000599,0.0,0
2021,nickel,refined_metal,RoW,RoW,683609.0849618465,601553.8918529071,601553.8918529071,112517.32356000599,0.0,0
2021,nickel,refined_metal,China,China,0.0,0.0,0.0,383.7909130731823,1016.7777630730998,1
2021,nickel,refined_metal,China,EU27,0.0,0.0,583.5091562777123,383.7909130731823,0.0,1
2021,nickel,refined_metal,China,RoW,0.0,0.0,2292.3739806491053,383.7909130731823,0.0,1
2021,nickel,refined_metal,EU27,China,22134.64508525384,22134.64508525384,46190.925510105706,0.0,1016.7777630730998,1
2021,nickel,refined_metal,EU27,EU27,0.0,0.0,111980.0969234506,0.0,0.0,1
2021,nickel,refined_metal,EU27,RoW,0.0,0.0,62242.585666443694,0.0,0.0,1
2021,nickel,refined_metal,RoW,China,112517.32356000599,112517.32356000599,631532.7482268212,0.0,1016.7777630730998,1
2021,nickel,refined_metal,RoW,EU27,0.0,0.0,250003.4511702717,0.0,0.0,1
2021,nickel,refined_metal,RoW,RoW,0.0,0.0,601553.8918529071,0.0,0.0,1
2021,nickel,scrap,China,China,0.0,0.0,0.0,66.6786587191159,3234.9104415265315,0
2021,nickel,scrap,China,EU27,28.473506671583028,28.473506671583028,28.473506671583028,66.6786587191159,2829.2353567864193,0
2021,nickel,scrap,China,RoW,1455.049493328417,1388.370834609301,1388.370834609301,66.6786587191159,0.0,0
2021,nickel,scrap,EU27,China,0.09054986931589316,0.09054986931589316,0.09054986931589316,721.9428649750553,3234.9104415265315,0
2021,nickel,scrap,EU27,EU27,26138.101312546918,26138.101312546918,26138.101312546918,721.9428649750553,2829.2353567864193,0
2021,nickel,scrap,EU27,RoW,15754.105137583763,15032.16227260871,15032.16227260871,721.9428649750553,0.0,0
2021,nickel,scrap,RoW,China,3952.0830086041524,3952.0830086041524,3952.0830086041524,4557.136274618766,3234.9104415265315,0
2021,nickel,scrap,RoW,EU27,14903.148823995081,14903.148823995081,14903.148823995081,4557.136274618766,2829.2353567864193,0
2021,nickel,scrap,RoW,RoW,99444.99416740076,94887.85789278199,94887.85789278199,4557.136274618766,0.0,0
2021,nickel,scrap,China,China,0.0,0.0,0.0,23.711690087291345,2279.725792735021,1
2021,nickel,scrap,China,EU27,66.6786587191159,42.96696863182442,71.44047530340745,23.711690087291345,0.0,1
2021,nickel,scrap,China,RoW,0.0,0.0,1388.370834609301,23.711690087291345,0.0,1
2021,nickel,scrap,EU27,China,0.0025010081960194826,0.0025010081960194826,0.09305087751191264,256.7302117458603,2279.725792735021,1
2021,nickel,scrap,EU27,EU27,721.9403639668592,465.21015222099896,26603.311464767918,256.7302117458603,0.0,1
2021,nickel,scrap,EU27,RoW,0.0,0.0,15032.16227260871,256.7302117458603,0.0,1
2021,nickel,scrap,RoW,China,955.1821477833142,955.1821477833142,4907.265156387467,1280.8958909018547,2279.725792735021,1
2021,nickel,scrap,RoW,EU27,3601.9541268354524,2321.0582359335954,17224.207059928678,1280.8958909018547,0.0,1
2021,nickel,scrap,RoW,RoW,0.0,0.0,94887.85789278199,1280.8958909018547,0.0,1
2021,tin,concentrates,China,China,0.0,0.0,0.0,8.597516370464866,23234.348044718485,0
2021,tin,concentrates,China,EU27,0.07817732077398298,0.07817732077398298,0.07817732077398298,8.597516370464866,1092.9398846690578,0
2021,tin,concentrates,China,RoW,52.79982267922601,44.202306308761145,44.202306308761145,8.597516370464866,0.0,0
2021,tin,concentrates,EU27,China,21.961780867350715,21.961780867350715,21.961780867350715,262.4732806812499,23234.348044718485,0
2021,tin,concentrates,EU27,EU27,1200.6802540195274,1200.6802540195274,1200.6802540195274,262.4732806812499,1092.9398846690578,0
2021,tin,concentrates,EU27,RoW,1611.9239651131222,1349.4506844318723,1349.4506844318723,262.4732806812499,0.0,0
2021,tin,concentrates,RoW,China,21801.332174414158,21801.332174414158,21801.332174414158,8494.789132335834,23234.348044718485,0
2021,tin,concentrates,RoW,EU27,992.4696839906409,992.4696839906409,992.4696839906409,8494.789132335834,1092.9398846690578,0
2021,tin,concentrates,RoW,RoW,52168.945141595206,43674.15600925937,43674.15600925937,8494.789132335834,0.0,0
2021,tin,concentrates,China,China,0.0,0.0,0.0,0.0,15104.71760689003,1
2021,tin,concentrates,China,EU27,8.597516370464866,8.597516370464866,8.67569369123885,0.0,456.71039310996684,1
2021,tin,concentrates,China,RoW,0.0,0.0,44.202306308761145,0.0,0.0,1
2021,tin,concentrates,EU27,China,4.714692043439831,4.714692043439831,26.676472910790544,0.0,15104.71760689003,1
2021,tin,concentrates,EU27,EU27,257.75858863781,257.75858863781,1458.4388426573373,0.0,456.71039310996684,1
2021,tin,concentrates,EU27,RoW,0.0,0.0,1349.4506844318723,0.0,0.0,1
2021,tin,concentrates,RoW,China,8124.915745785017,8124.915745785017,29926.247920199174,0.0,15104.71760689003,1
2021,tin,concentrates,RoW,EU27,369.87338655081646,369.87338655081646,1362.3430705414573,0.0,456.71039310996684,1
2021,tin,concentrates,RoW,RoW,0.0,0.0,43674.15600925937,0.0,0.0,1
2021,tin,refined_metal,China,China,0.0,0.0,0.0,0.0,0.0,0
2021,tin,refined_metal,China,EU27,1572.6026627687966,1572.6026627687966,1572.6026627687966,0.0,3405.9255102296447,0
2021,tin,refined_metal,China,RoW,14730.857337231204,14730.857337231204,14730.857337231204,0.0,22457.11196177968,0
2021,tin,refined_metal,EU27,China,106.14636556038961,62.061921125873084,62.061921125873084,44.08444443451299,0.0,0
2021,tin,refined_metal,EU27,EU27,33693.33557379079,33693.33557379079,33693.33557379079,44.08444443451299,3405.9255102296447,0
2021,tin,refined_metal,EU27,RoW,8487.255060648822,8487.255060648822,8487.255060648822,44.08444443451299,22457.11196177968,0
2021,tin,refined_metal,RoW,China,11575.469106448934,6767.974078874128,6767.974078874128,4807.495027574798,0.0,0
2021,tin,refined_metal,RoW,EU27,52043.697253210776,52043.697253210776,52043.697253210776,4807.495027574798,3405.9255102296447,0
2021,tin,refined_metal,RoW,RoW,159982.6226403403,159982.6226403403,159982.6226403403,4807.495027574798,22457.11196177968,0
2021,tin,refined_metal,China,China,0.0,0.0,0.0,0.0,0.0,1
2021,tin,refined_metal,China,EU27,0.0,0.0,1572.6026627687966,0.0,2190.670092174798,1
2021,tin,refined_metal,China,RoW,0.0,0.0,14730.857337231204,0.0,18820.7879078252,1
2021,tin,refined_metal,EU27,China,0.0,0.0,62.061921125873084,0.0,0.0,1
2021,tin,refined_metal,EU27,EU27,35.214110508529,35.214110508529,33728.54968429932,0.0,2190.670092174798,1
2021,tin,refined_metal,EU27,RoW,8.870333925983989,8.870333925983989,8496.125394574807,0.0,18820.7879078252,1
2021,tin,refined_metal,RoW,China,0.0,0.0,6767.974078874128,0.0,0.0,1
2021,tin,refined_metal,RoW,EU27,1180.0413075463136,1180.0413075463136,53223.73856075709,0.0,2190.670092174798,1
2021,tin,refined_metal,RoW,RoW,3627.4537200284844,3627.4537200284844,163610.07636036878,0.0,18820.7879078252,1
2021,tin,scrap,China,China,0.0,0.0,0.0,0.29438648468054396,3.552713678800501e-15,0
2021,tin,scrap,China,EU27,0.10115447235487922,0.10115447235487922,0.10115447235487922,0.29438648468054396,399.41896312528115,0
2021,tin,scrap,China,RoW,77.16784552764511,76.87345904296457,76.87345904296457,0.29438648468054396,0.0,0
2021,tin,scrap,EU27,China,1.2220000000000002,0.15906364769324388,0.15906364769324388,2.341258671702235,3.552713678800501e-15,0
2021,tin,scrap,EU27,EU27,5755.224996946105,5755.224996946105,5755.224996946105,2.341258671702235,399.41896312528115,0
2021,tin,scrap,EU27,RoW,335.0880030538946,333.809680734499,333.809680734499,2.341258671702235,0.0,0
2021,tin,scrap,RoW,China,244.25562211075257,31.79393635230675,31.79393635230675,396.78331796890416,3.552713678800501e-15,0
2021,tin,scrap,RoW,EU27,1798.825885456258,1798.825885456258,1798.825885456258,396.78331796890416,399.41896312528115,0
2021,tin,scrap,RoW,RoW,48316.427492432995,48132.10586022254,48132.10586022254,396.78331796890416,0.0,0
2021,tin,scrap,China,China,0.0,0.0,0.0,0.0,0.0,1
2021,tin,scrap,China,EU27,0.29438648468054396,0.29438648468054396,0.3955409570354232,0.0,47.43695797201417,1
2021,tin,scrap,China,RoW,0.0,0.0,76.87345904296457,0.0,0.0,1
2021,tin,scrap,EU27,China,0.0004970111074310162,3.722283711631512e-20,0.15906364769324388,0.0004970111076545436,0.0,1
2021,tin,scrap,EU27,EU27,2.3407616605948043,2.3407616605948043,5757.5657586067,0.0004970111076545436,47.43695797201417,1
2021,tin,scrap,EU27,RoW,0.0,0.0,333.809680734499,0.0004970111076545436,0.0,1
2021,tin,scrap,RoW,China,47.43646096091176,3.5526764559633844e-15,31.793936352306755,47.43646096091106,0.0,1
2021,tin,scrap,RoW,EU27,349.3468570079924,349.3468570079924,2148.1727424642504,47.43646096091106,47.43695797201417,1
2021,tin,scrap,RoW,RoW,0.0,0.0,48132.10586022254,47.43646096091106,0.0,1
2021,zinc,concentrates,China,China,0.0,0.0,0.0,19.19529309192876,9709.609678403009,0
2021,zinc,concentrates,China,EU27,16.583162310830375,16.583162310830375,16.583162310830375,19.19529309192876,23344.219745953567,0
2021,zinc,concentrates,China,RoW,3020.81573768917,3001.620444597241,3001.620444597241,19.19529309192876,0.0,0
2021,zinc,concentrates,EU27,China,158985.20166240272,158985.20166240272,158985.20166240272,2842.743627337739,9709.609678403009,0
2021,zinc,concentrates,EU27,EU27,1634515.3832294524,1634515.3832294524,1634515.3832294524,2842.743627337739,23344.219745953567,0
2021,zinc,concentrates,EU27,RoW,447370.3343081454,444527.59068080713,444527.59068080713,2842.743627337739,0.0,0
2021,zinc,concentrates,RoW,China,3316354.4307591943,3316354.4307591943,3316354.4307591943,30191.890503928065,9709.609678403009,0
2021,zinc,concentrates,RoW,EU27,1794835.1126622835,1794835.1126622835,1794835.1126622835,30191.890503928065,23344.219745953567,0
2021,zinc,concentrates,RoW,RoW,4751380.327878524,4721188.437374596,4721188.437374596,30191.890503928065,0.0,0
2021,zinc,concentrates,China,China,0.0,0.0,0.0,0.0,0.0,1
2021,zinc,concentrates,China,EU27,19.19529309192876,19.19529309192876,35.778455402759135,0.0,10132.152402919251,1
2021,zinc,concentrates,China,RoW,0.0,0.0,3001.620444597241,0.0,0.0,1
2021,zinc,concentrates,EU27,China,251.99555142272374,123.31457432964751,159108.51623673236,128.68097709305584,0.0,1
2021,zinc,concentrates,EU27,EU27,2590.7480759150153,2590.7480759150153,1637106.1313053675,128.68097709305584,10132.152402919251,1
2021,zinc,concentrates,EU27,RoW,0.0,0.0,444527.59068080713,128.68097709305584,0.0,1
2021,zinc,concentrates,RoW,China,19589.766529901048,9586.295104073362,3325940.7258632677,10003.471425827593,0.0,1
2021,zinc,concentrates,RoW,EU27,10602.123974027018,10602.123974027018,1805437.2366363106,10003.471425827593,10132.152402919251,1
2021,zinc,concentrates,RoW,RoW,0.0,0.0,4721188.437374596,10003.471425827593,0.0,1
2021,zinc,refined_metal,China,China,0.0,0.0,0.0,0.0,0.0,0
2021,zinc,refined_metal,China,EU27,134.69339529342787,134.69339529342787,134.69339529342787,0.0,22473.56719005038,0
2021,zinc,refined_metal,China,RoW,21759.118204706574,21759.118204706574,21759.118204706574,0.0,46879.754424848594,0
2021,zinc,refined_metal,EU27,China,9612.96099572108,8685.690565808474,8685.690565808474,927.2704299124889,0.0,0
2021,zinc,refined_metal,EU27,EU27,1384860.169744407,1384860.169744407,1384860.169744407,927.2704299124889,22473.56719005038,0
2021,zinc,refined_metal,EU27,RoW,493886.35405987164,493886.35405987164,493886.35405987164,927.2704299124889,46879.754424848594,0
2021,zinc,refined_metal,RoW,China,709369.0685191774,640943.0173341916,640943.0173341916,68426.05118498579,0.0,0
2021,zinc,refined_metal,RoW,EU27,335095.75187024946,335095.75187024946,335095.75187024946,68426.05118498579,22473.56719005038,0
2021,zinc,refined_metal,RoW,RoW,2871917.700310573,2871917.700310573,2871917.700310573,68426.05118498579,46879.754424848594,0
2021,zinc,refined_metal,China,China,0.0,0.0,0.0,0.0,0.0,1
2021,zinc,refined_metal,China,EU27,0.0,0.0,134.69339529342787,0.0,14640.328715690644,1
2021,zinc,refined_metal,China,RoW,0.0,0.0,21759.118204706574,0.0,0.0,1
2021,zinc,refined_metal,EU27,China,0.0,0.0,8685.690565808474,58.0095052793622,0.0,1
2021,zinc,refined_metal,EU27,EU27,683.508854812048,683.508854812048,1385543.678599219,58.0095052793622,14640.328715690644,1
2021,zinc,refined_metal,EU27,RoW,243.76157510044084,185.75206982112852,494072.10612969275,58.0095052793622,0.0,1
2021,zinc,refined_metal,RoW,China,0.0,0.0,640943.0173341916,14582.319210410584,0.0,1
2021,zinc,refined_metal,RoW,EU27,7149.72961954765,7149.72961954765,342245.4814897971,14582.319210410584,14640.328715690644,1
2021,zinc,refined_metal,RoW,RoW,61276.32156543814,46694.00235502746,2918611.7026656005,14582.319210410584,0.0,1
2021,zinc,scrap,China,China,0.0,0.0,0.0,0.0,0.0,0
2021,zinc,scrap,China,EU27,4.770870875303825,4.770870875303825,4.770870875303825,0.0,8732.923479274963,0
2021,zinc,scrap,China,RoW,458.18662912469614,458.18662912469614,458.18662912469614,0.0,114319.41361496039,0
2021,zinc,scrap,EU27,China,16384.96316416468,6201.680930989056,6201.680930989056,10183.282233175705,0.0,0
2021,zinc,scrap,EU27,EU27,464103.2655398706,464103.2655398706,464103.2655398706,10183.282233175705,8732.923479274963,0
2021,zinc,scrap,EU27,RoW,129916.34179596473,129916.34179596473,129916.34179596473,10183.282233175705,114319.41361496039,0
2021,zinc,scrap,RoW,China,95946.2664300706,36315.50006901094,36315.50006901094,59630.76636105962,0.0,0
2021,zinc,scrap,RoW,EU27,66048.97710997918,66048.97710997918,66048.97710997918,59630.76636105962,8732.923479274963,0
2021,zinc,scrap,RoW,RoW,299200.1084599502,299200.1084599502,299200.1084599502,59630.76636105962,114319.41361496039,0
2021,zinc,scrap,China,China,0.0,0.0,0.0,0.0,0.0,1
2021,zinc,scrap,China,EU27,0.0,0.0,4.770870875303825,0.0,0.0,1
2021,zinc,scrap,China,RoW,0.0,0.0,458.18662912469614,0.0,63244.68279600417,1
2021,zinc,scrap,EU27,China,0.0,0.0,6201.680930989056,4248.400590496487,0.0,1
2021,zinc,scrap,EU27,EU27,7956.125488058246,3707.7248975616394,467810.99043743225,4248.400590496487,0.0,1
2021,zinc,scrap,EU27,RoW,2227.1567451174587,2227.1567451174587,132143.4985410822,4248.400590496487,63244.68279600417,1
2021,zinc,scrap,RoW,China,0.0,0.0,36315.50006901094,5757.9937055075425,0.0,1
2021,zinc,scrap,RoW,EU27,10783.192287220887,5025.198581713324,71074.17569169251,5757.9937055075425,0.0,1
2021,zinc,scrap,RoW,RoW,48847.57407383874,48847.57407383874,348047.68253378896,5757.9937055075425,63244.68279600417,1
2022,nickel,concentrates,China,China,0.0,0.0,0.0,351.2180051917594,1720212.5269339532,0
2022,nickel,concentrates,China,EU27,29.41442037149953,10.185712698904812,10.185712698904812,351.2180051917594,0.0,0
2022,nickel,concentrates,China,RoW,2165.1067296285005,1833.1174321093358,1833.1174321093358,351.2180051917594,0.0,0
2022,nickel,concentrates,EU27,China,58902.62864492947,58902.62864492947,58902.62864492947,10651.82692961747,1720212.5269339532,0
2022,nickel,concentrates,EU27,EU27,5974.435806150953,2068.8453449338213,2068.8453449338213,10651.82692961747,0.0,0
2022,nickel,concentrates,EU27,RoW,43996.363998919565,37250.12753051923,37250.12753051923,10651.82692961747,0.0,0
2022,nickel,concentrates,RoW,China,38846843.815221116,38846843.815221116,38846843.815221116,1705815.371349141,1720212.5269339532,0
2022,nickel,concentrates,RoW,EU27,870877.4721989883,301570.0331923673,301570.0331923673,1705815.371349141,0.0,0
2022,nickel,concentrates,RoW,RoW,7411868.3673798945,6275360.435037371,6275360.435037371,1705815.371349141,0.0,0
2022,nickel,concentrates,China,China,0.0,0.0,0.0,351.2180051917594,3745.328655190766,1
2022,nickel,concentrates,China,EU27,0.0,0.0,10.185712698904812,351.2180051917594,0.0,1
2022,nickel,concentrates,China,RoW,0.0,0.0,1833.1174321093358,351.2180051917594,0.0,1
2022,nickel,concentrates,EU27,China,10651.82692961747,10651.82692961747,69554.45557454694,0.0,3745.328655190766,1
2022,nickel,concentrates,EU27,EU27,0.0,0.0,2068.8453449338213,0.0,0.0,1
2022,nickel,concentrates,EU27,RoW,0.0,0.0,37250.12753051923,0.0,0.0,1
2022,nickel,concentrates,RoW,China,1705815.371349141,1705815.371349141,40552659.18657026,0.0,3745.328655190766,1
2022,nickel,concentrates,RoW,EU27,0.0,0.0,301570.0331923673,0.0,0.0,1
2022,nickel,concentrates,RoW,RoW,0.0,0.0,6275360.435037371,0.0,0.0,1
2022,nickel,refined_metal,China,China,0.0,0.0,0.0,264.8052823436883,289389.7867813908,0
2022,nickel,refined_metal,China,EU27,2310.324796902247,2310.324796902247,2310.324796902247,264.8052823436883,28813.459458167898,0
2022,nickel,refined_metal,China,RoW,12347.318653097753,12082.513370754064,12082.513370754064,264.8052823436883,0.0,0
2022,nickel,refined_metal,EU27,China,26740.167754617152,26740.167754617152,26740.167754617152,1544.4292726817948,289389.7867813908,0
2022,nickel,refined_metal,EU27,EU27,122292.90768324587,122292.90768324587,122292.90768324587,1544.4292726817948,28813.459458167898,0
2022,nickel,refined_metal,EU27,RoW,72013.51951213699,70469.0902394552,70469.0902394552,1544.4292726817948,0.0,0
2022,nickel,refined_metal,RoW,China,633537.898663992,633537.898663992,633537.898663992,12782.397384533659,289389.7867813908,0
2022,nickel,refined_metal,RoW,EU27,253535.63181168394,253535.63181168394,253535.63181168394,12782.397384533659,28813.459458167898,0
2022,nickel,refined_metal,RoW,RoW,596016.5607743242,583234.1633897907,583234.1633897907,12782.397384533659,0.0,0
2022,nickel,refined_metal,China,China,0.0,0.0,0.0,0.0,279983.63463685126,1
2022,nickel,refined_metal,China,EU27,264.8052823436883,264.8052823436883,2575.130079245935,0.0,23627.97966314829,1
2022,nickel,refined_metal,China,RoW,0.0,0.0,12082.513370754064,0.0,0.0,1
2022,nickel,refined_metal,EU27,China,277.1082708675043,277.1082708675043,27017.276025484658,0.0,279983.63463685126,1
2022,nickel,refined_metal,EU27,EU27,1267.3210018142906,1267.3210018142906,123560.22868506015,0.0,23627.97966314829,1
2022,nickel,refined_metal,EU27,RoW,0.0,0.0,70469.0902394552,0.0,0.0,1
2022,nickel,refined_metal,RoW,China,9129.043873671999,9129.043873671999,642666.942537664,0.0,279983.63463685126,1
2022,nickel,refined_metal,RoW,EU27,3653.3535108616593,3653.3535108616593,257188.9853225456,0.0,23627.97966314829,1
2022,nickel,refined_metal,RoW,RoW,0.0,0.0,583234.1633897907,0.0,0.0,1
2022,nickel,scrap,China,China,0.0,0.0,0.0,0.0,0.0,0
2022,nickel,scrap,China,EU27,66.52732037546478,66.52732037546478,66.52732037546478,0.0,4163.37036950187,0
2022,nickel,scrap,China,RoW,4037.7886796245352,4037.7886796245352,4037.7886796245352,0.0,1870.4972766894207,0
2022,nickel,scrap,EU27,China,93.91022229570156,84.57181277243406,84.57181277243406,9.338409523261362,0.0,0
2022,nickel,scrap,EU27,EU27,27337.949316996208,27337.949316996208,27337.949316996208,9.338409523261362,4163.37036950187,0
2022,nickel,scrap,EU27,RoW,15178.825460708098,15178.825460708098,15178.825460708098,9.338409523261362,1870.4972766894207,0
2022,nickel,scrap,RoW,China,4488.227423895592,4041.9191872275655,4041.9191872275655,446.3082366680319,0.0,0
2022,nickel,scrap,RoW,EU27,15505.291993126451,15505.291993126451,15505.291993126451,446.3082366680319,4163.37036950187,0
2022,nickel,scrap,RoW,RoW,100481.97158297796,100481.97158297796,100481.97158297796,446.3082366680319,1870.4972766894207,0
2022,nickel,scrap,China,China,0.0,0.0,0.0,0.0,0.0,1
2022,nickel,scrap,China,EU27,0.0,0.0,66.52732037546478,0.0,4097.702920126343,1
2022,nickel,scrap,China,RoW,0.0,0.0,4037.7886796245352,0.0,1480.5180798736546,1
2022,nickel,scrap,EU27,China,0.0,0.0,84.57181277243406,7.275957614183426e-12,0.0,1
2022,nickel,scrap,EU27,EU27,6.004523334214637,6.004523334214637,27343.95384033042,7.275957614183426e-12,4097.702920126343,1
2022,nickel,scrap,EU27,RoW,3.333886189046725,3.333886189046725,15182.159346897144,7.275957614183426e-12,1480.5180798736546,1
2022,nickel,scrap,RoW,China,0.0,0.0,4041.9191872275655,0.0,0.0,1
2022,nickel,scrap,RoW,EU27,59.6629260413115,59.6629260413115,15564.954919167763,0.0,4097.702920126343,1
2022,nickel,scrap,RoW,RoW,386.6453106267204,386.6453106267204,100868.61689360467,0.0,1480.5180798736546,1
2022,tin,concentrates,China,China,0.0,0.0,0.0,26.611245005928453,22044.34647121904,0
2022,tin,concentrates,China,EU27,0.16533334569851646,0.1244953225553584,0.1244953225553584,26.611245005928453,0.0,0
2022,tin,concentrates,China,RoW,111.2276666543015,84.6572596715162,84.6572596715162,26.611245005928453,7.275957614183426e-12,0
2022,tin,concentrates,EU27,China,19.629126085145543,19.629126085145543,19.629126085145543,369.9155410198184,22044.34647121904,0
2022,tin,concentrates,EU27,EU27,787.0761913688824,592.6651027723759,592.6651027723759,369.9155410198184,0.0,0
2022,tin,concentrates,EU27,RoW,734.687682545972,559.1832301226601,559.1832301226601,369.9155410198184,7.275957614183426e-12,0
2022,tin,concentrates,RoW,China,40077.80140269582,40077.80140269582,40077.80140269582,12057.744685193291,22044.34647121904,0
2022,tin,concentrates,RoW,EU27,857.0119013676814,645.3264019050688,645.3264019050688,12057.744685193291,0.0,0
2022,tin,concentrates,RoW,RoW,49589.36169593649,37743.302510205816,37743.302510205816,12057.744685193291,7.275957614183426e-12,0
2022,tin,concentrates,China,China,0.0,0.0,0.0,26.611245005928424,16645.36847314186,1
2022,tin,concentrates,China,EU27,0.0,0.0,0.1244953225553584,26.611245005928424,0.0,1
2022,tin,concentrates,China,RoW,26.611245005928453,2.7443548799333216e-14,84.65725967151623,26.611245005928424,0.0,1
2022,tin,concentrates,EU27,China,9.62608643006355,9.62608643006355,29.255212515209095,360.28945458975454,16645.36847314186,1
2022,tin,concentrates,EU27,EU27,0.0,0.0,592.6651027723759,360.28945458975454,0.0,1
2022,tin,concentrates,EU27,RoW,360.2894545897549,3.715580096578091e-13,559.1832301226605,360.28945458975454,0.0,1
2022,tin,concentrates,RoW,China,5389.351911647116,5389.351911647116,45467.15331434293,6668.392773546162,16645.36847314186,1
2022,tin,concentrates,RoW,EU27,0.0,0.0,645.3264019050688,6668.392773546162,0.0,1
2022,tin,concentrates,RoW,RoW,6668.392773546177,6.876956055726283e-12,37743.30251020582,6668.392773546162,0.0,1
2022,tin,refined_metal,China,China,0.0,0.0,0.0,954.679443617646,12551.673438123224,0
2022,tin,refined_metal,China,EU27,1464.6450345795774,1464.6450345795774,1464.6450345795774,954.679443617646,1571.0653610185109,0
2022,tin,refined_metal,China,RoW,11391.153965420423,10436.474521802775,10436.474521802775,954.679443617646,2.9103830456733704e-11,0
2022,tin,refined_metal,EU27,China,114.8833976553312,114.8833976553312,114.8833976553312,592.8130470532487,12551.673438123224,0
2022,tin,refined_metal,EU27,EU27,33935.9367190271,33935.9367190271,33935.9367190271,592.8130470532487,1571.0653610185109,0
2022,tin,refined_metal,EU27,RoW,7073.394883317563,6480.581836264319,6480.581836264319,592.8130470532487,2.9103830456733704e-11,0
2022,tin,refined_metal,RoW,China,20731.483164221445,20731.483164221445,20731.483164221445,12575.246308470902,12551.673438123224,0
2022,tin,refined_metal,RoW,EU27,49634.66988537481,49634.66988537481,49634.66988537481,12575.246308470902,1571.0653610185109,0
2022,tin,refined_metal,RoW,RoW,150046.76995040377,137471.52364193287,137471.52364193287,12575.246308470902,2.9103830456733704e-11,0
2022,tin,refined_metal,China,China,0.0,0.0,0.0,904.8575783671095,11367.221448081495,1
2022,tin,refined_metal,China,EU27,108.76543003743129,49.82186525053524,1514.4668998301127,904.8575783671095,0.0,1
2022,tin,refined_metal,China,RoW,845.9140135802148,2.589188375815337e-12,10436.474521802777,904.8575783671095,0.0,1
2022,tin,refined_metal,EU27,China,1.6560650949783953,1.6560650949783953,116.5394627503096,367.0738968133519,11367.221448081495,1
2022,tin,refined_metal,EU27,EU27,489.19270680334415,224.08308514491313,34160.019804172014,367.0738968133519,0.0,1
2022,tin,refined_metal,EU27,RoW,101.9642751549262,3.1209403289373085e-13,6480.581836264319,367.0738968133519,0.0,1
2022,tin,refined_metal,RoW,China,1182.7959249467526,1182.7959249467526,21914.279089168198,10095.289972901053,11367.221448081495,1
2022,tin,refined_metal,RoW,EU27,2831.8130840641834,1297.1604106230627,50931.830295997876,10095.289972901053,0.0,1
2022,tin,refined_metal,RoW,RoW,8560.637299459968,2.6202548048024638e-11,137471.5236419329,10095.289972901053,0.0,1
2022,tin,scrap,China,China,0.0,0.0,0.0,0.06279158814351149,25.928608835837707,0
2022,tin,scrap,China,EU27,0.2980809150761615,0.2352893269326459,0.2352893269326459,0.06279158814351149,0.0,0
2022,tin,scrap,China,RoW,143.93191908492386,143.93191908492386,143.93191908492386,0.06279158814351149,1819.0805503676092,0
2022,tin,scrap,EU27,China,1.6761852180115513,1.6761852180115513,1.6761852180115513,1147.7071962520486,25.928608835837707,0
2022,tin,scrap,EU27,EU27,5448.335062275933,4300.627866023885,4300.627866023885,1147.7071962520486,0.0,0
2022,tin,scrap,EU27,RoW,971.4497525060541,971.4497525060541,971.4497525060541,1147.7071962520486,1819.0805503676092,0
2022,tin,scrap,RoW,China,131.64220594615074,131.64220594615074,131.64220594615074,697.2391713632533,25.928608835837707,0
2022,tin,scrap,RoW,EU27,3309.89701601244,2612.657844649182,2612.657844649182,697.2391713632533,0.0,0
2022,tin,scrap,RoW,RoW,79637.44877804142,79637.44877804142,79637.44877804142,697.2391713632533,1819.0805503676092,0
2022,tin,scrap,China,China,0.0,0.0,0.0,0.0007773111071855965,22.801064274983844,1
2022,tin,scrap,China,EU27,0.0,0.0,0.2352893269326459,0.0007773111071855965,0.0,1
2022,tin,scrap,China,RoW,0.06279158814351149,0.06201427703632276,143.9939333619602,0.0007773111071855965,0.0,1
2022,tin,scrap,EU27,China,1.9768970925412332,1.9768970925412332,3.6530823105527848,14.183251510439732,22.801064274983844,1
2022,tin,scrap,EU27,EU27,0.0,0.0,4300.627866023885,14.183251510439732,0.0,1
2022,tin,scrap,EU27,RoW,1145.7302991595072,1131.5470476490677,2102.996800155122,14.183251510439732,0.0,1
2022,tin,scrap,RoW,China,1.1506474683126267,1.1506474683126267,132.79285341446337,8.617035453440621,22.801064274983844,1
2022,tin,scrap,RoW,EU27,0.0,0.0,2612.657844649182,8.617035453440621,0.0,1
2022,tin,scrap,RoW,RoW,696.0885238949406,687.4714884415054,80324.92026648292,8.617035453440621,0.0,1
2022,zinc,concentrates,China,China,0.0,0.0,0.0,102.55281354925046,218246.73754580645,0
2022,zinc,concentrates,China,EU27,30.851525140477644,30.10951449096295,30.10951449096295,102.55281354925046,4.656612873077393e-10,0
2022,zinc,concentrates,China,RoW,3751.5592748595227,3649.748471959787,3649.748471959787,102.55281354925046,0.0,0
2022,zinc,concentrates,EU27,China,90448.47339817141,90448.47339817141,90448.47339817141,47229.30654970626,218246.73754580645,0
2022,zinc,concentrates,EU27,EU27,1524823.6339584664,1488150.070175896,1488150.070175896,47229.30654970626,4.656612873077393e-10,0
2022,zinc,concentrates,EU27,RoW,388961.6185433626,378405.8757762266,378405.8757762266,47229.30654970626,0.0,0
2022,zinc,concentrates,RoW,China,3727742.918156022,3727742.918156022,3727742.918156022,170914.8781825509,218246.73754580645,0
2022,zinc,concentrates,RoW,EU27,1669963.3935594002,1629799.070509613,1629799.070509613,170914.8781825509,4.656612873077393e-10,0
2022,zinc,concentrates,RoW,RoW,4817941.159784577,4687190.604651813,4687190.604651813,170914.8781825509,0.0,0
2022,zinc,concentrates,China,China,0.0,0.0,0.0,102.55281354924955,97565.52642200328,1
2022,zinc,concentrates,China,EU27,102.55281354925046,4.89464639055181e-13,30.10951449096344,102.55281354924955,0.0,1
2022,zinc,concentrates,China,RoW,0.0,0.0,3649.748471959787,102.55281354924955,0.0,1
2022,zinc,concentrates,EU27,China,2644.64337471037,2644.64337471037,93093.11677288178,44584.66317499569,97565.52642200328,1
2022,zinc,concentrates,EU27,EU27,44584.6631749959,2.1279392844610733e-10,1488150.0701758962,44584.66317499569,0.0,1
2022,zinc,concentrates,EU27,RoW,0.0,0.0,378405.8757762266,44584.66317499569,0.0,1
2022,zinc,concentrates,RoW,China,118036.5677490928,118036.5677490928,3845779.485905115,52878.31043345854,97565.52642200328,1
2022,zinc,concentrates,RoW,EU27,52878.310433458086,2.5237789422257683e-10,1629799.0705096133,52878.31043345854,0.0,1
2022,zinc,concentrates,RoW,RoW,0.0,0.0,4687190.604651813,52878.31043345854,0.0,1
2022,zinc,refined_metal,China,China,0.0,0.0,0.0,0.0,0.0,0
2022,zinc,refined_metal,China,EU27,337.2556821720908,337.2556821720908,337.2556821720908,0.0,300976.42121715564,0
2022,zinc,refined_metal,China,RoW,48146.243417827915,48146.243417827915,48146.243417827915,0.0,40313.581587173045,0
2022,zinc,refined_metal,EU27,China,1537.8013981589847,673.0388385422981,673.0388385422981,864.7625596164726,0.0,0
2022,zinc,refined_metal,EU27,EU27,1163023.241289594,1163023.241289594,1163023.241289594,864.7625596164726,300976.42121715564,0
2022,zinc,refined_metal,EU27,RoW,347487.105412247,347487.105412247,347487.105412247,864.7625596164726,40313.581587173045,0
2022,zinc,refined_metal,RoW,China,530100.2017061695,232005.2670614577,232005.2670614577,298094.93464471214,0.0,0
2022,zinc,refined_metal,RoW,EU27,415581.88011107827,415581.88011107827,415581.88011107827,298094.93464471214,300976.42121715564,0
2022,zinc,refined_metal,RoW,RoW,2913252.5466827517,2913252.5466827517,2913252.5466827517,298094.93464471214,40313.581587173045,0
2022,zinc,refined_metal,China,China,0.0,0.0,0.0,0.0,0.0,1
2022,zinc,refined_metal,China,EU27,0.0,0.0,337.2556821720908,0.0,263095.50979094673,1
2022,zinc,refined_metal,China,RoW,0.0,0.0,48146.243417827915,0.0,0.0,1
2022,zinc,refined_metal,EU27,China,0.0,0.0,673.0388385422981,168.21739620622247,0.0,1
2022,zinc,refined_metal,EU27,EU27,665.8272531711152,665.8272531711152,1163689.068542765,168.21739620622247,263095.50979094673,1
2022,zinc,refined_metal,EU27,RoW,198.93530644535738,30.717910239439703,347517.8233224864,168.21739620622247,0.0,1
2022,zinc,refined_metal,RoW,China,0.0,0.0,232005.2670614577,220596.98679474043,0.0,1
2022,zinc,refined_metal,RoW,EU27,37215.084173037816,37215.084173037816,452796.96428411605,220596.98679474043,263095.50979094673,1
2022,zinc,refined_metal,RoW,RoW,260879.85047167432,40282.86367693361,2953535.4103596853,220596.98679474043,0.0,1
2022,zinc,scrap,China,China,0.0,0.0,0.0,0.0,7.275957614183426e-12,0
2022,zinc,scrap,China,EU27,26.88129364415925,26.88129364415925,26.88129364415925,0.0,19406.72247340309,0
2022,zinc,scrap,China,RoW,1038.4042063558409,1038.4042063558409,1038.4042063558409,0.0,143996.2643364526,0
2022,zinc,scrap,EU27,China,9254.28233854775,3533.396397712301,3533.396397712301,5720.885940835578,7.275957614183426e-12,0
2022,zinc,scrap,EU27,EU27,417876.49260789325,417876.49260789325,417876.49260789325,5720.885940835578,19406.72247340309,0
2022,zinc,scrap,EU27,RoW,112183.13305355898,112183.13305355898,112183.13305355898,5720.885940835578,143996.2643364526,0
2022,zinc,scrap,RoW,China,81597.7824713077,31155.01560228769,31155.01560228769,50442.766869020066,7.275957614183426e-12,0
2022,zinc,scrap,RoW,EU27,50579.27612505956,50579.27612505956,50579.27612505956,50442.766869020066,19406.72247340309,0
2022,zinc,scrap,RoW,RoW,347727.62840363267,347727.62840363267,347727.62840363267,50442.766869020066,143996.2643364526,0
2022,zinc,scrap,China,China,0.0,0.0,0.0,0.0,0.0,1
2022,zinc,scrap,China,EU27,0.0,0.0,26.88129364415925,0.0,9657.623353959527,1
2022,zinc,scrap,China,RoW,0.0,0.0,1038.4042063558409,0.0,106256.61779857415,1
2022,zinc,scrap,EU27,China,98.16675026878931,8.233599524684566e-14,3533.396397712301,98.16675026877783,0.0,1
2022,zinc,scrap,EU27,EU27,4432.712963831407,4432.712963831407,422309.2055717247,98.16675026877783,9657.623353959527,1
2022,zinc,scrap,EU27,RoW,1190.0062267353812,1190.0062267353812,113373.13928029436,98.16675026877783,106256.61779857415,1
2022,zinc,scrap,RoW,China,8576.740402264892,7.193621618936581e-12,31155.015602287698,8576.740402264928,0.0,1
2022,zinc,scrap,RoW,EU27,5316.386155612129,5316.386155612129,55895.662280671684,8576.740402264928,9657.623353959527,1
2022,zinc,scrap,RoW,RoW,36549.64031114304,36549.64031114304,384277.2687147757,8576.740402264928,106256.61779857415,1
2023,nickel,concentrates,China,China,0.0,0.0,0.0,1.6782234498024309,3.725290298461914e-09,0
2023,nickel,concentrates,China,EU27,92.11023122001832,90.43200777021592,90.43200777021592,1.6782234498024309,0.0,0
2023,nickel,concentrates,China,RoW,637.6528187799817,637.6528187799817,637.6528187799817,1.6782234498024309,870106.2749911444,0
2023,nickel,concentrates,EU27,China,42629.5514665092,40985.75683928063,40985.75683928063,2006.8609962022456,3.725290298461914e-09,0
2023,nickel,concentrates,EU27,EU27,19927.100409850067,19564.034040876395,19564.034040876395,2006.8609962022456,0.0,0
2023,nickel,concentrates,EU27,RoW,50029.63857364074,50029.63857364074,50029.63857364074,2006.8609962022456,870106.2749911444,0
2023,nickel,concentrates,RoW,China,22279562.333474074,21420462.868410718,21420462.868410718,868097.7357714921,3.725290298461914e-09,0
2023,nickel,concentrates,RoW,EU27,493875.11275949,484876.84205135336,484876.84205135336,868097.7357714921,0.0,0
2023,nickel,concentrates,RoW,RoW,4583496.9602664355,4583496.9602664355,4583496.9602664355,868097.7357714921,870106.2749911444,0
2023,nickel,concentrates,China,China,0.0,0.0,0.0,0.0,0.0,1
2023,nickel,concentrates,China,EU27,0.0,0.0,90.43200777021592,0.0,0.0,1
2023,nickel,concentrates,China,RoW,1.6782234498024309,1.6782234498024309,639.3310422297841,0.0,720902.257604437,1
2023,nickel,concentrates,EU27,China,923.2930277791484,4.77115243119474e-12,40985.756839280635,923.2930277791311,0.0,1
2023,nickel,concentrates,EU27,EU27,0.0,0.0,19564.034040876395,923.2930277791311,0.0,1
2023,nickel,concentrates,EU27,RoW,1083.567968423097,1083.567968423097,51113.20654206384,923.2930277791311,720902.257604437,1
2023,nickel,concentrates,RoW,China,719978.9645766581,3.720519146030719e-09,21420462.86841072,719978.9645766541,0.0,1
2023,nickel,concentrates,RoW,EU27,0.0,0.0,484876.84205135336,719978.9645766541,0.0,1
2023,nickel,concentrates,RoW,RoW,148118.771194834,148118.771194834,4731615.73146127,719978.9645766541,720902.257604437,1
2023,nickel,refined_metal,China,China,0.0,0.0,0.0,0.0,334370.2146597636,0
2023,nickel,refined_metal,China,EU27,1618.5369354576162,1618.5369354576162,1618.5369354576162,0.0,47249.47348660359,0
2023,nickel,refined_metal,China,RoW,14957.054264542387,14957.054264542387,14957.054264542387,0.0,39034.98090363294,0
2023,nickel,refined_metal,EU27,China,24920.68772173603,24920.68772173603,24920.68772173603,0.0,334370.2146597636,0
2023,nickel,refined_metal,EU27,EU27,126750.94152020477,126750.94152020477,126750.94152020477,0.0,47249.47348660359,0
2023,nickel,refined_metal,EU27,RoW,75096.26730805924,75096.26730805924,75096.26730805924,0.0,39034.98090363294,0
2023,nickel,refined_metal,RoW,China,885568.5523685004,885568.5523685004,885568.5523685004,0.0,334370.2146597636,0
2023,nickel,refined_metal,RoW,EU27,256791.14695773405,256791.14695773405,256791.14695773405,0.0,47249.47348660359,0
2023,nickel,refined_metal,RoW,RoW,578831.5948737655,578831.5948737655,578831.5948737655,0.0,39034.98090363294,0
2023,nickel,refined_metal,China,China,0.0,0.0,0.0,0.0,334370.2146597636,1
2023,nickel,refined_metal,China,EU27,0.0,0.0,1618.5369354576162,0.0,47249.47348660359,1
2023,nickel,refined_metal,China,RoW,0.0,0.0,14957.054264542387,0.0,39034.98090363294,1
2023,nickel,refined_metal,EU27,China,0.0,0.0,24920.68772173603,0.0,334370.2146597636,1
2023,nickel,refined_metal,EU27,EU27,0.0,0.0,126750.94152020477,0.0,47249.47348660359,1
2023,nickel,refined_metal,EU27,RoW,0.0,0.0,75096.26730805924,0.0,39034.98090363294,1
2023,nickel,refined_metal,RoW,China,0.0,0.0,885568.5523685004,0.0,334370.2146597636,1
2023,nickel,refined_metal,RoW,EU27,0.0,0.0,256791.14695773405,0.0,47249.47348660359,1
2023,nickel,refined_metal,RoW,RoW,0.0,0.0,578831.5948737655,0.0,39034.98090363294,1
2023,nickel,scrap,China,China,0.0,0.0,0.0,6.589739704399108,150.83599070659147,0
2023,nickel,scrap,China,EU27,85.56283462802797,78.97309492362872,78.97309492362872,6.589739704399108,0.0,0
2023,nickel,scrap,China,RoW,4862.188165371972,4862.188165371972,4862.188165371972,6.589739704399108,4393.983410077548,0
2023,nickel,scrap,EU27,China,99.61833949103962,99.61833949103962,99.61833949103962,2158.0960830792174,150.83599070659147,0
2023,nickel,scrap,EU27,EU27,28021.26131698792,25863.1652339087,25863.1652339087,2158.0960830792174,0.0,0
2023,nickel,scrap,EU27,RoW,17075.109343521046,17075.109343521046,17075.109343521046,2158.0960830792174,4393.983410077548,0
2023,nickel,scrap,RoW,China,6659.005669802369,6659.005669802369,6659.005669802369,1424.4285780005448,150.83599070659147,0
2023,nickel,scrap,RoW,EU27,18495.138249168205,17070.709671167668,17070.709671167668,1424.4285780005448,0.0,0
2023,nickel,scrap,RoW,RoW,116331.06108102945,116331.06108102945,116331.06108102945,1424.4285780005448,4393.983410077548,0
2023,nickel,scrap,China,China,0.0,0.0,0.0,0.0,61.19610596712846,1
2023,nickel,scrap,China,EU27,0.0,0.0,78.97309492362872,0.0,0.0,1
2023,nickel,scrap,China,RoW,6.589739704399108,6.589739704399108,4868.777905076371,0.0,894.5088940328569,1
2023,nickel,scrap,EU27,China,12.517575371580174,12.517575371580174,112.1359148626198,0.0,61.19610596712846,1
2023,nickel,scrap,EU27,EU27,0.0,0.0,25863.1652339087,0.0,0.0,1
2023,nickel,scrap,EU27,RoW,2145.578507707637,2145.578507707637,19220.687851228682,0.0,894.5088940328569,1
2023,nickel,scrap,RoW,China,77.12230936788238,77.12230936788238,6736.127979170252,0.0,61.19610596712846,1
2023,nickel,scrap,RoW,EU27,0.0,0.0,17070.709671167668,0.0,0.0,1
2023,nickel,scrap,RoW,RoW,1347.3062686326625,1347.3062686326625,117678.3673496621,0.0,894.5088940328569,1
2023,tin,concentrates,China,China,0.0,0.0,0.0,12.696091359157435,4032.977347741835,0
2023,tin,concentrates,China,EU27,0.05554656336873352,0.044234619723004985,0.044234619723004985,12.696091359157435,0.0,0
2023,tin,concentrates,China,RoW,138.43445343663126,125.74967402111955,125.74967402111955,12.696091359157435,0.0,0
2023,tin,concentrates,EU27,China,19.007904209963424,19.007904209963424,19.007904209963424,195.71671434951918,4032.977347741835,0
2023,tin,concentrates,EU27,EU27,706.5932511413805,562.6969855109754,562.6969855109754,195.71671434951918,0.0,0
2023,tin,concentrates,EU27,RoW,565.538844648656,513.7183959295419,513.7183959295419,195.71671434951918,0.0,0
2023,tin,concentrates,RoW,China,56165.2657480482,56165.2657480482,56165.2657480482,3824.5645420331566,4032.977347741835,0
2023,tin,concentrates,RoW,EU27,821.0122372214573,653.8147798693017,653.8147798693017,3824.5645420331566,0.0,0
2023,tin,concentrates,RoW,RoW,39914.42001473035,36257.05293004934,36257.05293004934,3824.5645420331566,0.0,0
2023,tin,concentrates,China,China,0.0,0.0,0.0,12.696091359157435,12.696091359153797,1
2023,tin,concentrates,China,EU27,0.0,0.0,0.044234619723004985,12.696091359157435,0.0,1
2023,tin,concentrates,China,RoW,0.0,0.0,125.74967402111955,12.696091359157435,0.0,1
2023,tin,concentrates,EU27,China,195.71671434951918,195.71671434951918,214.7246185594826,0.0,12.696091359153797,1
2023,tin,concentrates,EU27,EU27,0.0,0.0,562.6969855109754,0.0,0.0,1
2023,tin,concentrates,EU27,RoW,0.0,0.0,513.7183959295419,0.0,0.0,1
2023,tin,concentrates,RoW,China,3824.5645420331566,3824.5645420331566,59989.83029008136,0.0,12.696091359153797,1
2023,tin,concentrates,RoW,EU27,0.0,0.0,653.8147798693017,0.0,0.0,1
2023,tin,concentrates,RoW,RoW,0.0,0.0,36257.05293004934,0.0,0.0,1
2023,tin,refined_metal,China,China,0.0,0.0,0.0,876.9067934338873,12245.435895587445,0
2023,tin,refined_metal,China,EU27,2197.708912647158,2196.2801305711787,2196.2801305711787,876.9067934338873,0.0,0
2023,tin,refined_metal,China,RoW,11171.403087352845,10295.925075994935,10295.925075994935,876.9067934338873,0.0,0
2023,tin,refined_metal,EU27,China,122.52325158742678,122.52325158742678,122.52325158742678,555.0693028898022,12245.435895587445,0
2023,tin,refined_metal,EU27,EU27,36341.02985237175,36317.40369707116,36317.40369707116,555.0693028898022,0.0,0
2023,tin,refined_metal,EU27,RoW,6781.398896040815,6249.955748451613,6249.955748451613,555.0693028898022,0.0,0
2023,tin,refined_metal,RoW,China,24801.467852825124,24801.467852825124,24801.467852825124,10813.459799263743,12245.435895587445,0
2023,tin,refined_metal,RoW,EU27,45741.10853913998,45711.37117235767,45711.37117235767,10813.459799263743,0.0,0
2023,tin,refined_metal,RoW,RoW,137604.03860803487,126820.31617555344,126820.31617555344,10813.459799263743,0.0,0
2023,tin,refined_metal,China,China,0.0,0.0,0.0,876.9067934338873,876.9067934338964,1
2023,tin,refined_metal,China,EU27,0.0,0.0,2196.2801305711787,876.9067934338873,0.0,1
2023,tin,refined_metal,China,RoW,0.0,0.0,10295.925075994935,876.9067934338873,0.0,1
2023,tin,refined_metal,EU27,China,555.0693028898022,555.0693028898022,677.592554477229,0.0,876.9067934338964,1
2023,tin,refined_metal,EU27,EU27,0.0,0.0,36317.40369707116,0.0,0.0,1
2023,tin,refined_metal,EU27,RoW,0.0,0.0,6249.955748451613,0.0,0.0,1
2023,tin,refined_metal,RoW,China,10813.459799263743,10813.459799263743,35614.92765208887,0.0,876.9067934338964,1
2023,tin,refined_metal,RoW,EU27,0.0,0.0,45711.37117235767,0.0,0.0,1
2023,tin,refined_metal,RoW,RoW,0.0,0.0,126820.31617555344,0.0,0.0,1
2023,tin,scrap,China,China,0.0,0.0,0.0,0.106485320835219,927.3334594154517,0
2023,tin,scrap,China,EU27,2.197038533782889,2.0905532129476723,2.0905532129476723,0.106485320835219,0.0,0
2023,tin,scrap,China,RoW,136.09496146621714,136.09496146621714,136.09496146621714,0.106485320835219,51338.77962926816,0
2023,tin,scrap,EU27,China,1.8713935247099855,1.8713935247099855,1.8713935247099855,257.027130404068,927.3334594154517,0
2023,tin,scrap,EU27,EU27,5303.064359445674,5046.037229041606,5046.037229041606,257.027130404068,0.0,0
2023,tin,scrap,EU27,RoW,1592.1012470296155,1592.1012470296155,1592.1012470296155,257.027130404068,51338.77962926816,0
2023,tin,scrap,RoW,China,327.1561470598383,327.1561470598383,327.1561470598383,122.84447295872087,927.3334594154517,0
2023,tin,scrap,RoW,EU27,2534.5656907041703,2411.721217745446,2411.721217745446,122.84447295872087,0.0,0
2023,tin,scrap,RoW,RoW,80217.266162236,80217.266162236,80217.266162236,122.84447295872087,51338.77962926816,0
2023,tin,scrap,China,China,0.0,0.0,0.0,0.0,926.532727414685,1
2023,tin,scrap,China,EU27,0.0,0.0,2.0905532129476723,0.0,0.0,1
2023,tin,scrap,China,RoW,0.106485320835219,0.106485320835219,136.20144678705236,0.0,50959.60227258531,1
2023,tin,scrap,EU27,China,0.30176108126027057,0.30176108126027057,2.173154605970256,0.0,926.532727414685,1
2023,tin,scrap,EU27,EU27,0.0,0.0,5046.037229041606,0.0,0.0,1
2023,tin,scrap,EU27,RoW,256.7253693228077,256.7253693228077,1848.8266163524231,0.0,50959.60227258531,1
2023,tin,scrap,RoW,China,0.4989709195062817,0.4989709195062817,327.6551179793446,0.0,926.532727414685,1
2023,tin,scrap,RoW,EU27,0.0,0.0,2411.721217745446,0.0,0.0,1
2023,tin,scrap,RoW,RoW,122.3455020392146,122.3455020392146,80339.61166427522,0.0,50959.60227258531,1
2023,zinc,concentrates,China,China,0.0,0.0,0.0,3.222398024292488,732205.9139716234,0
2023,zinc,concentrates,China,EU27,42.07719834568549,38.85480032139335,38.85480032139335,3.222398024292488,0.0,0
2023,zinc,concentrates,China,RoW,3127.9624016543144,3127.9624016543144,3127.9624016543144,3.222398024292488,354455.159147216,0
2023,zinc,concentrates,EU27,China,56056.741208767686,56056.741208767686,56056.741208767686,107435.41616378166,732205.9139716234,0
2023,zinc,concentrates,EU27,EU27,1402862.4897347204,1295427.0735709385,1295427.0735709385,107435.41616378166,0.0,0
2023,zinc,concentrates,EU27,RoW,339830.9780565122,339830.9780565122,339830.9780565122,107435.41616378166,354455.159147216,0
2023,zinc,concentrates,RoW,China,3942284.920519609,3942284.920519609,3942284.920519609,115071.24685703218,732205.9139716234,0
2023,zinc,concentrates,RoW,EU27,1502569.093385774,1387497.8465287401,1387497.8465287401,115071.24685703218,0.0,0
2023,zinc,concentrates,RoW,RoW,4779900.750194618,4779900.750194618,4779900.750194618,115071.24685703218,354455.159147216,0
2023,zinc,concentrates,China,China,0.0,0.0,0.0,0.0,664983.0025680526,1
2023,zinc,concentrates,China,EU27,0.0,0.0,38.85480032139335,0.0,0.0,1
2023,zinc,concentrates,China,RoW,3.222398024292488,3.222398024292488,3131.184799678607,0.0,199168.18513194937,1
2023,zinc,concentrates,EU27,China,15212.594449068449,15212.594449068449,71269.33565783614,0.0,664983.0025680526,1
2023,zinc,concentrates,EU27,EU27,0.0,0.0,1295427.0735709385,0.0,0.0,1
2023,zinc,concentrates,EU27,RoW,92222.82171471321,92222.82171471321,432053.79977122543,0.0,199168.18513194937,1
2023,zinc,concentrates,RoW,China,52010.31695450256,52010.31695450256,3994295.2374741114,1.862645149230957e-09,664983.0025680526,1
2023,zinc,concentrates,RoW,EU27,0.0,0.0,1387497.8465287401,1.862645149230957e-09,0.0,1
2023,zinc,concentrates,RoW,RoW,63060.92990252963,63060.92990252963,4842961.680097147,1.862645149230957e-09,199168.18513194937,1
2023,zinc,refined_metal,China,China,0.0,0.0,0.0,6.467797964647616,0.0,0
2023,zinc,refined_metal,China,EU27,269.93988549096315,263.47208752631724,263.47208752631724,6.467797964647616,2.3283064365386963e-10,0
2023,zinc,refined_metal,China,RoW,27383.218014509035,27383.218014509035,27383.218014509035,6.467797964647616,63230.75413535582,0
2023,zinc,refined_metal,EU27,China,1739.4900081286155,1654.7323185729495,1654.7323185729495,30941.81127419183,0.0,0
2023,zinc,refined_metal,EU27,EU27,1287849.3664700068,1256992.3128853703,1256992.3128853703,30941.81127419183,2.3283064365386963e-10,0
2023,zinc,refined_metal,EU27,RoW,353220.57552186487,353220.57552186487,353220.57552186487,30941.81127419183,63230.75413535582,0
2023,zinc,refined_metal,RoW,China,431665.21488872945,410632.0694814271,410632.0694814271,32282.475063199177,0.0,0
2023,zinc,refined_metal,RoW,EU27,469501.79578299995,458252.46612710314,458252.46612710314,32282.475063199177,2.3283064365386963e-10,0
2023,zinc,refined_metal,RoW,RoW,3025864.2115282705,3025864.2115282705,3025864.2115282705,32282.475063199177,63230.75413535582,0
2023,zinc,refined_metal,China,China,0.0,0.0,0.0,0.06313624824542785,0.0,1
2023,zinc,refined_metal,China,EU27,0.0631362482458346,5.13660237009633e-16,263.47208752631724,0.06313624824542785,0.0,1
2023,zinc,refined_metal,China,RoW,6.404661716401781,6.404661716401781,27389.622676225437,0.06313624824542785,28618.242678365204,1
2023,zinc,refined_metal,EU27,China,0.0,0.0,1654.7323185729495,24281.958390228916,0.0,1
2023,zinc,refined_metal,EU27,EU27,24281.958390229192,1.9755175273035101e-10,1256992.3128853706,24281.958390228916,0.0,1
2023,zinc,refined_metal,EU27,RoW,6659.852883962638,6659.852883962638,359880.4284058275,24281.958390228916,28618.242678365204,1
2023,zinc,refined_metal,RoW,China,0.0,0.0,410632.0694814271,4336.221151887439,0.0,1
2023,zinc,refined_metal,RoW,EU27,4336.221151887568,3.527837726328157e-11,458252.4661271032,4336.221151887439,0.0,1
2023,zinc,refined_metal,RoW,RoW,27946.25391131161,27946.25391131161,3053810.4654395822,4336.221151887439,28618.242678365204,1
2023,zinc,scrap,China,China,0.0,0.0,0.0,163.59468404751033,0.0,0
2023,zinc,scrap,China,EU27,89.62442748115868,89.62442748115868,89.62442748115868,163.59468404751033,38980.26644300006,0
2023,zinc,scrap,China,RoW,2474.6460725188417,2311.051388471331,2311.051388471331,163.59468404751033,0.0,0
2023,zinc,scrap,EU27,China,796.676984546923,784.9578297014274,784.9578297014274,6562.689296523575,0.0,0
2023,zinc,scrap,EU27,EU27,399063.75043160777,399063.75043160777,399063.75043160777,6562.689296523575,38980.26644300006,0
2023,zinc,scrap,EU27,RoW,99094.49458384534,92543.52444216724,92543.52444216724,6562.689296523575,0.0,0
2023,zinc,scrap,RoW,China,39395.21406935663,38815.70867029857,38815.70867029857,30244.98846242891,0.0,0
2023,zinc,scrap,RoW,EU27,65121.67269791107,65121.67269791107,65121.67269791107,30244.98846242891,38980.26644300006,0
2023,zinc,scrap,RoW,RoW,448740.56623273226,419075.08316936146,419075.08316936146,30244.98846242891,0.0,0
2023,zinc,scrap,China,China,0.0,0.0,0.0,0.0,0.0,1
2023,zinc,scrap,China,EU27,163.59468404751033,163.59468404751033,253.219111528669,0.0,2008.9940000000643,1
2023,zinc,scrap,China,RoW,0.0,0.0,2311.051388471331,0.0,0.0,1
2023,zinc,scrap,EU27,China,0.0,0.0,784.9578297014274,0.0,0.0,1
2023,zinc,scrap,EU27,EU27,6562.689296523575,6562.689296523575,405626.43972813134,0.0,2008.9940000000643,1
2023,zinc,scrap,EU27,RoW,0.0,0.0,92543.52444216724,0.0,0.0,1
2023,zinc,scrap,RoW,China,0.0,0.0,38815.70867029857,0.0,0.0,1
2023,zinc,scrap,RoW,EU27,30244.98846242891,30244.98846242891,95366.66116033998,0.0,2008.9940000000643,1
2023,zinc,scrap,RoW,RoW,0.0,0.0,419075.08316936146,0.0,0.0,1
2024,nickel,concentrates,China,China,0.0,0.0,0.0,361.561846320923,0.0,0
2024,nickel,concentrates,China,EU27,642.2224728668226,280.6606265458991,280.6606265458991,361.561846320923,2.9103830456733704e-11,0
2024,nickel,concentrates,China,RoW,4946.409327133178,4946.409327133178,4946.409327133178,361.561846320923,3880044.8143847734,0
2024,nickel,concentrates,EU27,China,42451.270834293755,39094.808645254205,39094.808645254205,15093.738044112542,0.0,0
2024,nickel,concentrates,EU27,EU27,20848.279211613284,9111.003356540294,9111.003356540294,15093.738044112542,2.9103830456733704e-11,0
2024,nickel,concentrates,EU27,RoW,51461.34980409296,51461.34980409296,51461.34980409296,15093.738044112542,3880044.8143847734,0
2024,nickel,concentrates,RoW,China,42093913.794692755,38765706.48160474,38765706.48160474,3597592.1822443455,0.0,0
2024,nickel,concentrates,RoW,EU27,478493.565023248,209108.6958669138,209108.6958669138,3597592.1822443455,2.9103830456733704e-11,0
2024,nickel,concentrates,RoW,RoW,10647935.260834001,10647935.260834001,10647935.260834001,3597592.1822443455,3880044.8143847734,0
2024,nickel,concentrates,China,China,0.0,0.0,0.0,41.549193317498066,0.0,1
2024,nickel,concentrates,China,EU27,41.54919331749808,7.600110435713695e-15,280.6606265458991,41.549193317498066,0.0,1
2024,nickel,concentrates,China,RoW,320.01265300342493,320.01265300342493,5266.4219801366025,41.549193317498066,426105.63576150127,1
2024,nickel,concentrates,EU27,China,0.0,0.0,39094.808645254205,4351.819659069981,0.0,1
2024,nickel,concentrates,EU27,EU27,4351.819659069988,7.960277291668351e-13,9111.003356540294,4351.819659069981,0.0,1
2024,nickel,concentrates,EU27,RoW,10741.918385042554,10741.918385042554,62203.26818913552,4351.819659069981,426105.63576150127,1
2024,nickel,concentrates,RoW,China,0.0,0.0,38765706.48160474,154714.93465911597,0.0,1
2024,nickel,concentrates,RoW,EU27,154714.93465912092,2.8300202617131155e-11,209108.69586691383,154714.93465911597,0.0,1
2024,nickel,concentrates,RoW,RoW,3442877.247585225,3442877.247585225,14090812.508419227,154714.93465911597,426105.63576150127,1
2024,nickel,refined_metal,China,China,0.0,0.0,0.0,0.0,271163.7286297679,0
2024,nickel,refined_metal,China,EU27,1713.2109054974183,1713.2109054974183,1713.2109054974183,0.0,1579.1099993831594,0
2024,nickel,refined_metal,China,RoW,16118.63604450258,16118.63604450258,16118.63604450258,0.0,34635.05032084882,0
2024,nickel,refined_metal,EU27,China,25575.527458757904,25575.527458757904,25575.527458757904,2.9103830456733704e-11,271163.7286297679,0
2024,nickel,refined_metal,EU27,EU27,131824.346500814,131824.346500814,131824.346500814,2.9103830456733704e-11,1579.1099993831594,0
2024,nickel,refined_metal,EU27,RoW,85289.90019042809,85289.90019042809,85289.90019042809,2.9103830456733704e-11,34635.05032084882,0
2024,nickel,refined_metal,RoW,China,1234189.587661474,1234189.587661474,1234189.587661474,4.656612873077393e-10,271163.7286297679,0
2024,nickel,refined_metal,RoW,EU27,296389.47074430535,296389.47074430535,296389.47074430535,4.656612873077393e-10,1579.1099993831594,0
2024,nickel,refined_metal,RoW,RoW,610010.6490942205,610010.6490942205,610010.6490942205,4.656612873077393e-10,34635.05032084882,0
2024,nickel,refined_metal,China,China,0.0,0.0,0.0,0.0,271163.72862976766,1
2024,nickel,refined_metal,China,EU27,0.0,0.0,1713.2109054974183,0.0,1579.1099993831012,1
2024,nickel,refined_metal,China,RoW,0.0,0.0,16118.63604450258,0.0,34635.05032084859,1
2024,nickel,refined_metal,EU27,China,3.0670670719779377e-12,3.0670670719779377e-12,25575.527458757908,0.0,271163.72862976766,1
2024,nickel,refined_metal,EU27,EU27,1.580863241587638e-11,1.580863241587638e-11,131824.34650081402,0.0,1579.1099993831012,1
2024,nickel,refined_metal,EU27,RoW,1.0228130968879386e-11,1.0228130968879386e-11,85289.9001904281,0.0,34635.05032084859,1
2024,nickel,refined_metal,RoW,China,2.684841051784091e-10,2.684841051784091e-10,1234189.5876614742,0.0,271163.72862976766,1
2024,nickel,refined_metal,RoW,EU27,6.44762057893118e-11,6.44762057893118e-11,296389.4707443054,0.0,1579.1099993831012,1
2024,nickel,refined_metal,RoW,RoW,1.3270097634001837e-10,1.3270097634001837e-10,610010.6490942206,0.0,34635.05032084859,1
2024,nickel,scrap,China,China,0.0,0.0,0.0,9.094947017729282e-13,0.0,0
2024,nickel,scrap,China,EU27,51.39820581960381,51.39820581960381,51.39820581960381,9.094947017729282e-13,6908.14541681877,0
2024,nickel,scrap,China,RoW,5852.057794180396,5852.057794180396,5852.057794180396,9.094947017729282e-13,6028.044873599225,0
2024,nickel,scrap,EU27,China,106.22626534870733,92.6240525406508,92.6240525406508,13.602212808058539,0.0,0
2024,nickel,scrap,EU27,EU27,28025.916060099284,28025.916060099284,28025.916060099284,13.602212808058539,6908.14541681877,0
2024,nickel,scrap,EU27,RoW,20056.76367455201,20056.76367455201,20056.76367455201,13.602212808058539,6028.044873599225,0
2024,nickel,scrap,RoW,China,5215.5880250692835,4547.734947459349,4547.734947459349,667.853077609936,0.0,0
2024,nickel,scrap,RoW,EU27,18937.156317262346,18937.156317262346,18937.156317262346,667.853077609936,6908.14541681877,0
2024,nickel,scrap,RoW,RoW,112671.93265766837,112671.93265766837,112671.93265766837,667.853077609936,6028.044873599225,0
2024,nickel,scrap,China,China,0.0,0.0,0.0,0.0,0.0,1
2024,nickel,scrap,China,EU27,7.91847959459072e-15,7.91847959459072e-15,51.39820581960382,0.0,6804.120108840849,1
2024,nickel,scrap,China,RoW,9.015762221783375e-13,9.015762221783375e-13,5852.057794180397,0.0,5450.614891159174,1
2024,nickel,scrap,EU27,China,0.0,0.0,92.6240525406508,0.0,0.0,1
2024,nickel,scrap,EU27,EU27,7.928311743314293,7.928311743314293,28033.8443718426,0.0,6804.120108840849,1
2024,nickel,scrap,EU27,RoW,5.673901064744246,5.673901064744246,20062.437575616754,0.0,5450.614891159174,1
2024,nickel,scrap,RoW,China,0.0,0.0,4547.734947459349,0.0,0.0,1
2024,nickel,scrap,RoW,EU27,96.09699623460796,96.09699623460796,19033.253313496953,0.0,6804.120108840849,1
2024,nickel,scrap,RoW,RoW,571.756081375328,571.756081375328,113243.68873904369,0.0,5450.614891159174,1
2024,tin,concentrates,China,China,0.0,0.0,0.0,11.79924399047762,15835.86255630372,0
2024,tin,concentrates,China,EU27,0.008446861803473763,0.008446861803473763,0.008446861803473763,11.79924399047762,304.7039352670498,0
2024,tin,concentrates,China,RoW,138.48155313819652,126.68230914771888,126.68230914771888,11.79924399047762,0.0,0
2024,tin,concentrates,EU27,China,5.197224022595549,5.197224022595549,5.197224022595549,36.687099180393375,15835.86255630372,0
2024,tin,concentrates,EU27,EU27,298.3264882515074,298.3264882515074,298.3264882515074,36.687099180393375,304.7039352670498,0
2024,tin,concentrates,EU27,RoW,430.5772877258971,393.89018854550363,393.89018854550363,36.687099180393375,0.0,0
2024,tin,concentrates,RoW,China,65421.382219673695,65421.382219673695,65421.382219673695,2895.305148399886,15835.86255630372,0
2024,tin,concentrates,RoW,EU27,712.1861296196395,712.1861296196395,712.1861296196395,2895.305148399886,304.7039352670498,0
2024,tin,concentrates,RoW,RoW,33980.681650706676,31085.37650230678,31085.37650230678,2895.305148399886,0.0,0
2024,tin,concentrates,China,China,0.0,0.0,0.0,0.0,12971.108482950876,1
2024,tin,concentrates,China,EU27,11.79924399047762,11.79924399047762,11.807690852281095,0.0,225.66651704913647,1
2024,tin,concentrates,China,RoW,0.0,0.0,126.68230914771888,0.0,0.0,1
2024,tin,concentrates,EU27,China,0.6281916880599323,0.6281916880599323,5.825415710655481,1.1368683772161603e-13,12971.108482950876,1
2024,tin,concentrates,EU27,EU27,36.05890749233345,36.05890749233345,334.38539574384083,1.1368683772161603e-13,225.66651704913647,1
2024,tin,concentrates,EU27,RoW,0.0,0.0,393.89018854550363,1.1368683772161603e-13,0.0,1
2024,tin,concentrates,RoW,China,2864.125881664784,2864.125881664784,68285.50810133848,0.0,12971.108482950876,1
2024,tin,concentrates,RoW,EU27,31.179266735102228,31.179266735102228,743.3653963547417,0.0,225.66651704913647,1
2024,tin,concentrates,RoW,RoW,0.0,0.0,31085.37650230678,0.0,0.0,1
2024,tin,refined_metal,China,China,0.0,0.0,0.0,11.2856571877237,0.0,0
2024,tin,refined_metal,China,EU27,3647.269592760159,3635.9839355724357,3635.9839355724357,11.2856571877237,1.4551915228366852e-11,0
2024,tin,refined_metal,China,RoW,14903.22240723984,14903.22240723984,14903.22240723984,11.2856571877237,4562.190456082113,0
2024,tin,refined_metal,EU27,China,99.70601637709262,86.98701025697564,86.98701025697564,127.3634826113921,0.0,0
2024,tin,refined_metal,EU27,EU27,37050.506331117474,36935.86185462619,36935.86185462619,127.3634826113921,1.4551915228366852e-11,0
2024,tin,refined_metal,EU27,RoW,7390.380652505435,7390.380652505435,7390.380652505435,127.3634826113921,4562.190456082113,0
2024,tin,refined_metal,RoW,China,28720.23283653612,25056.533989743028,25056.533989743028,3790.9213162829983,0.0,0
2024,tin,refined_metal,RoW,EU27,41115.42967929129,40988.20720980137,40988.20720980137,3790.9213162829983,1.4551915228366852e-11,0
2024,tin,refined_metal,RoW,RoW,115776.6744841726,115776.6744841726,115776.6744841726,3790.9213162829983,4562.190456082113,0
2024,tin,refined_metal,China,China,0.0,0.0,0.0,2.2189079564632266,0.0,1
2024,tin,refined_metal,China,EU27,2.2189079564628145,2.930446711111704e-14,3635.9839355724357,2.2189079564632266,0.0,1
2024,tin,refined_metal,China,RoW,9.066749231260887,9.066749231260887,14912.2891564711,2.2189079564632266,1734.4779645062517,1
2024,tin,refined_metal,EU27,China,0.0,0.0,86.98701025697564,106.18333339264063,0.0,1
2024,tin,refined_metal,EU27,EU27,106.18333339263745,1.4023321661857615e-12,36935.86185462619,106.18333339264063,0.0,1
2024,tin,refined_metal,EU27,RoW,21.180149218754654,21.180149218754654,7411.56080172419,106.18333339264063,1734.4779645062517,1
2024,tin,refined_metal,RoW,China,0.0,0.0,25056.533989743028,993.4557231571234,0.0,1
2024,tin,refined_metal,RoW,EU27,993.455723157144,1.3120278595069973e-11,40988.20720980138,993.4557231571234,0.0,1
2024,tin,refined_metal,RoW,RoW,2797.4655931258544,2797.4655931258544,118574.14007729846,993.4557231571234,1734.4779645062517,1
2024,tin,scrap,China,China,0.0,0.0,0.0,3.22751921501947,668.2137557654697,0
2024,tin,scrap,China,EU27,9.860226186204455,9.860226186204455,9.860226186204455,3.22751921501947,1576.617913888489,0
2024,tin,scrap,China,RoW,134.36977381379558,131.1422545987761,131.1422545987761,3.22751921501947,0.0,0
2024,tin,scrap,EU27,China,0.46309884605412877,0.46309884605412877,0.46309884605412877,41.02152978553295,668.2137557654697,0
2024,tin,scrap,EU27,EU27,4731.030044362619,4731.030044362619,4731.030044362619,41.02152978553295,1576.617913888489,0
2024,tin,scrap,EU27,RoW,1707.829856791326,1666.8083270057928,1666.8083270057928,41.02152978553295,0.0,0
2024,tin,scrap,RoW,China,864.9871453884762,864.9871453884762,864.9871453884762,2179.2166206533875,668.2137557654697,0
2024,tin,scrap,RoW,EU27,2731.7408155626867,2731.7408155626867,2731.7408155626867,2179.2166206533875,1576.617913888489,0
2024,tin,scrap,RoW,RoW,90726.29003904884,88547.07341839545,88547.07341839545,2179.2166206533875,0.0,0
2024,tin,scrap,China,China,0.0,0.0,0.0,0.23314639361905165,144.12385370188395,1
2024,tin,scrap,China,EU27,3.22751921501947,2.994372821400407,12.854599007604863,0.23314639361905165,0.0,1
2024,tin,scrap,China,RoW,0.0,0.0,131.1422545987761,0.23314639361905165,0.0,1
2024,tin,scrap,EU27,China,0.004015016514252519,0.004015016514252519,0.4671138625683813,2.962983333797638,144.12385370188395,1
2024,tin,scrap,EU27,EU27,41.017514769018696,38.05453143522136,4769.08457579784,2.962983333797638,0.0,1
2024,tin,scrap,EU27,RoW,0.0,0.0,1666.8083270057928,2.962983333797638,0.0,1
2024,tin,scrap,RoW,China,524.0858870470717,524.0858870470717,1389.0730324355477,119.56172397444607,144.12385370188395,1
2024,tin,scrap,RoW,EU27,1655.1307336063157,1535.5690096318672,4267.309825194554,119.56172397444607,0.0,1
2024,tin,scrap,RoW,RoW,0.0,0.0,88547.07341839545,119.56172397444607,0.0,1
2024,zinc,concentrates,China,China,0.0,0.0,0.0,206.0209048099441,0.0,0
2024,zinc,concentrates,China,EU27,103.37992834613517,103.37992834613517,103.37992834613517,206.0209048099441,350234.61476052366,0
2024,zinc,concentrates,China,RoW,3679.0308716538652,3473.0099668439207,3473.0099668439207,206.0209048099441,0.0,0
2024,zinc,concentrates,EU27,China,31936.024072807388,31409.678237276792,31409.678237276792,17039.249574381392,0.0,0
2024,zinc,concentrates,EU27,EU27,1172739.7043852203,1172739.7043852203,1172739.7043852203,17039.249574381392,350234.61476052366,0
2024,zinc,concentrates,EU27,RoW,294880.18554197234,278367.2818031213,278367.2818031213,17039.249574381392,0.0,0
2024,zinc,concentrates,RoW,China,4192262.7744591692,4123169.0122627234,4123169.0122627234,328726.2511813324,0.0,0
2024,zinc,concentrates,RoW,EU27,1566124.3733259102,1566124.3733259102,1566124.3733259102,328726.2511813324,350234.61476052366,0
2024,zinc,concentrates,RoW,RoW,4636403.005514922,4376770.516530035,4376770.516530035,328726.2511813324,0.0,0
2024,zinc,concentrates,China,China,0.0,0.0,0.0,0.0,0.0,1
2024,zinc,concentrates,China,EU27,206.0209048099441,206.0209048099441,309.4008331560793,0.0,4263.0930999992415,1
2024,zinc,concentrates,China,RoW,0.0,0.0,3473.0099668439207,0.0,0.0,1
2024,zinc,concentrates,EU27,China,0.0,0.0,31409.678237276792,0.0,0.0,1
2024,zinc,concentrates,EU27,EU27,17039.249574381392,17039.249574381392,1189778.9539596017,0.0,4263.0930999992415,1
2024,zinc,concentrates,EU27,RoW,0.0,0.0,278367.2818031213,0.0,0.0,1
2024,zinc,concentrates,RoW,China,0.0,0.0,4123169.0122627234,0.0,0.0,1
2024,zinc,concentrates,RoW,EU27,328726.2511813324,328726.2511813324,1894850.6245072426,0.0,4263.0930999992415,1
2024,zinc,concentrates,RoW,RoW,0.0,0.0,4376770.516530035,0.0,0.0,1
2024,zinc,refined_metal,China,China,0.0,0.0,0.0,0.0,143357.87096775882,0
2024,zinc,refined_metal,China,EU27,271.48434390221735,271.48434390221735,271.48434390221735,0.0,26598.323335499736,0
2024,zinc,refined_metal,China,RoW,30030.171256097787,30030.171256097787,30030.171256097787,0.0,4802961.572396743,0
2024,zinc,refined_metal,EU27,China,3045.4378357493256,3045.4378357493256,3045.4378357493256,4.656612873077393e-10,143357.87096775882,0
2024,zinc,refined_metal,EU27,EU27,1118936.0015997894,1118936.0015997894,1118936.0015997894,4.656612873077393e-10,26598.323335499736,0
2024,zinc,refined_metal,EU27,RoW,766378.0453644608,766378.0453644608,766378.0453644608,4.656612873077393e-10,4802961.572396743,0
2024,zinc,refined_metal,RoW,China,344214.3866964919,344214.3866964919,344214.3866964919,0.0,143357.87096775882,0
2024,zinc,refined_metal,RoW,EU27,423823.41282080894,423823.41282080894,423823.41282080894,0.0,26598.323335499736,0
2024,zinc,refined_metal,RoW,RoW,2644963.853182699,2644963.853182699,2644963.853182699,0.0,4802961.572396743,0
2024,zinc,refined_metal,China,China,0.0,0.0,0.0,0.0,143357.87096775876,1
2024,zinc,refined_metal,China,EU27,0.0,0.0,271.48434390221735,0.0,26598.32333549927,1
2024,zinc,refined_metal,China,RoW,0.0,0.0,30030.171256097787,0.0,4802961.572396742,1
2024,zinc,refined_metal,EU27,China,7.509918076646963e-13,7.509918076646963e-13,3045.4378357493265,0.0,143357.87096775876,1
2024,zinc,refined_metal,EU27,EU27,2.759247818617108e-10,2.759247818617108e-10,1118936.0015997896,0.0,26598.32333549927,1
2024,zinc,refined_metal,EU27,RoW,1.889855136383637e-10,1.889855136383637e-10,766378.045364461,0.0,4802961.572396742,1
2024,zinc,refined_metal,RoW,China,0.0,0.0,344214.3866964919,0.0,143357.87096775876,1
2024,zinc,refined_metal,RoW,EU27,0.0,0.0,423823.41282080894,0.0,26598.32333549927,1
2024,zinc,refined_metal,RoW,RoW,0.0,0.0,2644963.853182699,0.0,4802961.572396742,1
2024,zinc,scrap,China,China,0.0,0.0,0.0,29.772598236585225,14196.398005572759,0
2024,zinc,scrap,China,EU27,14.786941868912873,14.786941868912873,14.786941868912873,29.772598236585225,30430.903130677878,0
2024,zinc,scrap,China,RoW,294.2615581310871,264.4889598945019,264.4889598945019,29.772598236585225,0.0,0
2024,zinc,scrap,EU27,China,288.8932055811386,288.8932055811386,288.8932055811386,8108.989633831137,14196.398005572759,0
2024,zinc,scrap,EU27,EU27,386033.0240602252,386033.0240602252,386033.0240602252,8108.989633831137,30430.903130677878,0
2024,zinc,scrap,EU27,RoW,80146.3112341937,72037.32160036263,72037.32160036263,8108.989633831137,0.0,0
2024,zinc,scrap,RoW,China,37407.28078884611,37407.28078884611,37407.28078884611,36488.53890418296,14196.398005572759,0
2024,zinc,scrap,RoW,EU27,69755.44136722805,69755.44136722805,69755.44136722805,36488.53890418296,30430.903130677878,0
2024,zinc,scrap,RoW,RoW,360639.47884392587,324150.9399397429,324150.9399397429,36488.53890418296,0.0,0
2024,zinc,scrap,China,China,0.0,0.0,0.0,1.3570370734070138,1453.28341356491,1
2024,zinc,scrap,China,EU27,29.772598236585225,28.415561163178207,43.20250303209108,1.3570370734070138,0.0,1
2024,zinc,scrap,China,RoW,0.0,0.0,264.4889598945019,1.3570370734070138,0.0,1
2024,zinc,scrap,EU27,China,6.063937624667223,6.063937624667223,294.95714320580583,369.33191001456,1453.28341356491,1
2024,zinc,scrap,EU27,EU27,8102.92569620647,7733.5937861918965,393766.61784641707,369.33191001456,0.0,1
2024,zinc,scrap,EU27,RoW,0.0,0.0,72037.32160036263,369.33191001456,0.0,1
2024,zinc,scrap,RoW,China,12737.050654383178,12737.050654383178,50144.33144322929,1082.594466476934,1453.28341356491,1
2024,zinc,scrap,RoW,EU27,23751.488249799782,22668.8937833228,92424.33515055085,1082.594466476934,0.0,1
2024,zinc,scrap,RoW,RoW,0.0,0.0,324150.9399397429,1082.594466476934,0.0,1
