mode,year,material,commodity,destination_region,origin_region,share_origin_frac
constrained,1995,nickel,concentrates,China,China,0.0
constrained,1995,nickel,concentrates,China,EU27,0.056417850729955504
constrained,1995,nickel,concentrates,China,RoW,0.9435821492700445
constrained,1995,nickel,concentrates,EU27,China,0.0
constrained,1995,nickel,concentrates,EU27,EU27,0.09360789547690058
constrained,1995,nickel,concentrates,EU27,RoW,0.9063921045230995
constrained,1995,nickel,concentrates,RoW,China,9.839905374234787e-05
constrained,1995,nickel,concentrates,RoW,EU27,0.0104315314309387
constrained,1995,nickel,concentrates,RoW,RoW,0.9894700695153189
constrained,1995,nickel,refined_metal,China,China,0.0
constrained,1995,nickel,refined_metal,China,EU27,0.029895668036034315
constrained,1995,nickel,refined_metal,China,RoW,0.9701043319639657
constrained,1995,nickel,refined_metal,EU27,China,0.00048284384748374133
constrained,1995,nickel,refined_metal,EU27,EU27,0.14207502209850156
constrained,1995,nickel,refined_metal,EU27,RoW,0.8574421340540147
constrained,1995,nickel,refined_metal,RoW,China,0.013577949246172746
constrained,1995,nickel,refined_metal,RoW,EU27,0.057780866892853944
constrained,1995,nickel,refined_metal,RoW,RoW,0.9286411838609734
constrained,1995,nickel,scrap,China,China,0.0
constrained,1995,nickel,scrap,China,EU27,0.0017587983889406755
constrained,1995,nickel,scrap,China,RoW,0.9982412016110593
constrained,1995,nickel,scrap,EU27,China,0.0004274219880391143
constrained,1995,nickel,scrap,EU27,EU27,0.6890054590780607
constrained,1995,nickel,scrap,EU27,RoW,0.3105671189339002
constrained,1995,nickel,scrap,RoW,China,0.014514065148475341
constrained,1995,nickel,scrap,RoW,EU27,0.15151456188115495
constrained,1995,nickel,scrap,RoW,RoW,0.8339713729703697
constrained,1995,tin,concentrates,China,China,0.0
constrained,1995,tin,concentrates,China,EU27,0.0
constrained,1995,tin,concentrates,China,RoW,1.0
constrained,1995,tin,concentrates,EU27,China,0.0
constrained,1995,tin,concentrates,EU27,EU27,0.1975921681759856
constrained,1995,tin,concentrates,EU27,RoW,0.8024078318240144
constrained,1995,tin,concentrates,RoW,China,0.017410333543207097
constrained,1995,tin,concentrates,RoW,EU27,0.0618387013305417
constrained,1995,tin,concentrates,RoW,RoW,0.9207509651262512
constrained,1995,tin,refined_metal,China,China,0.0
constrained,1995,tin,refined_metal,China,EU27,0.004806307250157004
constrained,1995,tin,refined_metal,China,RoW,0.995193692749843
constrained,1995,tin,refined_metal,EU27,China,0.2695454207777171
constrained,1995,tin,refined_metal,EU27,EU27,0.23070367455082397
constrained,1995,tin,refined_metal,EU27,RoW,0.49975090467145883
constrained,1995,tin,refined_metal,RoW,China,0.20334218412992916
constrained,1995,tin,refined_metal,RoW,EU27,0.025677766884394403
constrained,1995,tin,refined_metal,RoW,RoW,0.7709800489856764
constrained,1995,tin,scrap,China,China,0.0
constrained,1995,tin,scrap,China,EU27,0.10200341170690236
constrained,1995,tin,scrap,China,RoW,0.8979965882930976
constrained,1995,tin,scrap,EU27,China,0.00016335243631174375
constrained,1995,tin,scrap,EU27,EU27,0.7055691582759326
constrained,1995,tin,scrap,EU27,RoW,0.29426748928775565
constrained,1995,tin,scrap,RoW,China,0.0014968360597791273
constrained,1995,tin,scrap,RoW,EU27,0.015634826670828775
constrained,1995,tin,scrap,RoW,RoW,0.982868337269392
constrained,1995,zinc,concentrates,China,China,0.0
constrained,1995,zinc,concentrates,China,EU27,0.00026912824403446266
constrained,1995,zinc,concentrates,China,RoW,0.9997308717559655
constrained,1995,zinc,concentrates,EU27,China,0.0032237045843370215
constrained,1995,zinc,concentrates,EU27,EU27,0.2793727617166821
constrained,1995,zinc,concentrates,EU27,RoW,0.7174035336989808
constrained,1995,zinc,concentrates,RoW,China,0.062078666607364094
constrained,1995,zinc,concentrates,RoW,EU27,0.08681801925685868
constrained,1995,zinc,concentrates,RoW,RoW,0.8511033141357771
constrained,1995,zinc,refined_metal,China,China,0.0
constrained,1995,zinc,refined_metal,China,EU27,0.03278219734348357
constrained,1995,zinc,refined_metal,China,RoW,0.9672178026565165
constrained,1995,zinc,refined_metal,EU27,China,0.008798222574041116
constrained,1995,zinc,refined_metal,EU27,EU27,0.7259537191479285
constrained,1995,zinc,refined_metal,EU27,RoW,0.26524805827803044
constrained,1995,zinc,refined_metal,RoW,China,0.12284942556518742
constrained,1995,zinc,refined_metal,RoW,EU27,0.18729821014761475
constrained,1995,zinc,refined_metal,RoW,RoW,0.6898523642871978
constrained,1995,zinc,scrap,China,China,0.0
constrained,1995,zinc,scrap,China,EU27,0.3096537546599822
constrained,1995,zinc,scrap,China,RoW,0.6903462453400179
constrained,1995,zinc,scrap,EU27,China,0.00017183403142995157
constrained,1995,zinc,scrap,EU27,EU27,0.807210624329275
constrained,1995,zinc,scrap,EU27,RoW,0.192617541639295
constrained,1995,zinc,scrap,RoW,China,0.03775919851371043
constrained,1995,zinc,scrap,RoW,EU27,0.306791885775957
constrained,1995,zinc,scrap,RoW,RoW,0.6554489157103325
constrained,1996,nickel,concentrates,China,China,0.0
constrained,1996,nickel,concentrates,China,EU27,0.019848799480941356
constrained,1996,nickel,concentrates,China,RoW,0.9801512005190587
constrained,1996,nickel,concentrates,EU27,China,0.0
constrained,1996,nickel,concentrates,EU27,EU27,0.03314545892704832
constrained,1996,nickel,concentrates,EU27,RoW,0.9668545410729517
constrained,1996,nickel,concentrates,RoW,China,9.478858021249958e-06
constrained,1996,nickel,concentrates,RoW,EU27,0.006331934218022024
constrained,1996,nickel,concentrates,RoW,RoW,0.9936585869239567
constrained,1996,nickel,refined_metal,China,China,0.0
constrained,1996,nickel,refined_metal,China,EU27,0.01323491109164483
constrained,1996,nickel,refined_metal,China,RoW,0.9867650889083551
constrained,1996,nickel,refined_metal,EU27,China,0.0003356859576214886
constrained,1996,nickel,refined_metal,EU27,EU27,0.2005451144734241
constrained,1996,nickel,refined_metal,EU27,RoW,0.7991191995689544
constrained,1996,nickel,refined_metal,RoW,China,0.0012618897241959074
constrained,1996,nickel,refined_metal,RoW,EU27,0.0631589338402792
constrained,1996,nickel,refined_metal,RoW,RoW,0.9355791764355248
constrained,1996,nickel,scrap,China,China,0.0
constrained,1996,nickel,scrap,China,EU27,0.005186610217141273
constrained,1996,nickel,scrap,China,RoW,0.9948133897828588
constrained,1996,nickel,scrap,EU27,China,5.83452437400217e-05
constrained,1996,nickel,scrap,EU27,EU27,0.5083362186596369
constrained,1996,nickel,scrap,EU27,RoW,0.4916054360966232
constrained,1996,nickel,scrap,RoW,China,0.0028262759485413163
constrained,1996,nickel,scrap,RoW,EU27,0.1256857972219953
constrained,1996,nickel,scrap,RoW,RoW,0.8714879268294634
constrained,1996,tin,concentrates,China,China,0.0
constrained,1996,tin,concentrates,China,EU27,0.0
constrained,1996,tin,concentrates,China,RoW,1.0
constrained,1996,tin,concentrates,EU27,China,0.006655786519599132
constrained,1996,tin,concentrates,EU27,EU27,0.029961813345215832
constrained,1996,tin,concentrates,EU27,RoW,0.9633824001351851
constrained,1996,tin,concentrates,RoW,China,0.021066441146976565
constrained,1996,tin,concentrates,RoW,EU27,0.05008424824242023
constrained,1996,tin,concentrates,RoW,RoW,0.9288493106106032
constrained,1996,tin,refined_metal,China,China,0.0
constrained,1996,tin,refined_metal,China,EU27,0.003985719213421838
constrained,1996,tin,refined_metal,China,RoW,0.9960142807865782
constrained,1996,tin,refined_metal,EU27,China,0.2311303145446975
constrained,1996,tin,refined_metal,EU27,EU27,0.24463702032842402
constrained,1996,tin,refined_metal,EU27,RoW,0.5242326651268785
constrained,1996,tin,refined_metal,RoW,China,0.15185287044635243
constrained,1996,tin,refined_metal,RoW,EU27,0.02489442418401754
constrained,1996,tin,refined_metal,RoW,RoW,0.8232527053696301
constrained,1996,tin,scrap,China,China,0.0
constrained,1996,tin,scrap,China,EU27,0.087196544693643
constrained,1996,tin,scrap,China,RoW,0.912803455306357
constrained,1996,tin,scrap,EU27,China,0.0006426883741179729
constrained,1996,tin,scrap,EU27,EU27,0.8288222834157098
constrained,1996,tin,scrap,EU27,RoW,0.17053502821017216
constrained,1996,tin,scrap,RoW,China,0.003160451094547451
constrained,1996,tin,scrap,RoW,EU27,0.031939111831690764
constrained,1996,tin,scrap,RoW,RoW,0.9649004370737617
constrained,1996,zinc,concentrates,China,China,0.0
constrained,1996,zinc,concentrates,China,EU27,0.00011762767416185798
constrained,1996,zinc,concentrates,China,RoW,0.9998823723258381
constrained,1996,zinc,concentrates,EU27,China,0.001874316383315241
constrained,1996,zinc,concentrates,EU27,EU27,0.3633532738402128
constrained,1996,zinc,concentrates,EU27,RoW,0.6347724097764719
constrained,1996,zinc,concentrates,RoW,China,0.027888890288617862
constrained,1996,zinc,concentrates,RoW,EU27,0.09439834171614703
constrained,1996,zinc,concentrates,RoW,RoW,0.8777127679952351
constrained,1996,zinc,refined_metal,China,China,0.0
constrained,1996,zinc,refined_metal,China,EU27,0.048473504455039826
constrained,1996,zinc,refined_metal,China,RoW,0.9515264955449602
constrained,1996,zinc,refined_metal,EU27,China,0.005462076837649266
constrained,1996,zinc,refined_metal,EU27,EU27,0.7462115988196073
constrained,1996,zinc,refined_metal,EU27,RoW,0.2483263243427434
constrained,1996,zinc,refined_metal,RoW,China,0.11059518135040802
constrained,1996,zinc,refined_metal,RoW,EU27,0.20453676893937275
constrained,1996,zinc,refined_metal,RoW,RoW,0.6848680497102192
constrained,1996,zinc,scrap,China,China,0.0
constrained,1996,zinc,scrap,China,EU27,0.3755560851060211
constrained,1996,zinc,scrap,China,RoW,0.624443914893979
constrained,1996,zinc,scrap,EU27,China,0.0001367746222337332
constrained,1996,zinc,scrap,EU27,EU27,0.8344554974480353
constrained,1996,zinc,scrap,EU27,RoW,0.16540772792973102
constrained,1996,zinc,scrap,RoW,China,0.014713344366331815
constrained,1996,zinc,scrap,RoW,EU27,0.3713575130997777
constrained,1996,zinc,scrap,RoW,RoW,0.6139291425338904
constrained,1997,nickel,concentrates,China,China,0.0
constrained,1997,nickel,concentrates,China,EU27,0.009355778549185168
constrained,1997,nickel,concentrates,China,RoW,0.9906442214508149
constrained,1997,nickel,concentrates,EU27,China,0.0
constrained,1997,nickel,concentrates,EU27,EU27,0.030237562210463566
constrained,1997,nickel,concentrates,EU27,RoW,0.9697624377895364
constrained,1997,nickel,concentrates,RoW,China,0.00037422797541568017
constrained,1997,nickel,concentrates,RoW,EU27,0.008599321555918202
constrained,1997,nickel,concentrates,RoW,RoW,0.9910264504686661
constrained,1997,nickel,refined_metal,China,China,0.0
constrained,1997,nickel,refined_metal,China,EU27,0.02249129723179294
constrained,1997,nickel,refined_metal,China,RoW,0.977508702768207
constrained,1997,nickel,refined_metal,EU27,China,0.0020012746355868565
constrained,1997,nickel,refined_metal,EU27,EU27,0.21918898694996627
constrained,1997,nickel,refined_metal,EU27,RoW,0.7788097384144469
constrained,1997,nickel,refined_metal,RoW,China,0.011872417789193023
constrained,1997,nickel,refined_metal,RoW,EU27,0.06202402287130585
constrained,1997,nickel,refined_metal,RoW,RoW,0.9261035593395011
constrained,1997,nickel,scrap,China,China,0.0
constrained,1997,nickel,scrap,China,EU27,0.003937979236865761
constrained,1997,nickel,scrap,China,RoW,0.9960620207631342
constrained,1997,nickel,scrap,EU27,China,0.0007854992344029991
constrained,1997,nickel,scrap,EU27,EU27,0.4041325614019855
constrained,1997,nickel,scrap,EU27,RoW,0.5950819393636114
constrained,1997,nickel,scrap,RoW,China,0.0068279093971168716
constrained,1997,nickel,scrap,RoW,EU27,0.1172023512437637
constrained,1997,nickel,scrap,RoW,RoW,0.8759697393591194
constrained,1997,tin,concentrates,China,China,0.0
constrained,1997,tin,concentrates,China,EU27,0.0
constrained,1997,tin,concentrates,China,RoW,1.0
constrained,1997,tin,concentrates,EU27,China,0.003162843923014826
constrained,1997,tin,concentrates,EU27,EU27,0.04661772062553906
constrained,1997,tin,concentrates,EU27,RoW,0.950219435451446
constrained,1997,tin,concentrates,RoW,China,0.033240572204405155
constrained,1997,tin,concentrates,RoW,EU27,0.09298428523257825
constrained,1997,tin,concentrates,RoW,RoW,0.8737751425630166
constrained,1997,tin,refined_metal,China,China,0.0
constrained,1997,tin,refined_metal,China,EU27,0.005368047574261444
constrained,1997,tin,refined_metal,China,RoW,0.9946319524257385
constrained,1997,tin,refined_metal,EU27,China,0.22050919400325805
constrained,1997,tin,refined_metal,EU27,EU27,0.23607514771945126
constrained,1997,tin,refined_metal,EU27,RoW,0.5434156582772907
constrained,1997,tin,refined_metal,RoW,China,0.13238023855721837
constrained,1997,tin,refined_metal,RoW,EU27,0.02926363766330569
constrained,1997,tin,refined_metal,RoW,RoW,0.838356123779476
constrained,1997,tin,scrap,China,China,0.0
constrained,1997,tin,scrap,China,EU27,0.0672318518022067
constrained,1997,tin,scrap,China,RoW,0.9327681481977933
constrained,1997,tin,scrap,EU27,China,0.0010499792782506525
constrained,1997,tin,scrap,EU27,EU27,0.7257133362305759
constrained,1997,tin,scrap,EU27,RoW,0.27323668449117344
constrained,1997,tin,scrap,RoW,China,0.006814974719363246
constrained,1997,tin,scrap,RoW,EU27,0.03279072432512603
constrained,1997,tin,scrap,RoW,RoW,0.9603943009555107
constrained,1997,zinc,concentrates,China,China,0.0
constrained,1997,zinc,concentrates,China,EU27,0.00010941201945124857
constrained,1997,zinc,concentrates,China,RoW,0.9998905879805488
constrained,1997,zinc,concentrates,EU27,China,0.007771893179855892
constrained,1997,zinc,concentrates,EU27,EU27,0.40390368620773615
constrained,1997,zinc,concentrates,EU27,RoW,0.588324420612408
constrained,1997,zinc,concentrates,RoW,China,0.07827307717163513
constrained,1997,zinc,concentrates,RoW,EU27,0.09327331721032843
constrained,1997,zinc,concentrates,RoW,RoW,0.8284536056180364
constrained,1997,zinc,refined_metal,China,China,0.0
constrained,1997,zinc,refined_metal,China,EU27,0.04670359474331978
constrained,1997,zinc,refined_metal,China,RoW,0.9532964052566802
constrained,1997,zinc,refined_metal,EU27,China,0.008750566072886675
constrained,1997,zinc,refined_metal,EU27,EU27,0.7332639880499789
constrained,1997,zinc,refined_metal,EU27,RoW,0.25798544587713446
constrained,1997,zinc,refined_metal,RoW,China,0.17316444525207883
constrained,1997,zinc,refined_metal,RoW,EU27,0.18763231790260723
constrained,1997,zinc,refined_metal,RoW,RoW,0.6392032368453139
constrained,1997,zinc,scrap,China,China,0.0
constrained,1997,zinc,scrap,China,EU27,0.4180424814088685
constrained,1997,zinc,scrap,China,RoW,0.5819575185911315
constrained,1997,zinc,scrap,EU27,China,0.00012341570425559553
constrained,1997,zinc,scrap,EU27,EU27,0.856809466046872
constrained,1997,zinc,scrap,EU27,RoW,0.14306711824887253
constrained,1997,zinc,scrap,RoW,China,0.006820978052727532
constrained,1997,zinc,scrap,RoW,EU27,0.43661351770458867
constrained,1997,zinc,scrap,RoW,RoW,0.5565655042426839
constrained,1998,nickel,concentrates,China,China,0.0
constrained,1998,nickel,concentrates,China,EU27,0.01064936796332693
constrained,1998,nickel,concentrates,China,RoW,0.9893506320366732
constrained,1998,nickel,concentrates,EU27,China,0.0
constrained,1998,nickel,concentrates,EU27,EU27,0.01330330817434326
constrained,1998,nickel,concentrates,EU27,RoW,0.9866966918256567
constrained,1998,nickel,concentrates,RoW,China,1.1535160670384953e-05
constrained,1998,nickel,concentrates,RoW,EU27,0.011313493201010614
constrained,1998,nickel,concentrates,RoW,RoW,0.988674971638319
constrained,1998,nickel,refined_metal,China,China,0.0
constrained,1998,nickel,refined_metal,China,EU27,0.02304561665502355
constrained,1998,nickel,refined_metal,China,RoW,0.9769543833449764
constrained,1998,nickel,refined_metal,EU27,China,0.0023377636966149334
constrained,1998,nickel,refined_metal,EU27,EU27,0.24387815188444795
constrained,1998,nickel,refined_metal,EU27,RoW,0.7537840844189371
constrained,1998,nickel,refined_metal,RoW,China,0.014324198036057566
constrained,1998,nickel,refined_metal,RoW,EU27,0.05334479463127293
constrained,1998,nickel,refined_metal,RoW,RoW,0.9323310073326695
constrained,1998,nickel,scrap,China,China,0.0
constrained,1998,nickel,scrap,China,EU27,0.00982677280100742
constrained,1998,nickel,scrap,China,RoW,0.9901732271989926
constrained,1998,nickel,scrap,EU27,China,0.0007345092793797545
constrained,1998,nickel,scrap,EU27,EU27,0.42494003223153687
constrained,1998,nickel,scrap,EU27,RoW,0.5743254584890833
constrained,1998,nickel,scrap,RoW,China,0.006998217344669435
constrained,1998,nickel,scrap,RoW,EU27,0.1025563866457017
constrained,1998,nickel,scrap,RoW,RoW,0.8904453960096288
constrained,1998,tin,concentrates,China,China,0.0
constrained,1998,tin,concentrates,China,EU27,0.0
constrained,1998,tin,concentrates,China,RoW,1.0
constrained,1998,tin,concentrates,EU27,China,0.000556911734725924
constrained,1998,tin,concentrates,EU27,EU27,0.2604686255198705
constrained,1998,tin,concentrates,EU27,RoW,0.7389744627454037
constrained,1998,tin,concentrates,RoW,China,0.008449302358546145
constrained,1998,tin,concentrates,RoW,EU27,0.17161745427741307
constrained,1998,tin,concentrates,RoW,RoW,0.8199332433640408
constrained,1998,tin,refined_metal,China,China,0.0
constrained,1998,tin,refined_metal,China,EU27,0.006572592607812504
constrained,1998,tin,refined_metal,China,RoW,0.9934274073921875
constrained,1998,tin,refined_metal,EU27,China,0.2953010550858551
constrained,1998,tin,refined_metal,EU27,EU27,0.2292898102435414
constrained,1998,tin,refined_metal,EU27,RoW,0.47540913467060353
constrained,1998,tin,refined_metal,RoW,China,0.18440805709122846
constrained,1998,tin,refined_metal,RoW,EU27,0.028288479496358744
constrained,1998,tin,refined_metal,RoW,RoW,0.7873034634124128
constrained,1998,tin,scrap,China,China,0.0
constrained,1998,tin,scrap,China,EU27,0.0
constrained,1998,tin,scrap,China,RoW,1.0
constrained,1998,tin,scrap,EU27,China,0.010216010656033335
constrained,1998,tin,scrap,EU27,EU27,0.6139511413363684
constrained,1998,tin,scrap,EU27,RoW,0.3758328480075983
constrained,1998,tin,scrap,RoW,China,0.00859533156831778
constrained,1998,tin,scrap,RoW,EU27,0.037700569470586615
constrained,1998,tin,scrap,RoW,RoW,0.9537040989610955
constrained,1998,zinc,concentrates,China,China,0.0
constrained,1998,zinc,concentrates,China,EU27,4.878382571087811e-05
constrained,1998,zinc,concentrates,China,RoW,0.9999512161742892
constrained,1998,zinc,concentrates,EU27,China,0.007122622903868626
constrained,1998,zinc,concentrates,EU27,EU27,0.3433144915240748
constrained,1998,zinc,concentrates,EU27,RoW,0.6495628855720565
constrained,1998,zinc,concentrates,RoW,China,0.056597635362926
constrained,1998,zinc,concentrates,RoW,EU27,0.05750185043504275
constrained,1998,zinc,concentrates,RoW,RoW,0.8859005142020313
constrained,1998,zinc,refined_metal,China,China,0.0
constrained,1998,zinc,refined_metal,China,EU27,0.05694344136895202
constrained,1998,zinc,refined_metal,China,RoW,0.943056558631048
constrained,1998,zinc,refined_metal,EU27,China,0.024001186597772006
constrained,1998,zinc,refined_metal,EU27,EU27,0.6465711766915253
constrained,1998,zinc,refined_metal,EU27,RoW,0.32942763671070274
constrained,1998,zinc,refined_metal,RoW,China,0.19181047036646776
constrained,1998,zinc,refined_metal,RoW,EU27,0.15702987158999834
constrained,1998,zinc,refined_metal,RoW,RoW,0.6511596580435338
constrained,1998,zinc,scrap,China,China,0.0
constrained,1998,zinc,scrap,China,EU27,0.2650267704995916
constrained,1998,zinc,scrap,China,RoW,0.7349732295004083
constrained,1998,zinc,scrap,EU27,China,0.00171784384191223
constrained,1998,zinc,scrap,EU27,EU27,0.8240094624443451
constrained,1998,zinc,scrap,EU27,RoW,0.1742726937137428
constrained,1998,zinc,scrap,RoW,China,0.020880575966719588
constrained,1998,zinc,scrap,RoW,EU27,0.37919822601136555
constrained,1998,zinc,scrap,RoW,RoW,0.5999211980219148
constrained,1999,nickel,concentrates,China,China,0.0
constrained,1999,nickel,concentrates,China,EU27,0.002520522642474561
constrained,1999,nickel,concentrates,China,RoW,0.9974794773575254
constrained,1999,nickel,concentrates,EU27,China,0.0
constrained,1999,nickel,concentrates,EU27,EU27,0.005216155023038578
constrained,1999,nickel,concentrates,EU27,RoW,0.9947838449769614
constrained,1999,nickel,concentrates,RoW,China,8.39529079077907e-05
constrained,1999,nickel,concentrates,RoW,EU27,0.0027767297656667474
constrained,1999,nickel,concentrates,RoW,RoW,0.9971393173264256
constrained,1999,nickel,refined_metal,China,China,0.0
constrained,1999,nickel,refined_metal,China,EU27,0.04005853578099049
constrained,1999,nickel,refined_metal,China,RoW,0.9599414642190094
constrained,1999,nickel,refined_metal,EU27,China,0.00015993458293875855
constrained,1999,nickel,refined_metal,EU27,EU27,0.24473923472743764
constrained,1999,nickel,refined_metal,EU27,RoW,0.7551008306896236
constrained,1999,nickel,refined_metal,RoW,China,0.02158339199955962
constrained,1999,nickel,refined_metal,RoW,EU27,0.04959020562570006
constrained,1999,nickel,refined_metal,RoW,RoW,0.9288264023747403
constrained,1999,nickel,scrap,China,China,0.0
constrained,1999,nickel,scrap,China,EU27,0.02101006570366238
constrained,1999,nickel,scrap,China,RoW,0.9789899342963376
constrained,1999,nickel,scrap,EU27,China,0.0009463406590227666
constrained,1999,nickel,scrap,EU27,EU27,0.5604472121020172
constrained,1999,nickel,scrap,EU27,RoW,0.4386064472389601
constrained,1999,nickel,scrap,RoW,China,0.0064113301498165435
constrained,1999,nickel,scrap,RoW,EU27,0.11144214543099962
constrained,1999,nickel,scrap,RoW,RoW,0.8821465244191838
constrained,1999,tin,concentrates,China,China,0.0
constrained,1999,tin,concentrates,China,EU27,0.0002568151870758605
constrained,1999,tin,concentrates,China,RoW,0.9997431848129241
constrained,1999,tin,concentrates,EU27,China,0.013173943694545743
constrained,1999,tin,concentrates,EU27,EU27,0.29628864447180764
constrained,1999,tin,concentrates,EU27,RoW,0.6905374118336466
constrained,1999,tin,concentrates,RoW,China,0.031691204351863865
constrained,1999,tin,concentrates,RoW,EU27,0.05263432293718837
constrained,1999,tin,concentrates,RoW,RoW,0.9156744727109477
constrained,1999,tin,refined_metal,China,China,0.0
constrained,1999,tin,refined_metal,China,EU27,0.00953370475009352
constrained,1999,tin,refined_metal,China,RoW,0.9904662952499064
constrained,1999,tin,refined_metal,EU27,China,0.3138134886395061
constrained,1999,tin,refined_metal,EU27,EU27,0.2164593002939296
constrained,1999,tin,refined_metal,EU27,RoW,0.4697272110665643
constrained,1999,tin,refined_metal,RoW,China,0.19260590640028466
constrained,1999,tin,refined_metal,RoW,EU27,0.04258035437342434
constrained,1999,tin,refined_metal,RoW,RoW,0.764813739226291
constrained,1999,tin,scrap,China,China,0.0
constrained,1999,tin,scrap,China,EU27,0.0
constrained,1999,tin,scrap,China,RoW,1.0
constrained,1999,tin,scrap,EU27,China,0.0341554065795323
constrained,1999,tin,scrap,EU27,EU27,0.5936741961604689
constrained,1999,tin,scrap,EU27,RoW,0.3721703972599987
constrained,1999,tin,scrap,RoW,China,0.008252043275790402
constrained,1999,tin,scrap,RoW,EU27,0.03919540145537989
constrained,1999,tin,scrap,RoW,RoW,0.9525525552688298
constrained,1999,zinc,concentrates,China,China,0.0
constrained,1999,zinc,concentrates,China,EU27,0.00011321099447436035
constrained,1999,zinc,concentrates,China,RoW,0.9998867890055257
constrained,1999,zinc,concentrates,EU27,China,0.008578303399284845
constrained,1999,zinc,concentrates,EU27,EU27,0.3367985889810209
constrained,1999,zinc,concentrates,EU27,RoW,0.6546231076196943
constrained,1999,zinc,concentrates,RoW,China,0.056647382653799094
constrained,1999,zinc,concentrates,RoW,EU27,0.06106752163826434
constrained,1999,zinc,concentrates,RoW,RoW,0.8822850957079367
constrained,1999,zinc,refined_metal,China,China,0.0
constrained,1999,zinc,refined_metal,China,EU27,0.08337703260751332
constrained,1999,zinc,refined_metal,China,RoW,0.9166229673924867
constrained,1999,zinc,refined_metal,EU27,China,0.017237385341270645
constrained,1999,zinc,refined_metal,EU27,EU27,0.7070514183108424
constrained,1999,zinc,refined_metal,EU27,RoW,0.275711196347887
constrained,1999,zinc,refined_metal,RoW,China,0.19017461516391143
constrained,1999,zinc,refined_metal,RoW,EU27,0.12621396656833456
constrained,1999,zinc,refined_metal,RoW,RoW,0.683611418267754
constrained,1999,zinc,scrap,China,China,0.0
constrained,1999,zinc,scrap,China,EU27,0.3226977315989361
constrained,1999,zinc,scrap,China,RoW,0.677302268401064
constrained,1999,zinc,scrap,EU27,China,0.0008275353983716403
constrained,1999,zinc,scrap,EU27,EU27,0.8685199993977871
constrained,1999,zinc,scrap,EU27,RoW,0.13065246520384124
constrained,1999,zinc,scrap,RoW,China,0.03388125038853128
constrained,1999,zinc,scrap,RoW,EU27,0.35365269935314164
constrained,1999,zinc,scrap,RoW,RoW,0.6124660502583271
constrained,2000,nickel,concentrates,China,China,0.0
constrained,2000,nickel,concentrates,China,EU27,0.020099678297464504
constrained,2000,nickel,concentrates,China,RoW,0.9799003217025355
constrained,2000,nickel,concentrates,EU27,China,1.8352870164962634e-07
constrained,2000,nickel,concentrates,EU27,EU27,0.012624400831053774
constrained,2000,nickel,concentrates,EU27,RoW,0.9873754156402446
constrained,2000,nickel,concentrates,RoW,China,3.272939619600574e-05
constrained,2000,nickel,concentrates,RoW,EU27,0.004334791098682817
constrained,2000,nickel,concentrates,RoW,RoW,0.9956324795051211
constrained,2000,nickel,refined_metal,China,China,0.0
constrained,2000,nickel,refined_metal,China,EU27,0.02558757806477659
constrained,2000,nickel,refined_metal,China,RoW,0.9744124219352235
constrained,2000,nickel,refined_metal,EU27,China,9.407755582267935e-05
constrained,2000,nickel,refined_metal,EU27,EU27,0.25416589173348103
constrained,2000,nickel,refined_metal,EU27,RoW,0.7457400307106964
constrained,2000,nickel,refined_metal,RoW,China,0.021455973663509167
constrained,2000,nickel,refined_metal,RoW,EU27,0.0534135673866825
constrained,2000,nickel,refined_metal,RoW,RoW,0.9251304589498083
constrained,2000,nickel,scrap,China,China,0.0
constrained,2000,nickel,scrap,China,EU27,0.06993515674908603
constrained,2000,nickel,scrap,China,RoW,0.930064843250914
constrained,2000,nickel,scrap,EU27,China,4.321481717947309e-05
constrained,2000,nickel,scrap,EU27,EU27,0.64840794449426
constrained,2000,nickel,scrap,EU27,RoW,0.3515488406885606
constrained,2000,nickel,scrap,RoW,China,0.014197786823002755
constrained,2000,nickel,scrap,RoW,EU27,0.119505943326101
constrained,2000,nickel,scrap,RoW,RoW,0.8662962698508963
constrained,2000,tin,concentrates,China,China,0.0
constrained,2000,tin,concentrates,China,EU27,0.07239840797589024
constrained,2000,tin,concentrates,China,RoW,0.9276015920241097
constrained,2000,tin,concentrates,EU27,China,0.015611001947760663
constrained,2000,tin,concentrates,EU27,EU27,0.6495218739600522
constrained,2000,tin,concentrates,EU27,RoW,0.33486712409218705
constrained,2000,tin,concentrates,RoW,China,0.036474781131094036
constrained,2000,tin,concentrates,RoW,EU27,0.17125093618611517
constrained,2000,tin,concentrates,RoW,RoW,0.7922742826827908
constrained,2000,tin,refined_metal,China,China,0.0
constrained,2000,tin,refined_metal,China,EU27,0.010551035922649783
constrained,2000,tin,refined_metal,China,RoW,0.9894489640773502
constrained,2000,tin,refined_metal,EU27,China,0.32572819545127346
constrained,2000,tin,refined_metal,EU27,EU27,0.20525283339949268
constrained,2000,tin,refined_metal,EU27,RoW,0.4690189711492338
constrained,2000,tin,refined_metal,RoW,China,0.19341881890971926
constrained,2000,tin,refined_metal,RoW,EU27,0.029431040701844175
constrained,2000,tin,refined_metal,RoW,RoW,0.7771501403884365
constrained,2000,tin,scrap,China,China,0.0
constrained,2000,tin,scrap,China,EU27,0.0
constrained,2000,tin,scrap,China,RoW,1.0
constrained,2000,tin,scrap,EU27,China,0.0481810161628462
constrained,2000,tin,scrap,EU27,EU27,0.6200209279561254
constrained,2000,tin,scrap,EU27,RoW,0.3317980558810283
constrained,2000,tin,scrap,RoW,China,0.01194327192210507
constrained,2000,tin,scrap,RoW,EU27,0.032330978344208706
constrained,2000,tin,scrap,RoW,RoW,0.9557257497336862
constrained,2000,zinc,concentrates,China,China,0.0
constrained,2000,zinc,concentrates,China,EU27,0.002433877438093326
constrained,2000,zinc,concentrates,China,RoW,0.9975661225619068
constrained,2000,zinc,concentrates,EU27,China,0.004486012933332057
constrained,2000,zinc,concentrates,EU27,EU27,0.3380989398272197
constrained,2000,zinc,concentrates,EU27,RoW,0.6574150472394481
constrained,2000,zinc,concentrates,RoW,China,0.040811043829245344
constrained,2000,zinc,concentrates,RoW,EU27,0.06336388940962058
constrained,2000,zinc,concentrates,RoW,RoW,0.895825066761134
constrained,2000,zinc,refined_metal,China,China,0.0
constrained,2000,zinc,refined_metal,China,EU27,0.10622031743636531
constrained,2000,zinc,refined_metal,China,RoW,0.8937796825636347
constrained,2000,zinc,refined_metal,EU27,China,0.03488994949539784
constrained,2000,zinc,refined_metal,EU27,EU27,0.6839871939148381
constrained,2000,zinc,refined_metal,EU27,RoW,0.28112285658976405
constrained,2000,zinc,refined_metal,RoW,China,0.20812803119614762
constrained,2000,zinc,refined_metal,RoW,EU27,0.10099462614151428
constrained,2000,zinc,refined_metal,RoW,RoW,0.690877342662338
constrained,2000,zinc,scrap,China,China,0.0
constrained,2000,zinc,scrap,China,EU27,0.2550253283686189
constrained,2000,zinc,scrap,China,RoW,0.7449746716313811
constrained,2000,zinc,scrap,EU27,China,0.0006471523081614034
constrained,2000,zinc,scrap,EU27,EU27,0.8765935157420017
constrained,2000,zinc,scrap,EU27,RoW,0.12275933194983685
constrained,2000,zinc,scrap,RoW,China,0.035802218275274585
constrained,2000,zinc,scrap,RoW,EU27,0.29715442411343546
constrained,2000,zinc,scrap,RoW,RoW,0.66704335761129
constrained,2001,nickel,concentrates,China,China,0.0
constrained,2001,nickel,concentrates,China,EU27,0.04036514116122307
constrained,2001,nickel,concentrates,China,RoW,0.959634858838777
constrained,2001,nickel,concentrates,EU27,China,7.972418379113667e-05
constrained,2001,nickel,concentrates,EU27,EU27,0.017512862093966113
constrained,2001,nickel,concentrates,EU27,RoW,0.9824074137222427
constrained,2001,nickel,concentrates,RoW,China,3.534785906202147e-05
constrained,2001,nickel,concentrates,RoW,EU27,0.005140900393643004
constrained,2001,nickel,concentrates,RoW,RoW,0.994823751747295
constrained,2001,nickel,refined_metal,China,China,0.0
constrained,2001,nickel,refined_metal,China,EU27,0.030245769806181474
constrained,2001,nickel,refined_metal,China,RoW,0.9697542301938186
constrained,2001,nickel,refined_metal,EU27,China,0.00012480723929098124
constrained,2001,nickel,refined_metal,EU27,EU27,0.21892309154419987
constrained,2001,nickel,refined_metal,EU27,RoW,0.7809521012165092
constrained,2001,nickel,refined_metal,RoW,China,0.006834319231101648
constrained,2001,nickel,refined_metal,RoW,EU27,0.056234396498557174
constrained,2001,nickel,refined_metal,RoW,RoW,0.9369312842703411
constrained,2001,nickel,scrap,China,China,0.0
constrained,2001,nickel,scrap,China,EU27,0.11355419973124056
constrained,2001,nickel,scrap,China,RoW,0.8864458002687595
constrained,2001,nickel,scrap,EU27,China,0.0004018842875737184
constrained,2001,nickel,scrap,EU27,EU27,0.651166820466957
constrained,2001,nickel,scrap,EU27,RoW,0.34843129524546934
constrained,2001,nickel,scrap,RoW,China,0.004898930541248084
constrained,2001,nickel,scrap,RoW,EU27,0.16273124993773072
constrained,2001,nickel,scrap,RoW,RoW,0.8323698195210212
constrained,2001,tin,concentrates,China,China,0.0
constrained,2001,tin,concentrates,China,EU27,0.126230771372791
constrained,2001,tin,concentrates,China,RoW,0.8737692286272091
constrained,2001,tin,concentrates,EU27,China,0.04725440555552613
constrained,2001,tin,concentrates,EU27,EU27,0.12458091882742234
constrained,2001,tin,concentrates,EU27,RoW,0.8281646756170515
constrained,2001,tin,concentrates,RoW,China,0.031879000342746946
constrained,2001,tin,concentrates,RoW,EU27,0.04103388029034294
constrained,2001,tin,concentrates,RoW,RoW,0.92708711936691
constrained,2001,tin,refined_metal,China,China,0.0
constrained,2001,tin,refined_metal,China,EU27,0.012453562114637093
constrained,2001,tin,refined_metal,China,RoW,0.9875464378853628
constrained,2001,tin,refined_metal,EU27,China,0.34217935710443453
constrained,2001,tin,refined_metal,EU27,EU27,0.1837693076592327
constrained,2001,tin,refined_metal,EU27,RoW,0.4740513352363329
constrained,2001,tin,refined_metal,RoW,China,0.21170928636435535
constrained,2001,tin,refined_metal,RoW,EU27,0.03221450754162539
constrained,2001,tin,refined_metal,RoW,RoW,0.7560762060940193
constrained,2001,tin,scrap,China,China,0.0
constrained,2001,tin,scrap,China,EU27,0.0
constrained,2001,tin,scrap,China,RoW,1.0
constrained,2001,tin,scrap,EU27,China,0.009176024749438034
constrained,2001,tin,scrap,EU27,EU27,0.7030028430974448
constrained,2001,tin,scrap,EU27,RoW,0.28782113215311733
constrained,2001,tin,scrap,RoW,China,0.0030717257765541526
constrained,2001,tin,scrap,RoW,EU27,0.02476530487474409
constrained,2001,tin,scrap,RoW,RoW,0.9721629693487018
constrained,2001,zinc,concentrates,China,China,0.0
constrained,2001,zinc,concentrates,China,EU27,0.032498995315919495
constrained,2001,zinc,concentrates,China,RoW,0.9675010046840805
constrained,2001,zinc,concentrates,EU27,China,0.0006085905318713074
constrained,2001,zinc,concentrates,EU27,EU27,0.35559668956913254
constrained,2001,zinc,concentrates,EU27,RoW,0.6437947198989962
constrained,2001,zinc,concentrates,RoW,China,0.005037719684675886
constrained,2001,zinc,concentrates,RoW,EU27,0.06597038689964481
constrained,2001,zinc,concentrates,RoW,RoW,0.9289918934156793
constrained,2001,zinc,refined_metal,China,China,0.0
constrained,2001,zinc,refined_metal,China,EU27,0.12588205044006925
constrained,2001,zinc,refined_metal,China,RoW,0.8741179495599308
constrained,2001,zinc,refined_metal,EU27,China,0.04259772732646428
constrained,2001,zinc,refined_metal,EU27,EU27,0.6889851874019053
constrained,2001,zinc,refined_metal,EU27,RoW,0.26841708527163033
constrained,2001,zinc,refined_metal,RoW,China,0.2040609756991987
constrained,2001,zinc,refined_metal,RoW,EU27,0.08627921661524082
constrained,2001,zinc,refined_metal,RoW,RoW,0.7096598076855605
constrained,2001,zinc,scrap,China,China,0.0
constrained,2001,zinc,scrap,China,EU27,0.33259470344988373
constrained,2001,zinc,scrap,China,RoW,0.6674052965501164
constrained,2001,zinc,scrap,EU27,China,0.0008607339670915808
constrained,2001,zinc,scrap,EU27,EU27,0.8746217757147461
constrained,2001,zinc,scrap,EU27,RoW,0.1245174903181624
constrained,2001,zinc,scrap,RoW,China,0.009860159180390193
constrained,2001,zinc,scrap,RoW,EU27,0.32890210220105004
constrained,2001,zinc,scrap,RoW,RoW,0.6612377386185598
constrained,2002,nickel,concentrates,China,China,0.0
constrained,2002,nickel,concentrates,China,EU27,0.1646689624650333
constrained,2002,nickel,concentrates,China,RoW,0.8353310375349667
constrained,2002,nickel,concentrates,EU27,China,0.00011831747083125518
constrained,2002,nickel,concentrates,EU27,EU27,0.021176856205392763
constrained,2002,nickel,concentrates,EU27,RoW,0.978704826323776
constrained,2002,nickel,concentrates,RoW,China,4.564141315306606e-05
constrained,2002,nickel,concentrates,RoW,EU27,0.004010449501696719
constrained,2002,nickel,concentrates,RoW,RoW,0.9959439090851503
constrained,2002,nickel,refined_metal,China,China,0.0
constrained,2002,nickel,refined_metal,China,EU27,0.020855435718778972
constrained,2002,nickel,refined_metal,China,RoW,0.979144564281221
constrained,2002,nickel,refined_metal,EU27,China,0.0003359380078002646
constrained,2002,nickel,refined_metal,EU27,EU27,0.1890343354568864
constrained,2002,nickel,refined_metal,EU27,RoW,0.8106297265353133
constrained,2002,nickel,refined_metal,RoW,China,0.005247628955815822
constrained,2002,nickel,refined_metal,RoW,EU27,0.0639237117176641
constrained,2002,nickel,refined_metal,RoW,RoW,0.9308286593265201
constrained,2002,nickel,scrap,China,China,0.0
constrained,2002,nickel,scrap,China,EU27,0.08771759924523212
constrained,2002,nickel,scrap,China,RoW,0.9122824007547679
constrained,2002,nickel,scrap,EU27,China,7.857680732486023e-06
constrained,2002,nickel,scrap,EU27,EU27,0.5793084268229358
constrained,2002,nickel,scrap,EU27,RoW,0.4206837154963317
constrained,2002,nickel,scrap,RoW,China,0.003813378524199805
constrained,2002,nickel,scrap,RoW,EU27,0.10757958710767732
constrained,2002,nickel,scrap,RoW,RoW,0.8886070343681228
constrained,2002,tin,concentrates,China,China,0.0
constrained,2002,tin,concentrates,China,EU27,0.1098402188933792
constrained,2002,tin,concentrates,China,RoW,0.8901597811066209
constrained,2002,tin,concentrates,EU27,China,0.02414125662672077
constrained,2002,tin,concentrates,EU27,EU27,0.32380654623685234
constrained,2002,tin,concentrates,EU27,RoW,0.6520521971364268
constrained,2002,tin,concentrates,RoW,China,0.017006777371122793
constrained,2002,tin,concentrates,RoW,EU27,0.03392706613666672
constrained,2002,tin,concentrates,RoW,RoW,0.9490661564922105
constrained,2002,tin,refined_metal,China,China,0.0
constrained,2002,tin,refined_metal,China,EU27,0.015424537740365854
constrained,2002,tin,refined_metal,China,RoW,0.9845754622596342
constrained,2002,tin,refined_metal,EU27,China,0.18849870084651058
constrained,2002,tin,refined_metal,EU27,EU27,0.17298580992844512
constrained,2002,tin,refined_metal,EU27,RoW,0.6385154892250443
constrained,2002,tin,refined_metal,RoW,China,0.18128688157652564
constrained,2002,tin,refined_metal,RoW,EU27,0.030616668451725424
constrained,2002,tin,refined_metal,RoW,RoW,0.788096449971749
constrained,2002,tin,scrap,China,China,0.0
constrained,2002,tin,scrap,China,EU27,0.0
constrained,2002,tin,scrap,China,RoW,1.0
constrained,2002,tin,scrap,EU27,China,0.0012280755742540108
constrained,2002,tin,scrap,EU27,EU27,0.6381912588456486
constrained,2002,tin,scrap,EU27,RoW,0.3605806655800973
constrained,2002,tin,scrap,RoW,China,0.002032105195709871
constrained,2002,tin,scrap,RoW,EU27,0.017627758890408626
constrained,2002,tin,scrap,RoW,RoW,0.9803401359138816
constrained,2002,zinc,concentrates,China,China,0.0
constrained,2002,zinc,concentrates,China,EU27,0.019496046316951836
constrained,2002,zinc,concentrates,China,RoW,0.9805039536830482
constrained,2002,zinc,concentrates,EU27,China,0.0009460526544118299
constrained,2002,zinc,concentrates,EU27,EU27,0.31148778076033196
constrained,2002,zinc,concentrates,EU27,RoW,0.6875661665852562
constrained,2002,zinc,concentrates,RoW,China,0.003236676918543586
constrained,2002,zinc,concentrates,RoW,EU27,0.050792524579750406
constrained,2002,zinc,concentrates,RoW,RoW,0.945970798501706
constrained,2002,zinc,refined_metal,China,China,0.0
constrained,2002,zinc,refined_metal,China,EU27,0.11018102611181943
constrained,2002,zinc,refined_metal,China,RoW,0.8898189738881805
constrained,2002,zinc,refined_metal,EU27,China,0.023253678211348917
constrained,2002,zinc,refined_metal,EU27,EU27,0.6747252222431316
constrained,2002,zinc,refined_metal,EU27,RoW,0.30202109954551953
constrained,2002,zinc,refined_metal,RoW,China,0.15807231878692946
constrained,2002,zinc,refined_metal,RoW,EU27,0.0772965957455114
constrained,2002,zinc,refined_metal,RoW,RoW,0.7646310854675591
constrained,2002,zinc,scrap,China,China,0.0
constrained,2002,zinc,scrap,China,EU27,0.34416909391428924
constrained,2002,zinc,scrap,China,RoW,0.6558309060857107
constrained,2002,zinc,scrap,EU27,China,3.463949163852825e-05
constrained,2002,zinc,scrap,EU27,EU27,0.84047581354209
constrained,2002,zinc,scrap,EU27,RoW,0.15948954696627152
constrained,2002,zinc,scrap,RoW,China,0.01303033968870819
constrained,2002,zinc,scrap,RoW,EU27,0.23356602805377338
constrained,2002,zinc,scrap,RoW,RoW,0.7534036322575184
constrained,2003,nickel,concentrates,China,China,0.0
constrained,2003,nickel,concentrates,China,EU27,0.23403307165040252
constrained,2003,nickel,concentrates,China,RoW,0.7659669283495976
constrained,2003,nickel,concentrates,EU27,China,4.379389597823786e-06
constrained,2003,nickel,concentrates,EU27,EU27,0.02656665474499785
constrained,2003,nickel,concentrates,EU27,RoW,0.9734289658654043
constrained,2003,nickel,concentrates,RoW,China,1.3299015121979911e-06
constrained,2003,nickel,concentrates,RoW,EU27,0.004385063040844445
constrained,2003,nickel,concentrates,RoW,RoW,0.9956136070576433
constrained,2003,nickel,refined_metal,China,China,0.0
constrained,2003,nickel,refined_metal,China,EU27,0.014510287257043793
constrained,2003,nickel,refined_metal,China,RoW,0.9854897127429562
constrained,2003,nickel,refined_metal,EU27,China,0.00014264348761981708
constrained,2003,nickel,refined_metal,EU27,EU27,0.15927265376932484
constrained,2003,nickel,refined_metal,EU27,RoW,0.8405847027430553
constrained,2003,nickel,refined_metal,RoW,China,0.011623659616590913
constrained,2003,nickel,refined_metal,RoW,EU27,0.05974554529117782
constrained,2003,nickel,refined_metal,RoW,RoW,0.9286307950922313
constrained,2003,nickel,scrap,China,China,0.0
constrained,2003,nickel,scrap,China,EU27,0.06933048196184903
constrained,2003,nickel,scrap,China,RoW,0.930669518038151
constrained,2003,nickel,scrap,EU27,China,0.0
constrained,2003,nickel,scrap,EU27,EU27,0.6542650438765983
constrained,2003,nickel,scrap,EU27,RoW,0.3457349561234017
constrained,2003,nickel,scrap,RoW,China,0.004728665218021786
constrained,2003,nickel,scrap,RoW,EU27,0.1417946511581467
constrained,2003,nickel,scrap,RoW,RoW,0.8534766836238314
constrained,2003,tin,concentrates,China,China,0.0
constrained,2003,tin,concentrates,China,EU27,0.16160480870506347
constrained,2003,tin,concentrates,China,RoW,0.8383951912949366
constrained,2003,tin,concentrates,EU27,China,0.0009618388579273544
constrained,2003,tin,concentrates,EU27,EU27,0.519066108485931
constrained,2003,tin,concentrates,EU27,RoW,0.4799720526561416
constrained,2003,tin,concentrates,RoW,China,0.01295672966347802
constrained,2003,tin,concentrates,RoW,EU27,0.02105473239950823
constrained,2003,tin,concentrates,RoW,RoW,0.9659885379370137
constrained,2003,tin,refined_metal,China,China,0.0
constrained,2003,tin,refined_metal,China,EU27,0.019631345794682065
constrained,2003,tin,refined_metal,China,RoW,0.9803686542053179
constrained,2003,tin,refined_metal,EU27,China,0.14445062402557785
constrained,2003,tin,refined_metal,EU27,EU27,0.14605030465791222
constrained,2003,tin,refined_metal,EU27,RoW,0.7094990713165099
constrained,2003,tin,refined_metal,RoW,China,0.1605173973769408
constrained,2003,tin,refined_metal,RoW,EU27,0.0383726734452881
constrained,2003,tin,refined_metal,RoW,RoW,0.8011099291777711
constrained,2003,tin,scrap,China,China,0.0
constrained,2003,tin,scrap,China,EU27,0.0
constrained,2003,tin,scrap,China,RoW,1.0
constrained,2003,tin,scrap,EU27,China,0.0011982317892399296
constrained,2003,tin,scrap,EU27,EU27,0.6391370427427925
constrained,2003,tin,scrap,EU27,RoW,0.3596647254679677
constrained,2003,tin,scrap,RoW,China,0.0025950404018519756
constrained,2003,tin,scrap,RoW,EU27,0.024412771494064508
constrained,2003,tin,scrap,RoW,RoW,0.9729921881040835
constrained,2003,zinc,concentrates,China,China,0.0
constrained,2003,zinc,concentrates,China,EU27,0.014595411827582954
constrained,2003,zinc,concentrates,China,RoW,0.985404588172417
constrained,2003,zinc,concentrates,EU27,China,0.0008207118199106881
constrained,2003,zinc,concentrates,EU27,EU27,0.341561034862255
constrained,2003,zinc,concentrates,EU27,RoW,0.6576182533178344
constrained,2003,zinc,concentrates,RoW,China,0.0019224653992728578
constrained,2003,zinc,concentrates,RoW,EU27,0.05019635759743086
constrained,2003,zinc,concentrates,RoW,RoW,0.9478811770032963
constrained,2003,zinc,refined_metal,China,China,0.0
constrained,2003,zinc,refined_metal,China,EU27,0.08255805912238795
constrained,2003,zinc,refined_metal,China,RoW,0.9174419408776121
constrained,2003,zinc,refined_metal,EU27,China,0.021030973645012524
constrained,2003,zinc,refined_metal,EU27,EU27,0.7322428218835827
constrained,2003,zinc,refined_metal,EU27,RoW,0.24672620447140467
constrained,2003,zinc,refined_metal,RoW,China,0.1641258429832899
constrained,2003,zinc,refined_metal,RoW,EU27,0.07097797242153706
constrained,2003,zinc,refined_metal,RoW,RoW,0.7648961845951731
constrained,2003,zinc,scrap,China,China,0.0
constrained,2003,zinc,scrap,China,EU27,0.40798048486116706
constrained,2003,zinc,scrap,China,RoW,0.592019515138833
constrained,2003,zinc,scrap,EU27,China,6.989827730686116e-05
constrained,2003,zinc,scrap,EU27,EU27,0.8548776343994592
constrained,2003,zinc,scrap,EU27,RoW,0.14505246732323393
constrained,2003,zinc,scrap,RoW,China,0.011269313795628969
constrained,2003,zinc,scrap,RoW,EU27,0.2406217526253861
constrained,2003,zinc,scrap,RoW,RoW,0.748108933578985
constrained,2004,nickel,concentrates,China,China,0.0
constrained,2004,nickel,concentrates,China,EU27,0.02773859350683898
constrained,2004,nickel,concentrates,China,RoW,0.9722614064931611
constrained,2004,nickel,concentrates,EU27,China,2.0930954506129187e-06
constrained,2004,nickel,concentrates,EU27,EU27,0.019130131708270263
constrained,2004,nickel,concentrates,EU27,RoW,0.9808677751962791
constrained,2004,nickel,concentrates,RoW,China,1.6607664645842174e-06
constrained,2004,nickel,concentrates,RoW,EU27,0.0015630511850664509
constrained,2004,nickel,concentrates,RoW,RoW,0.9984352880484689
constrained,2004,nickel,refined_metal,China,China,0.0
constrained,2004,nickel,refined_metal,China,EU27,0.01620554706203862
constrained,2004,nickel,refined_metal,China,RoW,0.9837944529379614
constrained,2004,nickel,refined_metal,EU27,China,0.00031367207582247756
constrained,2004,nickel,refined_metal,EU27,EU27,0.17069663878785374
constrained,2004,nickel,refined_metal,EU27,RoW,0.8289896891363239
constrained,2004,nickel,refined_metal,RoW,China,0.017176682995788548
constrained,2004,nickel,refined_metal,RoW,EU27,0.06218486416003783
constrained,2004,nickel,refined_metal,RoW,RoW,0.9206384528441736
constrained,2004,nickel,scrap,China,China,0.0
constrained,2004,nickel,scrap,China,EU27,0.04374329851275261
constrained,2004,nickel,scrap,China,RoW,0.9562567014872473
constrained,2004,nickel,scrap,EU27,China,0.0
constrained,2004,nickel,scrap,EU27,EU27,0.6087895414983758
constrained,2004,nickel,scrap,EU27,RoW,0.39121045850162417
constrained,2004,nickel,scrap,RoW,China,0.008376860231444565
constrained,2004,nickel,scrap,RoW,EU27,0.16242557987160372
constrained,2004,nickel,scrap,RoW,RoW,0.8291975598969517
constrained,2004,tin,concentrates,China,China,0.0
constrained,2004,tin,concentrates,China,EU27,0.15010962804711994
constrained,2004,tin,concentrates,China,RoW,0.8498903719528801
constrained,2004,tin,concentrates,EU27,China,0.02138083910125474
constrained,2004,tin,concentrates,EU27,EU27,0.5975222120656888
constrained,2004,tin,concentrates,EU27,RoW,0.3810969488330565
constrained,2004,tin,concentrates,RoW,China,0.01713735677017767
constrained,2004,tin,concentrates,RoW,EU27,0.023873024641501425
constrained,2004,tin,concentrates,RoW,RoW,0.9589896185883209
constrained,2004,tin,refined_metal,China,China,0.0
constrained,2004,tin,refined_metal,China,EU27,0.012125889369373342
constrained,2004,tin,refined_metal,China,RoW,0.9878741106306266
constrained,2004,tin,refined_metal,EU27,China,0.09896047025641984
constrained,2004,tin,refined_metal,EU27,EU27,0.13043218249484267
constrained,2004,tin,refined_metal,EU27,RoW,0.7706073472487375
constrained,2004,tin,refined_metal,RoW,China,0.13202867037850524
constrained,2004,tin,refined_metal,RoW,EU27,0.02545347919670335
constrained,2004,tin,refined_metal,RoW,RoW,0.8425178504247913
constrained,2004,tin,scrap,China,China,0.0
constrained,2004,tin,scrap,China,EU27,0.0
constrained,2004,tin,scrap,China,RoW,1.0
constrained,2004,tin,scrap,EU27,China,2.7458114850738068e-08
constrained,2004,tin,scrap,EU27,EU27,0.6503447753443037
constrained,2004,tin,scrap,EU27,RoW,0.34965519719758154
constrained,2004,tin,scrap,RoW,China,0.003911025269115155
constrained,2004,tin,scrap,RoW,EU27,0.02922744192640548
constrained,2004,tin,scrap,RoW,RoW,0.9668615328044794
constrained,2004,zinc,concentrates,China,China,0.0
constrained,2004,zinc,concentrates,China,EU27,0.0057849008184970505
constrained,2004,zinc,concentrates,China,RoW,0.994215099181503
constrained,2004,zinc,concentrates,EU27,China,0.00047426726289855005
constrained,2004,zinc,concentrates,EU27,EU27,0.409185621885656
constrained,2004,zinc,concentrates,EU27,RoW,0.5903401108514456
constrained,2004,zinc,concentrates,RoW,China,0.0011657401061189834
constrained,2004,zinc,concentrates,RoW,EU27,0.05769955441148519
constrained,2004,zinc,concentrates,RoW,RoW,0.9411347054823959
constrained,2004,zinc,refined_metal,China,China,0.0
constrained,2004,zinc,refined_metal,China,EU27,0.039080883408046364
constrained,2004,zinc,refined_metal,China,RoW,0.9609191165919536
constrained,2004,zinc,refined_metal,EU27,China,0.01950163974582404
constrained,2004,zinc,refined_metal,EU27,EU27,0.7249626955645228
constrained,2004,zinc,refined_metal,EU27,RoW,0.25553566468965316
constrained,2004,zinc,refined_metal,RoW,China,0.11623365405124648
constrained,2004,zinc,refined_metal,RoW,EU27,0.07490409719051445
constrained,2004,zinc,refined_metal,RoW,RoW,0.8088622487582391
constrained,2004,zinc,scrap,China,China,0.0
constrained,2004,zinc,scrap,China,EU27,0.45285739192753627
constrained,2004,zinc,scrap,China,RoW,0.5471426080724637
constrained,2004,zinc,scrap,EU27,China,3.597915883785807e-05
constrained,2004,zinc,scrap,EU27,EU27,0.8629545679992395
constrained,2004,zinc,scrap,EU27,RoW,0.1370094528419227
constrained,2004,zinc,scrap,RoW,China,0.0028924886536712394
constrained,2004,zinc,scrap,RoW,EU27,0.21975551529106518
constrained,2004,zinc,scrap,RoW,RoW,0.7773519960552636
constrained,2005,nickel,concentrates,China,China,0.0
constrained,2005,nickel,concentrates,China,EU27,0.05405680656317749
constrained,2005,nickel,concentrates,China,RoW,0.9459431934368225
constrained,2005,nickel,concentrates,EU27,China,4.6136732004046706e-05
constrained,2005,nickel,concentrates,EU27,EU27,0.02461291575926301
constrained,2005,nickel,concentrates,EU27,RoW,0.9753409475087329
constrained,2005,nickel,concentrates,RoW,China,3.5232990310236895e-05
constrained,2005,nickel,concentrates,RoW,EU27,0.0024273855154199127
constrained,2005,nickel,concentrates,RoW,RoW,0.9975373814942698
constrained,2005,nickel,refined_metal,China,China,0.0
constrained,2005,nickel,refined_metal,China,EU27,0.022911738034620068
constrained,2005,nickel,refined_metal,China,RoW,0.9770882619653799
constrained,2005,nickel,refined_metal,EU27,China,0.00034265717115591443
constrained,2005,nickel,refined_metal,EU27,EU27,0.16748950962258038
constrained,2005,nickel,refined_metal,EU27,RoW,0.8321678332062638
constrained,2005,nickel,refined_metal,RoW,China,0.016653548430028853
constrained,2005,nickel,refined_metal,RoW,EU27,0.04716549977571089
constrained,2005,nickel,refined_metal,RoW,RoW,0.9361809517942602
constrained,2005,nickel,scrap,China,China,0.0
constrained,2005,nickel,scrap,China,EU27,0.14175928124634382
constrained,2005,nickel,scrap,China,RoW,0.8582407187536562
constrained,2005,nickel,scrap,EU27,China,0.0006576702050603827
constrained,2005,nickel,scrap,EU27,EU27,0.546769494209023
constrained,2005,nickel,scrap,EU27,RoW,0.45257283558591666
constrained,2005,nickel,scrap,RoW,China,0.007530550319140643
constrained,2005,nickel,scrap,RoW,EU27,0.17148050750482188
constrained,2005,nickel,scrap,RoW,RoW,0.8209889421760376
constrained,2005,tin,concentrates,China,China,0.0
constrained,2005,tin,concentrates,China,EU27,0.1884072117283573
constrained,2005,tin,concentrates,China,RoW,0.8115927882716427
constrained,2005,tin,concentrates,EU27,China,0.004141593095925562
constrained,2005,tin,concentrates,EU27,EU27,0.418271861404855
constrained,2005,tin,concentrates,EU27,RoW,0.5775865454992194
constrained,2005,tin,concentrates,RoW,China,0.018230323551174973
constrained,2005,tin,concentrates,RoW,EU27,0.028884212649757022
constrained,2005,tin,concentrates,RoW,RoW,0.9528854637990681
constrained,2005,tin,refined_metal,China,China,0.0
constrained,2005,tin,refined_metal,China,EU27,0.010020564820527525
constrained,2005,tin,refined_metal,China,RoW,0.9899794351794724
constrained,2005,tin,refined_metal,EU27,China,0.07471986756559185
constrained,2005,tin,refined_metal,EU27,EU27,0.19496856396170897
constrained,2005,tin,refined_metal,EU27,RoW,0.7303115684726992
constrained,2005,tin,refined_metal,RoW,China,0.07976064415588048
constrained,2005,tin,refined_metal,RoW,EU27,0.027457759456634794
constrained,2005,tin,refined_metal,RoW,RoW,0.8927815963874848
constrained,2005,tin,scrap,China,China,0.0
constrained,2005,tin,scrap,China,EU27,0.0
constrained,2005,tin,scrap,China,RoW,1.0
constrained,2005,tin,scrap,EU27,China,1.681790914177634e-08
constrained,2005,tin,scrap,EU27,EU27,0.5582061905512662
constrained,2005,tin,scrap,EU27,RoW,0.44179379263082474
constrained,2005,tin,scrap,RoW,China,0.0015818060631285155
constrained,2005,tin,scrap,RoW,EU27,0.07324133256538036
constrained,2005,tin,scrap,RoW,RoW,0.9251768613714911
constrained,2005,zinc,concentrates,China,China,0.0
constrained,2005,zinc,concentrates,China,EU27,0.00012412648150493728
constrained,2005,zinc,concentrates,China,RoW,0.999875873518495
constrained,2005,zinc,concentrates,EU27,China,0.00030087118121114296
constrained,2005,zinc,concentrates,EU27,EU27,0.43207321874814497
constrained,2005,zinc,concentrates,EU27,RoW,0.567625910070644
constrained,2005,zinc,concentrates,RoW,China,0.0011281581762175156
constrained,2005,zinc,concentrates,RoW,EU27,0.06310347342171241
constrained,2005,zinc,concentrates,RoW,RoW,0.93576836840207
constrained,2005,zinc,refined_metal,China,China,0.0
constrained,2005,zinc,refined_metal,China,EU27,0.13455134394287227
constrained,2005,zinc,refined_metal,China,RoW,0.8654486560571277
constrained,2005,zinc,refined_metal,EU27,China,0.008439567920392315
constrained,2005,zinc,refined_metal,EU27,EU27,0.769336633297892
constrained,2005,zinc,refined_metal,EU27,RoW,0.2222237987817157
constrained,2005,zinc,refined_metal,RoW,China,0.07055691137445406
constrained,2005,zinc,refined_metal,RoW,EU27,0.0859712168834867
constrained,2005,zinc,refined_metal,RoW,RoW,0.8434718717420592
constrained,2005,zinc,scrap,China,China,0.0
constrained,2005,zinc,scrap,China,EU27,0.4287458066427054
constrained,2005,zinc,scrap,China,RoW,0.5712541933572947
constrained,2005,zinc,scrap,EU27,China,3.712684277106681e-05
constrained,2005,zinc,scrap,EU27,EU27,0.8249825153899418
constrained,2005,zinc,scrap,EU27,RoW,0.17498035776728724
constrained,2005,zinc,scrap,RoW,China,0.003401516466552226
constrained,2005,zinc,scrap,RoW,EU27,0.19475245965167898
constrained,2005,zinc,scrap,RoW,RoW,0.8018460238817688
constrained,2006,nickel,concentrates,China,China,0.0
constrained,2006,nickel,concentrates,China,EU27,0.03881052027321827
constrained,2006,nickel,concentrates,China,RoW,0.9611894797267818
constrained,2006,nickel,concentrates,EU27,China,5.256728751458884e-05
constrained,2006,nickel,concentrates,EU27,EU27,0.06226416164752648
constrained,2006,nickel,concentrates,EU27,RoW,0.9376832710649589
constrained,2006,nickel,concentrates,RoW,China,3.0856008788118275e-05
constrained,2006,nickel,concentrates,RoW,EU27,0.005506299658322877
constrained,2006,nickel,concentrates,RoW,RoW,0.994462844332889
constrained,2006,nickel,refined_metal,China,China,0.0
constrained,2006,nickel,refined_metal,China,EU27,0.04116801233290516
constrained,2006,nickel,refined_metal,China,RoW,0.9588319876670949
constrained,2006,nickel,refined_metal,EU27,China,0.0006005082776346293
constrained,2006,nickel,refined_metal,EU27,EU27,0.1911062257009516
constrained,2006,nickel,refined_metal,EU27,RoW,0.8082932660214137
constrained,2006,nickel,refined_metal,RoW,China,0.013839021876259686
constrained,2006,nickel,refined_metal,RoW,EU27,0.05285965634315399
constrained,2006,nickel,refined_metal,RoW,RoW,0.9333013217805862
constrained,2006,nickel,scrap,China,China,0.0
constrained,2006,nickel,scrap,China,EU27,0.035356824316119695
constrained,2006,nickel,scrap,China,RoW,0.9646431756838802
constrained,2006,nickel,scrap,EU27,China,0.00043267318807241556
constrained,2006,nickel,scrap,EU27,EU27,0.47829025597988856
constrained,2006,nickel,scrap,EU27,RoW,0.521277070832039
constrained,2006,nickel,scrap,RoW,China,0.006930174895336483
constrained,2006,nickel,scrap,RoW,EU27,0.15572995151662422
constrained,2006,nickel,scrap,RoW,RoW,0.8373398735880392
constrained,2006,tin,concentrates,China,China,0.0
constrained,2006,tin,concentrates,China,EU27,0.1296965893848555
constrained,2006,tin,concentrates,China,RoW,0.8703034106151445
constrained,2006,tin,concentrates,EU27,China,0.0055168093733145305
constrained,2006,tin,concentrates,EU27,EU27,0.31741662772920126
constrained,2006,tin,concentrates,EU27,RoW,0.6770665628974841
constrained,2006,tin,concentrates,RoW,China,0.03214484917369612
constrained,2006,tin,concentrates,RoW,EU27,0.03923565145844046
constrained,2006,tin,concentrates,RoW,RoW,0.9286194993678635
constrained,2006,tin,refined_metal,China,China,0.0
constrained,2006,tin,refined_metal,China,EU27,0.007294376013868472
constrained,2006,tin,refined_metal,China,RoW,0.9927056239861316
constrained,2006,tin,refined_metal,EU27,China,0.04516573781785803
constrained,2006,tin,refined_metal,EU27,EU27,0.19611270105901923
constrained,2006,tin,refined_metal,EU27,RoW,0.7587215611231227
constrained,2006,tin,refined_metal,RoW,China,0.07098051376843993
constrained,2006,tin,refined_metal,RoW,EU27,0.028069436805318846
constrained,2006,tin,refined_metal,RoW,RoW,0.9009500494262412
constrained,2006,tin,scrap,China,China,0.0
constrained,2006,tin,scrap,China,EU27,0.0
constrained,2006,tin,scrap,China,RoW,1.0
constrained,2006,tin,scrap,EU27,China,2.9052270628618217e-08
constrained,2006,tin,scrap,EU27,EU27,0.6532847849624038
constrained,2006,tin,scrap,EU27,RoW,0.34671518598532547
constrained,2006,tin,scrap,RoW,China,0.0026905855818153087
constrained,2006,tin,scrap,RoW,EU27,0.03325992215063282
constrained,2006,tin,scrap,RoW,RoW,0.964049492267552
constrained,2006,zinc,concentrates,China,China,0.0
constrained,2006,zinc,concentrates,China,EU27,0.004005610756515109
constrained,2006,zinc,concentrates,China,RoW,0.9959943892434848
constrained,2006,zinc,concentrates,EU27,China,0.0002890035514739958
constrained,2006,zinc,concentrates,EU27,EU27,0.41783197782298787
constrained,2006,zinc,concentrates,EU27,RoW,0.5818790186255383
constrained,2006,zinc,concentrates,RoW,China,0.0013831796970886832
constrained,2006,zinc,concentrates,RoW,EU27,0.07181175267148164
constrained,2006,zinc,concentrates,RoW,RoW,0.9268050676314297
constrained,2006,zinc,refined_metal,China,China,0.0
constrained,2006,zinc,refined_metal,China,EU27,0.02116782198833185
constrained,2006,zinc,refined_metal,China,RoW,0.9788321780116682
constrained,2006,zinc,refined_metal,EU27,China,0.03180945312225167
constrained,2006,zinc,refined_metal,EU27,EU27,0.7360991531286905
constrained,2006,zinc,refined_metal,EU27,RoW,0.23209139374905777
constrained,2006,zinc,refined_metal,RoW,China,0.15805964194481342
constrained,2006,zinc,refined_metal,RoW,EU27,0.08214546527576325
constrained,2006,zinc,refined_metal,RoW,RoW,0.7597948927794234
constrained,2006,zinc,scrap,China,China,0.0
constrained,2006,zinc,scrap,China,EU27,0.4812739472845701
constrained,2006,zinc,scrap,China,RoW,0.5187260527154299
constrained,2006,zinc,scrap,EU27,China,4.8489360581657736e-05
constrained,2006,zinc,scrap,EU27,EU27,0.845793498360168
constrained,2006,zinc,scrap,EU27,RoW,0.1541580122792504
constrained,2006,zinc,scrap,RoW,China,0.004196422847073687
constrained,2006,zinc,scrap,RoW,EU27,0.18629385768327703
constrained,2006,zinc,scrap,RoW,RoW,0.8095097194696492
constrained,2007,nickel,concentrates,China,China,0.0
constrained,2007,nickel,concentrates,China,EU27,0.019091658779766662
constrained,2007,nickel,concentrates,China,RoW,0.9809083412202334
constrained,2007,nickel,concentrates,EU27,China,4.757515937854357e-05
constrained,2007,nickel,concentrates,EU27,EU27,0.015612261615230138
constrained,2007,nickel,concentrates,EU27,RoW,0.9843401632253914
constrained,2007,nickel,concentrates,RoW,China,4.31706274945109e-05
constrained,2007,nickel,concentrates,RoW,EU27,0.0028556107048000687
constrained,2007,nickel,concentrates,RoW,RoW,0.9971012186677054
constrained,2007,nickel,refined_metal,China,China,0.0
constrained,2007,nickel,refined_metal,China,EU27,0.045663645138910455
constrained,2007,nickel,refined_metal,China,RoW,0.9543363548610895
constrained,2007,nickel,refined_metal,EU27,China,0.0005301394465926099
constrained,2007,nickel,refined_metal,EU27,EU27,0.206897610572002
constrained,2007,nickel,refined_metal,EU27,RoW,0.7925722499814053
constrained,2007,nickel,refined_metal,RoW,China,0.015464098887760609
constrained,2007,nickel,refined_metal,RoW,EU27,0.0645575039102202
constrained,2007,nickel,refined_metal,RoW,RoW,0.9199783972020192
constrained,2007,nickel,scrap,China,China,0.0
constrained,2007,nickel,scrap,China,EU27,0.08529074828136764
constrained,2007,nickel,scrap,China,RoW,0.9147092517186323
constrained,2007,nickel,scrap,EU27,China,0.0006032855814931093
constrained,2007,nickel,scrap,EU27,EU27,0.4879080975492007
constrained,2007,nickel,scrap,EU27,RoW,0.5114886168693062
constrained,2007,nickel,scrap,RoW,China,0.012046192118452911
constrained,2007,nickel,scrap,RoW,EU27,0.16141767995573927
constrained,2007,nickel,scrap,RoW,RoW,0.8265361279258078
constrained,2007,tin,concentrates,China,China,0.0
constrained,2007,tin,concentrates,China,EU27,0.01837920143337695
constrained,2007,tin,concentrates,China,RoW,0.981620798566623
constrained,2007,tin,concentrates,EU27,China,0.0015656871403841109
constrained,2007,tin,concentrates,EU27,EU27,0.11245098296844805
constrained,2007,tin,concentrates,EU27,RoW,0.8859833298911679
constrained,2007,tin,concentrates,RoW,China,0.04066598775034488
constrained,2007,tin,concentrates,RoW,EU27,0.01976849917862971
constrained,2007,tin,concentrates,RoW,RoW,0.9395655130710254
constrained,2007,tin,refined_metal,China,China,0.0
constrained,2007,tin,refined_metal,China,EU27,0.007956882520985795
constrained,2007,tin,refined_metal,China,RoW,0.9920431174790143
constrained,2007,tin,refined_metal,EU27,China,0.06740131392165262
constrained,2007,tin,refined_metal,EU27,EU27,0.23080261350470896
constrained,2007,tin,refined_metal,EU27,RoW,0.7017960725736384
constrained,2007,tin,refined_metal,RoW,China,0.11126240050789343
constrained,2007,tin,refined_metal,RoW,EU27,0.04801265701797616
constrained,2007,tin,refined_metal,RoW,RoW,0.8407249424741304
constrained,2007,tin,scrap,China,China,0.0
constrained,2007,tin,scrap,China,EU27,0.0
constrained,2007,tin,scrap,China,RoW,1.0
constrained,2007,tin,scrap,EU27,China,0.0
constrained,2007,tin,scrap,EU27,EU27,0.5885314914643095
constrained,2007,tin,scrap,EU27,RoW,0.41146850853569056
constrained,2007,tin,scrap,RoW,China,0.0028682320158434573
constrained,2007,tin,scrap,RoW,EU27,0.020149361145231703
constrained,2007,tin,scrap,RoW,RoW,0.9769824068389248
constrained,2007,zinc,concentrates,China,China,0.0
constrained,2007,zinc,concentrates,China,EU27,0.012623179141365194
constrained,2007,zinc,concentrates,China,RoW,0.9873768208586348
constrained,2007,zinc,concentrates,EU27,China,0.00018393156389701578
constrained,2007,zinc,concentrates,EU27,EU27,0.4202333956382699
constrained,2007,zinc,concentrates,EU27,RoW,0.579582672797833
constrained,2007,zinc,concentrates,RoW,China,0.0011195848327141805
constrained,2007,zinc,concentrates,RoW,EU27,0.07863091788981201
constrained,2007,zinc,concentrates,RoW,RoW,0.9202494972774737
constrained,2007,zinc,refined_metal,China,China,0.0
constrained,2007,zinc,refined_metal,China,EU27,0.02213227156672792
constrained,2007,zinc,refined_metal,China,RoW,0.9778677284332721
constrained,2007,zinc,refined_metal,EU27,China,0.025376256916705132
constrained,2007,zinc,refined_metal,EU27,EU27,0.6892875950520037
constrained,2007,zinc,refined_metal,EU27,RoW,0.2853361480312913
constrained,2007,zinc,refined_metal,RoW,China,0.10251062099981627
constrained,2007,zinc,refined_metal,RoW,EU27,0.09455457010239335
constrained,2007,zinc,refined_metal,RoW,RoW,0.8029348088977903
constrained,2007,zinc,scrap,China,China,0.0
constrained,2007,zinc,scrap,China,EU27,0.46019174901370663
constrained,2007,zinc,scrap,China,RoW,0.5398082509862934
constrained,2007,zinc,scrap,EU27,China,0.00044270289619189636
constrained,2007,zinc,scrap,EU27,EU27,0.82567820932054
constrained,2007,zinc,scrap,EU27,RoW,0.17387908778326816
constrained,2007,zinc,scrap,RoW,China,0.0058533327421756865
constrained,2007,zinc,scrap,RoW,EU27,0.21318562625504783
constrained,2007,zinc,scrap,RoW,RoW,0.7809610410027764
constrained,2008,nickel,concentrates,China,China,0.0
constrained,2008,nickel,concentrates,China,EU27,0.008404897734375964
constrained,2008,nickel,concentrates,China,RoW,0.991595102265624
constrained,2008,nickel,concentrates,EU27,China,0.0001063843570004326
constrained,2008,nickel,concentrates,EU27,EU27,0.006258357291171924
constrained,2008,nickel,concentrates,EU27,RoW,0.9936352583518278
constrained,2008,nickel,concentrates,RoW,China,5.223593595826567e-05
constrained,2008,nickel,concentrates,RoW,EU27,0.0024799643205381913
constrained,2008,nickel,concentrates,RoW,RoW,0.9974677997435035
constrained,2008,nickel,refined_metal,China,China,0.0
constrained,2008,nickel,refined_metal,China,EU27,0.042175529497457516
constrained,2008,nickel,refined_metal,China,RoW,0.9578244705025424
constrained,2008,nickel,refined_metal,EU27,China,0.0007767338378060348
constrained,2008,nickel,refined_metal,EU27,EU27,0.19748332815331054
constrained,2008,nickel,refined_metal,EU27,RoW,0.8017399380088834
constrained,2008,nickel,refined_metal,RoW,China,0.012202161514043203
constrained,2008,nickel,refined_metal,RoW,EU27,0.0710649931744755
constrained,2008,nickel,refined_metal,RoW,RoW,0.9167328453114812
constrained,2008,nickel,scrap,China,China,0.0
constrained,2008,nickel,scrap,China,EU27,0.09201762513458576
constrained,2008,nickel,scrap,China,RoW,0.9079823748654142
constrained,2008,nickel,scrap,EU27,China,0.0005002756151451265
constrained,2008,nickel,scrap,EU27,EU27,0.5365276280587111
constrained,2008,nickel,scrap,EU27,RoW,0.4629720963261438
constrained,2008,nickel,scrap,RoW,China,0.01324794218158532
constrained,2008,nickel,scrap,RoW,EU27,0.16052595609746367
constrained,2008,nickel,scrap,RoW,RoW,0.826226101720951
constrained,2008,tin,concentrates,China,China,0.0
constrained,2008,tin,concentrates,China,EU27,0.023894732641674448
constrained,2008,tin,concentrates,China,RoW,0.9761052673583256
constrained,2008,tin,concentrates,EU27,China,5.881625872384201e-07
constrained,2008,tin,concentrates,EU27,EU27,0.13996137110448434
constrained,2008,tin,concentrates,EU27,RoW,0.8600380407329284
constrained,2008,tin,concentrates,RoW,China,2.0249463111996843e-05
constrained,2008,tin,concentrates,RoW,EU27,0.05114089195195101
constrained,2008,tin,concentrates,RoW,RoW,0.948838858584937
constrained,2008,tin,refined_metal,China,China,0.0
constrained,2008,tin,refined_metal,China,EU27,0.009763759601302551
constrained,2008,tin,refined_metal,China,RoW,0.9902362403986974
constrained,2008,tin,refined_metal,EU27,China,0.06123995386214381
constrained,2008,tin,refined_metal,EU27,EU27,0.22333787369997293
constrained,2008,tin,refined_metal,EU27,RoW,0.7154221724378832
constrained,2008,tin,refined_metal,RoW,China,0.16527289921099744
constrained,2008,tin,refined_metal,RoW,EU27,0.04930213577492885
constrained,2008,tin,refined_metal,RoW,RoW,0.7854249650140738
constrained,2008,tin,scrap,China,China,0.0
constrained,2008,tin,scrap,China,EU27,5.906864294902264e-06
constrained,2008,tin,scrap,China,RoW,0.9999940931357051
constrained,2008,tin,scrap,EU27,China,0.0
constrained,2008,tin,scrap,EU27,EU27,0.4400774038688831
constrained,2008,tin,scrap,EU27,RoW,0.559922596131117
constrained,2008,tin,scrap,RoW,China,0.0019085729448289708
constrained,2008,tin,scrap,RoW,EU27,0.014877250685974567
constrained,2008,tin,scrap,RoW,RoW,0.9832141763691965
constrained,2008,zinc,concentrates,China,China,0.0
constrained,2008,zinc,concentrates,China,EU27,0.015368423629713806
constrained,2008,zinc,concentrates,China,RoW,0.9846315763702862
constrained,2008,zinc,concentrates,EU27,China,7.578520010908813e-05
constrained,2008,zinc,concentrates,EU27,EU27,0.4222743775193852
constrained,2008,zinc,concentrates,EU27,RoW,0.5776498372805058
constrained,2008,zinc,concentrates,RoW,China,0.0005941497623298551
constrained,2008,zinc,concentrates,RoW,EU27,0.07585741075363922
constrained,2008,zinc,concentrates,RoW,RoW,0.923548439484031
constrained,2008,zinc,refined_metal,China,China,0.0
constrained,2008,zinc,refined_metal,China,EU27,0.01545431396708337
constrained,2008,zinc,refined_metal,China,RoW,0.9845456860329167
constrained,2008,zinc,refined_metal,EU27,China,0.005195150460830925
constrained,2008,zinc,refined_metal,EU27,EU27,0.6655088349448841
constrained,2008,zinc,refined_metal,EU27,RoW,0.3292960145942849
constrained,2008,zinc,refined_metal,RoW,China,0.021451650812517088
constrained,2008,zinc,refined_metal,RoW,EU27,0.11365690082816246
constrained,2008,zinc,refined_metal,RoW,RoW,0.8648914483593205
constrained,2008,zinc,scrap,China,China,0.0
constrained,2008,zinc,scrap,China,EU27,0.42514429322554803
constrained,2008,zinc,scrap,China,RoW,0.574855706774452
constrained,2008,zinc,scrap,EU27,China,0.00015811490000116845
constrained,2008,zinc,scrap,EU27,EU27,0.8523662573676987
constrained,2008,zinc,scrap,EU27,RoW,0.1474756277323001
constrained,2008,zinc,scrap,RoW,China,0.004665029314262789
constrained,2008,zinc,scrap,RoW,EU27,0.21092678744193227
constrained,2008,zinc,scrap,RoW,RoW,0.7844081832438049
constrained,2009,nickel,concentrates,China,China,0.0
constrained,2009,nickel,concentrates,China,EU27,0.006974470768576241
constrained,2009,nickel,concentrates,China,RoW,0.9930255292314237
constrained,2009,nickel,concentrates,EU27,China,7.770603284250835e-05
constrained,2009,nickel,concentrates,EU27,EU27,0.004382084582150491
constrained,2009,nickel,concentrates,EU27,RoW,0.9955402093850071
constrained,2009,nickel,concentrates,RoW,China,0.0004351490569045526
constrained,2009,nickel,concentrates,RoW,EU27,0.0036027541165751242
constrained,2009,nickel,concentrates,RoW,RoW,0.9959620968265203
constrained,2009,nickel,refined_metal,China,China,0.0
constrained,2009,nickel,refined_metal,China,EU27,0.05543930687696766
constrained,2009,nickel,refined_metal,China,RoW,0.9445606931230324
constrained,2009,nickel,refined_metal,EU27,China,0.0011826629209734445
constrained,2009,nickel,refined_metal,EU27,EU27,0.15899373647736365
constrained,2009,nickel,refined_metal,EU27,RoW,0.8398236006016628
constrained,2009,nickel,refined_metal,RoW,China,0.018890898696665232
constrained,2009,nickel,refined_metal,RoW,EU27,0.06343285195790804
constrained,2009,nickel,refined_metal,RoW,RoW,0.9176762493454267
constrained,2009,nickel,scrap,China,China,0.0
constrained,2009,nickel,scrap,China,EU27,0.26714065848022117
constrained,2009,nickel,scrap,China,RoW,0.7328593415197788
constrained,2009,nickel,scrap,EU27,China,0.00031102776952731667
constrained,2009,nickel,scrap,EU27,EU27,0.6263736727248398
constrained,2009,nickel,scrap,EU27,RoW,0.3733152995056329
constrained,2009,nickel,scrap,RoW,China,0.022952443372068258
constrained,2009,nickel,scrap,RoW,EU27,0.2434157154424984
constrained,2009,nickel,scrap,RoW,RoW,0.7336318411854333
constrained,2009,tin,concentrates,China,China,0.0
constrained,2009,tin,concentrates,China,EU27,0.005148526402929148
constrained,2009,tin,concentrates,China,RoW,0.9948514735970709
constrained,2009,tin,concentrates,EU27,China,1.1639263337014033e-05
constrained,2009,tin,concentrates,EU27,EU27,0.06257624166632572
constrained,2009,tin,concentrates,EU27,RoW,0.9374121190703372
constrained,2009,tin,concentrates,RoW,China,0.000269402660130584
constrained,2009,tin,concentrates,RoW,EU27,0.03165487348296492
constrained,2009,tin,concentrates,RoW,RoW,0.9680757238569045
constrained,2009,tin,refined_metal,China,China,0.0
constrained,2009,tin,refined_metal,China,EU27,0.0062514749262767046
constrained,2009,tin,refined_metal,China,RoW,0.9937485250737232
constrained,2009,tin,refined_metal,EU27,China,0.011586927960344499
constrained,2009,tin,refined_metal,EU27,EU27,0.23917325343316184
constrained,2009,tin,refined_metal,EU27,RoW,0.7492398186064937
constrained,2009,tin,refined_metal,RoW,China,0.024149254936578247
constrained,2009,tin,refined_metal,RoW,EU27,0.047709930123416774
constrained,2009,tin,refined_metal,RoW,RoW,0.928140814940005
constrained,2009,tin,scrap,China,China,0.0
constrained,2009,tin,scrap,China,EU27,8.938562862561953e-06
constrained,2009,tin,scrap,China,RoW,0.9999910614371375
constrained,2009,tin,scrap,EU27,China,3.6867079781825074e-06
constrained,2009,tin,scrap,EU27,EU27,0.49513038055362973
constrained,2009,tin,scrap,EU27,RoW,0.504865932738392
constrained,2009,tin,scrap,RoW,China,0.0051218821497622784
constrained,2009,tin,scrap,RoW,EU27,0.02401070162704311
constrained,2009,tin,scrap,RoW,RoW,0.9708674162231946
constrained,2009,zinc,concentrates,China,China,0.0
constrained,2009,zinc,concentrates,China,EU27,0.07641783015693422
constrained,2009,zinc,concentrates,China,RoW,0.9235821698430658
constrained,2009,zinc,concentrates,EU27,China,3.260548114570402e-05
constrained,2009,zinc,concentrates,EU27,EU27,0.4427303792059134
constrained,2009,zinc,concentrates,EU27,RoW,0.5572370153129409
constrained,2009,zinc,concentrates,RoW,China,0.00038409206343314545
constrained,2009,zinc,concentrates,RoW,EU27,0.07285621157328254
constrained,2009,zinc,concentrates,RoW,RoW,0.9267596963632843
constrained,2009,zinc,refined_metal,China,China,0.0
constrained,2009,zinc,refined_metal,China,EU27,0.22785665172390673
constrained,2009,zinc,refined_metal,China,RoW,0.7721433482760933
constrained,2009,zinc,refined_metal,EU27,China,0.0017730713995152564
constrained,2009,zinc,refined_metal,EU27,EU27,0.6427624387379729
constrained,2009,zinc,refined_metal,EU27,RoW,0.35546448986251195
constrained,2009,zinc,refined_metal,RoW,China,0.011933968285105906
constrained,2009,zinc,refined_metal,RoW,EU27,0.08859038374705056
constrained,2009,zinc,refined_metal,RoW,RoW,0.8994756479678435
constrained,2009,zinc,scrap,China,China,0.0
constrained,2009,zinc,scrap,China,EU27,0.49636374604017797
constrained,2009,zinc,scrap,China,RoW,0.503636253959822
constrained,2009,zinc,scrap,EU27,China,1.5505649540960424e-05
constrained,2009,zinc,scrap,EU27,EU27,0.8590910838676972
constrained,2009,zinc,scrap,EU27,RoW,0.14089341048276183
constrained,2009,zinc,scrap,RoW,China,0.0027295178715211112
constrained,2009,zinc,scrap,RoW,EU27,0.2457714126410172
constrained,2009,zinc,scrap,RoW,RoW,0.7514990694874617
constrained,2010,nickel,concentrates,China,China,0.0
constrained,2010,nickel,concentrates,China,EU27,0.00613623554730818
constrained,2010,nickel,concentrates,China,RoW,0.9938637644526919
constrained,2010,nickel,concentrates,EU27,China,4.856307578139843e-08
constrained,2010,nickel,concentrates,EU27,EU27,0.011908415858626745
constrained,2010,nickel,concentrates,EU27,RoW,0.9880915355782975
constrained,2010,nickel,concentrates,RoW,China,6.595815771942656e-06
constrained,2010,nickel,concentrates,RoW,EU27,0.0040024102745947684
constrained,2010,nickel,concentrates,RoW,RoW,0.9959909939096332
constrained,2010,nickel,refined_metal,China,China,0.0
constrained,2010,nickel,refined_metal,China,EU27,0.03256422358732701
constrained,2010,nickel,refined_metal,China,RoW,0.967435776412673
constrained,2010,nickel,refined_metal,EU27,China,0.002327330113476396
constrained,2010,nickel,refined_metal,EU27,EU27,0.18418292606341696
constrained,2010,nickel,refined_metal,EU27,RoW,0.8134897438231067
constrained,2010,nickel,refined_metal,RoW,China,0.01690656229494354
constrained,2010,nickel,refined_metal,RoW,EU27,0.0632741302696081
constrained,2010,nickel,refined_metal,RoW,RoW,0.9198193074354484
constrained,2010,nickel,scrap,China,China,0.0
constrained,2010,nickel,scrap,China,EU27,0.05044037786017974
constrained,2010,nickel,scrap,China,RoW,0.9495596221398203
constrained,2010,nickel,scrap,EU27,China,0.0010611933948129813
constrained,2010,nickel,scrap,EU27,EU27,0.5602216391197196
constrained,2010,nickel,scrap,EU27,RoW,0.43871716748546746
constrained,2010,nickel,scrap,RoW,China,0.01221712942535542
constrained,2010,nickel,scrap,RoW,EU27,0.19513915970954893
constrained,2010,nickel,scrap,RoW,RoW,0.7926437108650956
constrained,2010,tin,concentrates,China,China,0.0
constrained,2010,tin,concentrates,China,EU27,0.020252043891816687
constrained,2010,tin,concentrates,China,RoW,0.9797479561081833
constrained,2010,tin,concentrates,EU27,China,5.860726505468196e-05
constrained,2010,tin,concentrates,EU27,EU27,0.10761885330809477
constrained,2010,tin,concentrates,EU27,RoW,0.8923225394268507
constrained,2010,tin,concentrates,RoW,China,0.0011123727283893438
constrained,2010,tin,concentrates,RoW,EU27,0.03662798085705616
constrained,2010,tin,concentrates,RoW,RoW,0.9622596464145545
constrained,2010,tin,refined_metal,China,China,0.0
constrained,2010,tin,refined_metal,China,EU27,0.006521631809602576
constrained,2010,tin,refined_metal,China,RoW,0.9934783681903974
constrained,2010,tin,refined_metal,EU27,China,0.015474112662794496
constrained,2010,tin,refined_metal,EU27,EU27,0.2785398589095829
constrained,2010,tin,refined_metal,EU27,RoW,0.7059860284276225
constrained,2010,tin,refined_metal,RoW,China,0.044407288436730065
constrained,2010,tin,refined_metal,RoW,EU27,0.04099961750109525
constrained,2010,tin,refined_metal,RoW,RoW,0.9145930940621747
constrained,2010,tin,scrap,China,China,0.0
constrained,2010,tin,scrap,China,EU27,0.0002078280993225268
constrained,2010,tin,scrap,China,RoW,0.9997921719006774
constrained,2010,tin,scrap,EU27,China,3.867895113330565e-06
constrained,2010,tin,scrap,EU27,EU27,0.40649999428655564
constrained,2010,tin,scrap,EU27,RoW,0.593496137818331
constrained,2010,tin,scrap,RoW,China,0.002495994305851718
constrained,2010,tin,scrap,RoW,EU27,0.006522554449880635
constrained,2010,tin,scrap,RoW,RoW,0.9909814512442676
constrained,2010,zinc,concentrates,China,China,0.0
constrained,2010,zinc,concentrates,China,EU27,0.04368590714133745
constrained,2010,zinc,concentrates,China,RoW,0.9563140928586625
constrained,2010,zinc,concentrates,EU27,China,7.91184536457169e-05
constrained,2010,zinc,concentrates,EU27,EU27,0.4074223965939767
constrained,2010,zinc,concentrates,EU27,RoW,0.5924984849523776
constrained,2010,zinc,concentrates,RoW,China,0.000669769990029681
constrained,2010,zinc,concentrates,RoW,EU27,0.05878217086208656
constrained,2010,zinc,concentrates,RoW,RoW,0.9405480591478838
constrained,2010,zinc,refined_metal,China,China,0.0
constrained,2010,zinc,refined_metal,China,EU27,0.015857693872202937
constrained,2010,zinc,refined_metal,China,RoW,0.9841423061277971
constrained,2010,zinc,refined_metal,EU27,China,0.001144140973659747
constrained,2010,zinc,refined_metal,EU27,EU27,0.682498818186142
constrained,2010,zinc,refined_metal,EU27,RoW,0.3163570408401982
constrained,2010,zinc,refined_metal,RoW,China,0.016935505067042597
constrained,2010,zinc,refined_metal,RoW,EU27,0.10127671295378647
constrained,2010,zinc,refined_metal,RoW,RoW,0.881787781979171
constrained,2010,zinc,scrap,China,China,0.0
constrained,2010,zinc,scrap,China,EU27,0.5339473289508823
constrained,2010,zinc,scrap,China,RoW,0.46605267104911763
constrained,2010,zinc,scrap,EU27,China,5.365690649557299e-05
constrained,2010,zinc,scrap,EU27,EU27,0.8836966515831112
constrained,2010,zinc,scrap,EU27,RoW,0.11624969151039323
constrained,2010,zinc,scrap,RoW,China,0.007454229831045714
constrained,2010,zinc,scrap,RoW,EU27,0.21302828377057495
constrained,2010,zinc,scrap,RoW,RoW,0.7795174863983793
constrained,2011,nickel,concentrates,China,China,0.0
constrained,2011,nickel,concentrates,China,EU27,0.0015128713086374028
constrained,2011,nickel,concentrates,China,RoW,0.9984871286913626
constrained,2011,nickel,concentrates,EU27,China,9.15540576970687e-06
constrained,2011,nickel,concentrates,EU27,EU27,0.01305216334493993
constrained,2011,nickel,concentrates,EU27,RoW,0.9869386812492903
constrained,2011,nickel,concentrates,RoW,China,7.085709005123043e-05
constrained,2011,nickel,concentrates,RoW,EU27,0.00189334659330252
constrained,2011,nickel,concentrates,RoW,RoW,0.9980357963166463
constrained,2011,nickel,refined_metal,China,China,0.0
constrained,2011,nickel,refined_metal,China,EU27,0.03548510386841594
constrained,2011,nickel,refined_metal,China,RoW,0.964514896131584
constrained,2011,nickel,refined_metal,EU27,China,0.002839388732228327
constrained,2011,nickel,refined_metal,EU27,EU27,0.2153801076150091
constrained,2011,nickel,refined_metal,EU27,RoW,0.7817805036527625
constrained,2011,nickel,refined_metal,RoW,China,0.01513982723111671
constrained,2011,nickel,refined_metal,RoW,EU27,0.07683926090266568
constrained,2011,nickel,refined_metal,RoW,RoW,0.9080209118662176
constrained,2011,nickel,scrap,China,China,0.0
constrained,2011,nickel,scrap,China,EU27,0.0355080919318971
constrained,2011,nickel,scrap,China,RoW,0.9644919080681028
constrained,2011,nickel,scrap,EU27,China,1.2856901753545638e-05
constrained,2011,nickel,scrap,EU27,EU27,0.5585304970218816
constrained,2011,nickel,scrap,EU27,RoW,0.44145664607636487
constrained,2011,nickel,scrap,RoW,China,0.010822374948458115
constrained,2011,nickel,scrap,RoW,EU27,0.1791794304485813
constrained,2011,nickel,scrap,RoW,RoW,0.8099981946029605
constrained,2011,tin,concentrates,China,China,0.0
constrained,2011,tin,concentrates,China,EU27,0.00042068461939679714
constrained,2011,tin,concentrates,China,RoW,0.9995793153806032
constrained,2011,tin,concentrates,EU27,China,0.0006189328420893566
constrained,2011,tin,concentrates,EU27,EU27,0.10810861693266113
constrained,2011,tin,concentrates,EU27,RoW,0.8912724502252495
constrained,2011,tin,concentrates,RoW,China,0.011582493347012716
constrained,2011,tin,concentrates,RoW,EU27,0.02356319074415054
constrained,2011,tin,concentrates,RoW,RoW,0.9648543159088366
constrained,2011,tin,refined_metal,China,China,0.0
constrained,2011,tin,refined_metal,China,EU27,0.004259333156362883
constrained,2011,tin,refined_metal,China,RoW,0.995740666843637
constrained,2011,tin,refined_metal,EU27,China,0.04091923556383917
constrained,2011,tin,refined_metal,EU27,EU27,0.3060113328281229
constrained,2011,tin,refined_metal,EU27,RoW,0.653069431608038
constrained,2011,tin,refined_metal,RoW,China,0.07227438092445974
constrained,2011,tin,refined_metal,RoW,EU27,0.03916512228618263
constrained,2011,tin,refined_metal,RoW,RoW,0.8885604967893577
constrained,2011,tin,scrap,China,China,0.0
constrained,2011,tin,scrap,China,EU27,0.0003278383032112273
constrained,2011,tin,scrap,China,RoW,0.9996721616967889
constrained,2011,tin,scrap,EU27,China,1.064404638825812e-05
constrained,2011,tin,scrap,EU27,EU27,0.45473976974605446
constrained,2011,tin,scrap,EU27,RoW,0.5452495862075574
constrained,2011,tin,scrap,RoW,China,0.002210606957848912
constrained,2011,tin,scrap,RoW,EU27,0.003863007934068952
constrained,2011,tin,scrap,RoW,RoW,0.9939263851080821
constrained,2011,zinc,concentrates,China,China,0.0
constrained,2011,zinc,concentrates,China,EU27,0.05699219619224043
constrained,2011,zinc,concentrates,China,RoW,0.9430078038077595
constrained,2011,zinc,concentrates,EU27,China,6.1018612280578544e-05
constrained,2011,zinc,concentrates,EU27,EU27,0.3930750401807995
constrained,2011,zinc,concentrates,EU27,RoW,0.60686394120692
constrained,2011,zinc,concentrates,RoW,China,0.0012691073295151628
constrained,2011,zinc,concentrates,RoW,EU27,0.0617532134985684
constrained,2011,zinc,concentrates,RoW,RoW,0.9369776791719165
constrained,2011,zinc,refined_metal,China,China,0.0
constrained,2011,zinc,refined_metal,China,EU27,0.019228061824335153
constrained,2011,zinc,refined_metal,China,RoW,0.9807719381756649
constrained,2011,zinc,refined_metal,EU27,China,0.0011186144565038148
constrained,2011,zinc,refined_metal,EU27,EU27,0.6960585545692948
constrained,2011,zinc,refined_metal,EU27,RoW,0.3028228309742014
constrained,2011,zinc,refined_metal,RoW,China,0.015614679565095642
constrained,2011,zinc,refined_metal,RoW,EU27,0.1046856889897381
constrained,2011,zinc,refined_metal,RoW,RoW,0.8796996314451663
constrained,2011,zinc,scrap,China,China,0.0
constrained,2011,zinc,scrap,China,EU27,0.5043727355870289
constrained,2011,zinc,scrap,China,RoW,0.4956272644129711
constrained,2011,zinc,scrap,EU27,China,0.0006210077876831753
constrained,2011,zinc,scrap,EU27,EU27,0.8646347812401571
constrained,2011,zinc,scrap,EU27,RoW,0.13474421097215966
constrained,2011,zinc,scrap,RoW,China,0.007018609988044487
constrained,2011,zinc,scrap,RoW,EU27,0.20025181214471083
constrained,2011,zinc,scrap,RoW,RoW,0.7927295778672447
constrained,2012,nickel,concentrates,China,China,0.0
constrained,2012,nickel,concentrates,China,EU27,0.0005797288155711425
constrained,2012,nickel,concentrates,China,RoW,0.9994202711844289
constrained,2012,nickel,concentrates,EU27,China,9.150043661735958e-06
constrained,2012,nickel,concentrates,EU27,EU27,0.008623192419424651
constrained,2012,nickel,concentrates,EU27,RoW,0.9913676575369136
constrained,2012,nickel,concentrates,RoW,China,4.791824554019815e-05
constrained,2012,nickel,concentrates,RoW,EU27,0.0005567144150478769
constrained,2012,nickel,concentrates,RoW,RoW,0.9993953673394119
constrained,2012,nickel,refined_metal,China,China,0.0
constrained,2012,nickel,refined_metal,China,EU27,0.03377969668858621
constrained,2012,nickel,refined_metal,China,RoW,0.9662203033114138
constrained,2012,nickel,refined_metal,EU27,China,0.004508239378525945
constrained,2012,nickel,refined_metal,EU27,EU27,0.2249621300868748
constrained,2012,nickel,refined_metal,EU27,RoW,0.7705296305345993
constrained,2012,nickel,refined_metal,RoW,China,0.015614041181432604
constrained,2012,nickel,refined_metal,RoW,EU27,0.06603703831079466
constrained,2012,nickel,refined_metal,RoW,RoW,0.9183489205077727
constrained,2012,nickel,scrap,China,China,0.0
constrained,2012,nickel,scrap,China,EU27,0.035885526779699875
constrained,2012,nickel,scrap,China,RoW,0.9641144732203001
constrained,2012,nickel,scrap,EU27,China,0.00016039394626976013
constrained,2012,nickel,scrap,EU27,EU27,0.6116140096139678
constrained,2012,nickel,scrap,EU27,RoW,0.38822559643976234
constrained,2012,nickel,scrap,RoW,China,0.012311029502260661
constrained,2012,nickel,scrap,RoW,EU27,0.24207122430365025
constrained,2012,nickel,scrap,RoW,RoW,0.7456177461940892
constrained,2012,tin,concentrates,China,China,0.0
constrained,2012,tin,concentrates,China,EU27,0.0002449279731743146
constrained,2012,tin,concentrates,China,RoW,0.9997550720268257
constrained,2012,tin,concentrates,EU27,China,0.00015072796088392613
constrained,2012,tin,concentrates,EU27,EU27,0.10471263827361865
constrained,2012,tin,concentrates,EU27,RoW,0.8951366337654973
constrained,2012,tin,concentrates,RoW,China,0.0063730997545374665
constrained,2012,tin,concentrates,RoW,EU27,0.03493479242741211
constrained,2012,tin,concentrates,RoW,RoW,0.9586921078180504
constrained,2012,tin,refined_metal,China,China,0.0
constrained,2012,tin,refined_metal,China,EU27,0.0035451954650051513
constrained,2012,tin,refined_metal,China,RoW,0.9964548045349949
constrained,2012,tin,refined_metal,EU27,China,0.008995324510568966
constrained,2012,tin,refined_metal,EU27,EU27,0.2983098860005558
constrained,2012,tin,refined_metal,EU27,RoW,0.6926947894888753
constrained,2012,tin,refined_metal,RoW,China,0.020739676590998797
constrained,2012,tin,refined_metal,RoW,EU27,0.03866771562385464
constrained,2012,tin,refined_metal,RoW,RoW,0.9405926077851466
constrained,2012,tin,scrap,China,China,0.0
constrained,2012,tin,scrap,China,EU27,0.0009040235108704814
constrained,2012,tin,scrap,China,RoW,0.9990959764891295
constrained,2012,tin,scrap,EU27,China,1.6837021756977467e-05
constrained,2012,tin,scrap,EU27,EU27,0.45718135669057436
constrained,2012,tin,scrap,EU27,RoW,0.5428018062876686
constrained,2012,tin,scrap,RoW,China,0.0029245707311860904
constrained,2012,tin,scrap,RoW,EU27,0.004637367576800752
constrained,2012,tin,scrap,RoW,RoW,0.9924380616920131
constrained,2012,zinc,concentrates,China,China,0.0
constrained,2012,zinc,concentrates,China,EU27,0.052302971858274226
constrained,2012,zinc,concentrates,China,RoW,0.9476970281417257
constrained,2012,zinc,concentrates,EU27,China,7.807568437221118e-05
constrained,2012,zinc,concentrates,EU27,EU27,0.3595749500133983
constrained,2012,zinc,concentrates,EU27,RoW,0.6403469743022295
constrained,2012,zinc,concentrates,RoW,China,0.0010612388891551435
constrained,2012,zinc,concentrates,RoW,EU27,0.06205315264602272
constrained,2012,zinc,concentrates,RoW,RoW,0.9368856084648222
constrained,2012,zinc,refined_metal,China,China,0.0
constrained,2012,zinc,refined_metal,China,EU27,0.0527731446062177
constrained,2012,zinc,refined_metal,China,RoW,0.9472268553937824
constrained,2012,zinc,refined_metal,EU27,China,0.0005460192174093682
constrained,2012,zinc,refined_metal,EU27,EU27,0.6730930495223286
constrained,2012,zinc,refined_metal,EU27,RoW,0.32636093126026194
constrained,2012,zinc,refined_metal,RoW,China,0.007637151048867025
constrained,2012,zinc,refined_metal,RoW,EU27,0.10277062904143754
constrained,2012,zinc,refined_metal,RoW,RoW,0.8895922199096954
constrained,2012,zinc,scrap,China,China,0.0
constrained,2012,zinc,scrap,China,EU27,0.4700154075476473
constrained,2012,zinc,scrap,China,RoW,0.5299845924523526
constrained,2012,zinc,scrap,EU27,China,0.0005049554243634092
constrained,2012,zinc,scrap,EU27,EU27,0.8471169455587886
constrained,2012,zinc,scrap,EU27,RoW,0.15237809901684815
constrained,2012,zinc,scrap,RoW,China,0.007387767882947529
constrained,2012,zinc,scrap,RoW,EU27,0.192409961467961
constrained,2012,zinc,scrap,RoW,RoW,0.8002022706490916
constrained,2013,nickel,concentrates,China,China,0.0
constrained,2013,nickel,concentrates,China,EU27,0.0018998103058650885
constrained,2013,nickel,concentrates,China,RoW,0.9981001896941348
constrained,2013,nickel,concentrates,EU27,China,5.373660917169205e-06
constrained,2013,nickel,concentrates,EU27,EU27,0.03869169812822338
constrained,2013,nickel,concentrates,EU27,RoW,0.9613029282108594
constrained,2013,nickel,concentrates,RoW,China,2.302668842879245e-05
constrained,2013,nickel,concentrates,RoW,EU27,0.0038538790567925834
constrained,2013,nickel,concentrates,RoW,RoW,0.9961230942547786
constrained,2013,nickel,refined_metal,China,China,0.0
constrained,2013,nickel,refined_metal,China,EU27,0.0235012242874459
constrained,2013,nickel,refined_metal,China,RoW,0.9764987757125541
constrained,2013,nickel,refined_metal,EU27,China,0.006527182321909841
constrained,2013,nickel,refined_metal,EU27,EU27,0.24645932348818061
constrained,2013,nickel,refined_metal,EU27,RoW,0.7470134941899096
constrained,2013,nickel,refined_metal,RoW,China,0.015249530441866886
constrained,2013,nickel,refined_metal,RoW,EU27,0.06909225805730167
constrained,2013,nickel,refined_metal,RoW,RoW,0.9156582115008314
constrained,2013,nickel,scrap,China,China,0.0
constrained,2013,nickel,scrap,China,EU27,0.0651832751908375
constrained,2013,nickel,scrap,China,RoW,0.9348167248091626
constrained,2013,nickel,scrap,EU27,China,0.0002465410971604024
constrained,2013,nickel,scrap,EU27,EU27,0.5519308472492868
constrained,2013,nickel,scrap,EU27,RoW,0.4478226116535528
constrained,2013,nickel,scrap,RoW,China,0.01370457082237323
constrained,2013,nickel,scrap,RoW,EU27,0.17199345698305568
constrained,2013,nickel,scrap,RoW,RoW,0.8143019721945711
constrained,2013,tin,concentrates,China,China,0.0
constrained,2013,tin,concentrates,China,EU27,2.4799190026001084e-07
constrained,2013,tin,concentrates,China,RoW,0.9999997520080998
constrained,2013,tin,concentrates,EU27,China,3.0359587324156908e-05
constrained,2013,tin,concentrates,EU27,EU27,0.08362579395232707
constrained,2013,tin,concentrates,EU27,RoW,0.9163438464603488
constrained,2013,tin,concentrates,RoW,China,0.01647931314141282
constrained,2013,tin,concentrates,RoW,EU27,0.021533269659601895
constrained,2013,tin,concentrates,RoW,RoW,0.9619874171989852
constrained,2013,tin,refined_metal,China,China,0.0
constrained,2013,tin,refined_metal,China,EU27,0.00349287686547276
constrained,2013,tin,refined_metal,China,RoW,0.9965071231345272
constrained,2013,tin,refined_metal,EU27,China,0.01790950494527882
constrained,2013,tin,refined_metal,EU27,EU27,0.32358786231591324
constrained,2013,tin,refined_metal,EU27,RoW,0.6585026327388079
constrained,2013,tin,refined_metal,RoW,China,0.037017526902367405
constrained,2013,tin,refined_metal,RoW,EU27,0.034516358424731455
constrained,2013,tin,refined_metal,RoW,RoW,0.9284661146729011
constrained,2013,tin,scrap,China,China,0.0
constrained,2013,tin,scrap,China,EU27,0.008680412262928245
constrained,2013,tin,scrap,China,RoW,0.9913195877370716
constrained,2013,tin,scrap,EU27,China,3.288559458252557e-05
constrained,2013,tin,scrap,EU27,EU27,0.6144908164381041
constrained,2013,tin,scrap,EU27,RoW,0.38547629796731336
constrained,2013,tin,scrap,RoW,China,0.007441004681312317
constrained,2013,tin,scrap,RoW,EU27,0.01050241695323328
constrained,2013,tin,scrap,RoW,RoW,0.9820565783654545
constrained,2013,zinc,concentrates,China,China,0.0
constrained,2013,zinc,concentrates,China,EU27,0.07206717818123194
constrained,2013,zinc,concentrates,China,RoW,0.927932821818768
constrained,2013,zinc,concentrates,EU27,China,6.8729341090774e-05
constrained,2013,zinc,concentrates,EU27,EU27,0.3917272702691905
constrained,2013,zinc,concentrates,EU27,RoW,0.6082040003897187
constrained,2013,zinc,concentrates,RoW,China,0.0008202352333468408
constrained,2013,zinc,concentrates,RoW,EU27,0.0721762726676217
constrained,2013,zinc,concentrates,RoW,RoW,0.9270034920990314
constrained,2013,zinc,refined_metal,China,China,0.0
constrained,2013,zinc,refined_metal,China,EU27,0.14440150217918057
constrained,2013,zinc,refined_metal,China,RoW,0.8555984978208194
constrained,2013,zinc,refined_metal,EU27,China,0.0005585347293242357
constrained,2013,zinc,refined_metal,EU27,EU27,0.7181003348202722
constrained,2013,zinc,refined_metal,EU27,RoW,0.2813411304504035
constrained,2013,zinc,refined_metal,RoW,China,0.0060600767692606155
constrained,2013,zinc,refined_metal,RoW,EU27,0.11757627251715778
constrained,2013,zinc,refined_metal,RoW,RoW,0.8763636507135816
constrained,2013,zinc,scrap,China,China,0.0
constrained,2013,zinc,scrap,China,EU27,0.4372676382475314
constrained,2013,zinc,scrap,China,RoW,0.5627323617524685
constrained,2013,zinc,scrap,EU27,China,0.00028342586813406384
constrained,2013,zinc,scrap,EU27,EU27,0.8622767001311937
constrained,2013,zinc,scrap,EU27,RoW,0.1374398740006722
constrained,2013,zinc,scrap,RoW,China,0.0033523025961585706
constrained,2013,zinc,scrap,RoW,EU27,0.18579311238565993
constrained,2013,zinc,scrap,RoW,RoW,0.8108545850181815
constrained,2014,nickel,concentrates,China,China,0.0
constrained,2014,nickel,concentrates,China,EU27,0.003047975958081577
constrained,2014,nickel,concentrates,China,RoW,0.9969520240419185
constrained,2014,nickel,concentrates,EU27,China,2.2086517391864573e-05
constrained,2014,nickel,concentrates,EU27,EU27,0.021697360166359654
constrained,2014,nickel,concentrates,EU27,RoW,0.9782805533162485
constrained,2014,nickel,concentrates,RoW,China,6.519355333726778e-05
constrained,2014,nickel,concentrates,RoW,EU27,0.004819318452516213
constrained,2014,nickel,concentrates,RoW,RoW,0.9951154879941465
constrained,2014,nickel,refined_metal,China,China,0.0
constrained,2014,nickel,refined_metal,China,EU27,0.0188203009095024
constrained,2014,nickel,refined_metal,China,RoW,0.9811796990904977
constrained,2014,nickel,refined_metal,EU27,China,0.014639766359070203
constrained,2014,nickel,refined_metal,EU27,EU27,0.2462537546837758
constrained,2014,nickel,refined_metal,EU27,RoW,0.739106478957154
constrained,2014,nickel,refined_metal,RoW,China,0.028797881712535216
constrained,2014,nickel,refined_metal,RoW,EU27,0.06531911397749746
constrained,2014,nickel,refined_metal,RoW,RoW,0.9058830043099673
constrained,2014,nickel,scrap,China,China,0.0
constrained,2014,nickel,scrap,China,EU27,0.021554717760674427
constrained,2014,nickel,scrap,China,RoW,0.9784452822393256
constrained,2014,nickel,scrap,EU27,China,0.0006269245464684759
constrained,2014,nickel,scrap,EU27,EU27,0.640675895479402
constrained,2014,nickel,scrap,EU27,RoW,0.35869717997412953
constrained,2014,nickel,scrap,RoW,China,0.011950792660883922
constrained,2014,nickel,scrap,RoW,EU27,0.20542406621811615
constrained,2014,nickel,scrap,RoW,RoW,0.7826251411209999
constrained,2014,tin,concentrates,China,China,0.0
constrained,2014,tin,concentrates,China,EU27,2.6199951867042244e-07
constrained,2014,tin,concentrates,China,RoW,0.9999997380004813
constrained,2014,tin,concentrates,EU27,China,0.000398979570360288
constrained,2014,tin,concentrates,EU27,EU27,0.1336786188097856
constrained,2014,tin,concentrates,EU27,RoW,0.8659224016198541
constrained,2014,tin,concentrates,RoW,China,0.024015032937181477
constrained,2014,tin,concentrates,RoW,EU27,0.02365636995781353
constrained,2014,tin,concentrates,RoW,RoW,0.952328597105005
constrained,2014,tin,refined_metal,China,China,0.0
constrained,2014,tin,refined_metal,China,EU27,0.005109706866345852
constrained,2014,tin,refined_metal,China,RoW,0.9948902931336542
constrained,2014,tin,refined_metal,EU27,China,0.026115425071799505
constrained,2014,tin,refined_metal,EU27,EU27,0.36264505992171653
constrained,2014,tin,refined_metal,EU27,RoW,0.611239515006484
constrained,2014,tin,refined_metal,RoW,China,0.06420748336824429
constrained,2014,tin,refined_metal,RoW,EU27,0.030800093445567143
constrained,2014,tin,refined_metal,RoW,RoW,0.9049924231861886
constrained,2014,tin,scrap,China,China,0.0
constrained,2014,tin,scrap,China,EU27,0.011230764692728032
constrained,2014,tin,scrap,China,RoW,0.988769235307272
constrained,2014,tin,scrap,EU27,China,0.00044961901598961144
constrained,2014,tin,scrap,EU27,EU27,0.6051848197897636
constrained,2014,tin,scrap,EU27,RoW,0.3943655611942469
constrained,2014,tin,scrap,RoW,China,0.007068556752102787
constrained,2014,tin,scrap,RoW,EU27,0.004475668462178547
constrained,2014,tin,scrap,RoW,RoW,0.9884557747857188
constrained,2014,zinc,concentrates,China,China,0.0
constrained,2014,zinc,concentrates,China,EU27,0.07307502727688045
constrained,2014,zinc,concentrates,China,RoW,0.9269249727231196
constrained,2014,zinc,concentrates,EU27,China,0.00011500699080687603
constrained,2014,zinc,concentrates,EU27,EU27,0.38539728238081356
constrained,2014,zinc,concentrates,EU27,RoW,0.6144877106283795
constrained,2014,zinc,concentrates,RoW,China,0.0018028254337670712
constrained,2014,zinc,concentrates,RoW,EU27,0.06098006345208345
constrained,2014,zinc,concentrates,RoW,RoW,0.9372171111141494
constrained,2014,zinc,refined_metal,China,China,0.0
constrained,2014,zinc,refined_metal,China,EU27,0.1674142498066901
constrained,2014,zinc,refined_metal,China,RoW,0.8325857501933099
constrained,2014,zinc,refined_metal,EU27,China,0.0011464598705363718
constrained,2014,zinc,refined_metal,EU27,EU27,0.7469784906716532
constrained,2014,zinc,refined_metal,EU27,RoW,0.2518750494578104
constrained,2014,zinc,refined_metal,RoW,China,0.016746818880325073
constrained,2014,zinc,refined_metal,RoW,EU27,0.10160287465275647
constrained,2014,zinc,refined_metal,RoW,RoW,0.8816503064669184
constrained,2014,zinc,scrap,China,China,0.0
constrained,2014,zinc,scrap,China,EU27,0.40010397211981746
constrained,2014,zinc,scrap,China,RoW,0.5998960278801826
constrained,2014,zinc,scrap,EU27,China,0.0001191681713995055
constrained,2014,zinc,scrap,EU27,EU27,0.8744195050791278
constrained,2014,zinc,scrap,EU27,RoW,0.12546132674947283
constrained,2014,zinc,scrap,RoW,China,0.0014039613579005746
constrained,2014,zinc,scrap,RoW,EU27,0.20289269328796444
constrained,2014,zinc,scrap,RoW,RoW,0.795703345354135
constrained,2015,nickel,concentrates,China,China,0.0
constrained,2015,nickel,concentrates,China,EU27,0.005206848000450584
constrained,2015,nickel,concentrates,China,RoW,0.9947931519995494
constrained,2015,nickel,concentrates,EU27,China,5.348469367595077e-05
constrained,2015,nickel,concentrates,EU27,EU27,0.008812737537468618
constrained,2015,nickel,concentrates,EU27,RoW,0.9911337777688554
constrained,2015,nickel,concentrates,RoW,China,0.0002140360935879694
constrained,2015,nickel,concentrates,RoW,EU27,0.005191332395627343
constrained,2015,nickel,concentrates,RoW,RoW,0.9945946315107846
constrained,2015,nickel,refined_metal,China,China,0.0
constrained,2015,nickel,refined_metal,China,EU27,0.011498753940107324
constrained,2015,nickel,refined_metal,China,RoW,0.9885012460598926
constrained,2015,nickel,refined_metal,EU27,China,0.024671753672568648
constrained,2015,nickel,refined_metal,EU27,EU27,0.27568680744189417
constrained,2015,nickel,refined_metal,EU27,RoW,0.6996414388855371
constrained,2015,nickel,refined_metal,RoW,China,0.02851247497876043
constrained,2015,nickel,refined_metal,RoW,EU27,0.061002766586944375
constrained,2015,nickel,refined_metal,RoW,RoW,0.9104847584342951
constrained,2015,nickel,scrap,China,China,0.0
constrained,2015,nickel,scrap,China,EU27,0.0880051128183468
constrained,2015,nickel,scrap,China,RoW,0.9119948871816532
constrained,2015,nickel,scrap,EU27,China,0.00106442532752911
constrained,2015,nickel,scrap,EU27,EU27,0.7089879564250039
constrained,2015,nickel,scrap,EU27,RoW,0.28994761824746695
constrained,2015,nickel,scrap,RoW,China,0.02126290760100496
constrained,2015,nickel,scrap,RoW,EU27,0.18042087106669527
constrained,2015,nickel,scrap,RoW,RoW,0.7983162213322997
constrained,2015,tin,concentrates,China,China,0.0
constrained,2015,tin,concentrates,China,EU27,4.1882963364732613e-07
constrained,2015,tin,concentrates,China,RoW,0.9999995811703664
constrained,2015,tin,concentrates,EU27,China,0.0012533920058884322
constrained,2015,tin,concentrates,EU27,EU27,0.38261765180803503
constrained,2015,tin,concentrates,EU27,RoW,0.6161289561860765
constrained,2015,tin,concentrates,RoW,China,0.06172989516469224
constrained,2015,tin,concentrates,RoW,EU27,0.02384164434850943
constrained,2015,tin,concentrates,RoW,RoW,0.9144284604867983
constrained,2015,tin,refined_metal,China,China,0.0
constrained,2015,tin,refined_metal,China,EU27,0.007894195632319849
constrained,2015,tin,refined_metal,China,RoW,0.9921058043676801
constrained,2015,tin,refined_metal,EU27,China,0.014949205592730844
constrained,2015,tin,refined_metal,EU27,EU27,0.37118437025439566
constrained,2015,tin,refined_metal,EU27,RoW,0.6138664241528734
constrained,2015,tin,refined_metal,RoW,China,0.038908151020297696
constrained,2015,tin,refined_metal,RoW,EU27,0.033919519779105074
constrained,2015,tin,refined_metal,RoW,RoW,0.9271723292005972
constrained,2015,tin,scrap,China,China,0.0
constrained,2015,tin,scrap,China,EU27,0.042885809104345106
constrained,2015,tin,scrap,China,RoW,0.9571141908956549
constrained,2015,tin,scrap,EU27,China,0.005669113088213767
constrained,2015,tin,scrap,EU27,EU27,0.6550491733778742
constrained,2015,tin,scrap,EU27,RoW,0.33928171353391207
constrained,2015,tin,scrap,RoW,China,0.003206624495876997
constrained,2015,tin,scrap,RoW,EU27,0.024517930226828456
constrained,2015,tin,scrap,RoW,RoW,0.9722754452772946
constrained,2015,zinc,concentrates,China,China,0.0
constrained,2015,zinc,concentrates,China,EU27,0.09069510800444952
constrained,2015,zinc,concentrates,China,RoW,0.9093048919955504
constrained,2015,zinc,concentrates,EU27,China,0.00016167246935642923
constrained,2015,zinc,concentrates,EU27,EU27,0.3925762497678604
constrained,2015,zinc,concentrates,EU27,RoW,0.6072620777627833
constrained,2015,zinc,concentrates,RoW,China,0.0022636121060596454
constrained,2015,zinc,concentrates,RoW,EU27,0.05753945421412325
constrained,2015,zinc,concentrates,RoW,RoW,0.9401969336798172
constrained,2015,zinc,refined_metal,China,China,0.0
constrained,2015,zinc,refined_metal,China,EU27,0.1473894289940241
constrained,2015,zinc,refined_metal,China,RoW,0.8526105710059758
constrained,2015,zinc,refined_metal,EU27,China,0.0009744062668882835
constrained,2015,zinc,refined_metal,EU27,EU27,0.7606846263361636
constrained,2015,zinc,refined_metal,EU27,RoW,0.23834096739694802
constrained,2015,zinc,refined_metal,RoW,China,0.012699642150063202
constrained,2015,zinc,refined_metal,RoW,EU27,0.10584184274783845
constrained,2015,zinc,refined_metal,RoW,RoW,0.8814585151020984
constrained,2015,zinc,scrap,China,China,0.0
constrained,2015,zinc,scrap,China,EU27,0.3470950296024248
constrained,2015,zinc,scrap,China,RoW,0.6529049703975752
constrained,2015,zinc,scrap,EU27,China,0.00023030654749034085
constrained,2015,zinc,scrap,EU27,EU27,0.8277819583994799
constrained,2015,zinc,scrap,EU27,RoW,0.17198773505302972
constrained,2015,zinc,scrap,RoW,China,0.0022756725567199933
constrained,2015,zinc,scrap,RoW,EU27,0.2238690388567204
constrained,2015,zinc,scrap,RoW,RoW,0.7738552885865596
constrained,2016,nickel,concentrates,China,China,0.0
constrained,2016,nickel,concentrates,China,EU27,0.00467930928129407
constrained,2016,nickel,concentrates,China,RoW,0.9953206907187059
constrained,2016,nickel,concentrates,EU27,China,0.00018740693034689112
constrained,2016,nickel,concentrates,EU27,EU27,0.009785403208865371
constrained,2016,nickel,concentrates,EU27,RoW,0.9900271898607876
constrained,2016,nickel,concentrates,RoW,China,0.00038074605929707816
constrained,2016,nickel,concentrates,RoW,EU27,0.0036660511268274453
constrained,2016,nickel,concentrates,RoW,RoW,0.9959532028138754
constrained,2016,nickel,refined_metal,China,China,0.0
constrained,2016,nickel,refined_metal,China,EU27,0.016872498534588026
constrained,2016,nickel,refined_metal,China,RoW,0.983127501465412
constrained,2016,nickel,refined_metal,EU27,China,0.011250702605791281
constrained,2016,nickel,refined_metal,EU27,EU27,0.2551616896113785
constrained,2016,nickel,refined_metal,EU27,RoW,0.7335876077828303
constrained,2016,nickel,refined_metal,RoW,China,0.009139175954500258
constrained,2016,nickel,refined_metal,RoW,EU27,0.061749891845519066
constrained,2016,nickel,refined_metal,RoW,RoW,0.9291109321999806
constrained,2016,nickel,scrap,China,China,0.0
constrained,2016,nickel,scrap,China,EU27,0.001945823244881941
constrained,2016,nickel,scrap,China,RoW,0.998054176755118
constrained,2016,nickel,scrap,EU27,China,0.0022106187861367682
constrained,2016,nickel,scrap,EU27,EU27,0.6662251846498308
constrained,2016,nickel,scrap,EU27,RoW,0.33156419656403235
constrained,2016,nickel,scrap,RoW,China,0.019857730913572662
constrained,2016,nickel,scrap,RoW,EU27,0.15616333852025982
constrained,2016,nickel,scrap,RoW,RoW,0.8239789305661676
constrained,2016,tin,concentrates,China,China,0.0
constrained,2016,tin,concentrates,China,EU27,5.284579699345393e-07
constrained,2016,tin,concentrates,China,RoW,0.9999994715420301
constrained,2016,tin,concentrates,EU27,China,0.00045997652573186084
constrained,2016,tin,concentrates,EU27,EU27,0.4691008913054688
constrained,2016,tin,concentrates,EU27,RoW,0.5304391321687995
constrained,2016,tin,concentrates,RoW,China,0.00860664039553874
constrained,2016,tin,concentrates,RoW,EU27,0.017774990377085877
constrained,2016,tin,concentrates,RoW,RoW,0.9736183692273753
constrained,2016,tin,refined_metal,China,China,0.0
constrained,2016,tin,refined_metal,China,EU27,0.009300761659826
constrained,2016,tin,refined_metal,China,RoW,0.9906992383401739
constrained,2016,tin,refined_metal,EU27,China,0.022312432424420537
constrained,2016,tin,refined_metal,EU27,EU27,0.40295753360045194
constrained,2016,tin,refined_metal,EU27,RoW,0.5747300339751277
constrained,2016,tin,refined_metal,RoW,China,0.052572921954963915
constrained,2016,tin,refined_metal,RoW,EU27,0.03922897956067589
constrained,2016,tin,refined_metal,RoW,RoW,0.9081980984843602
constrained,2016,tin,scrap,China,China,0.0
constrained,2016,tin,scrap,China,EU27,0.0
constrained,2016,tin,scrap,China,RoW,1.0
constrained,2016,tin,scrap,EU27,China,0.018011864746110117
constrained,2016,tin,scrap,EU27,EU27,0.6566434915871785
constrained,2016,tin,scrap,EU27,RoW,0.3253446436667113
constrained,2016,tin,scrap,RoW,China,0.01013956871441969
constrained,2016,tin,scrap,RoW,EU27,0.013872363188080982
constrained,2016,tin,scrap,RoW,RoW,0.9759880680974994
constrained,2016,zinc,concentrates,China,China,0.0
constrained,2016,zinc,concentrates,China,EU27,0.05484203449591728
constrained,2016,zinc,concentrates,China,RoW,0.9451579655040827
constrained,2016,zinc,concentrates,EU27,China,6.625156481115425e-05
constrained,2016,zinc,concentrates,EU27,EU27,0.4057162285381808
constrained,2016,zinc,concentrates,EU27,RoW,0.594217519897008
constrained,2016,zinc,concentrates,RoW,China,0.0009239778172029226
constrained,2016,zinc,concentrates,RoW,EU27,0.06608280255980632
constrained,2016,zinc,concentrates,RoW,RoW,0.9329932196229909
constrained,2016,zinc,refined_metal,China,China,0.0
constrained,2016,zinc,refined_metal,China,EU27,0.06589245147902592
constrained,2016,zinc,refined_metal,China,RoW,0.934107548520974
constrained,2016,zinc,refined_metal,EU27,China,0.0005962844460740135
constrained,2016,zinc,refined_metal,EU27,EU27,0.7315705850669608
constrained,2016,zinc,refined_metal,EU27,RoW,0.2678331304869651
constrained,2016,zinc,refined_metal,RoW,China,0.008993291251138142
constrained,2016,zinc,refined_metal,RoW,EU27,0.09852733963919824
constrained,2016,zinc,refined_metal,RoW,RoW,0.8924793691096636
constrained,2016,zinc,scrap,China,China,0.0
constrained,2016,zinc,scrap,China,EU27,0.35622792736342573
constrained,2016,zinc,scrap,China,RoW,0.6437720726365742
constrained,2016,zinc,scrap,EU27,China,0.00015659325037487162
constrained,2016,zinc,scrap,EU27,EU27,0.8462670722416012
constrained,2016,zinc,scrap,EU27,RoW,0.15357633450802388
constrained,2016,zinc,scrap,RoW,China,0.006594252758178391
constrained,2016,zinc,scrap,RoW,EU27,0.2447306862996063
constrained,2016,zinc,scrap,RoW,RoW,0.7486750609422153
constrained,2017,nickel,concentrates,China,China,0.0
constrained,2017,nickel,concentrates,China,EU27,0.001538536895102873
constrained,2017,nickel,concentrates,China,RoW,0.998461463104897
constrained,2017,nickel,concentrates,EU27,China,1.4815983024046822e-06
constrained,2017,nickel,concentrates,EU27,EU27,0.004577231771111462
constrained,2017,nickel,concentrates,EU27,RoW,0.9954212866305862
constrained,2017,nickel,concentrates,RoW,China,3.50910900109995e-05
constrained,2017,nickel,concentrates,RoW,EU27,0.0013828299718474913
constrained,2017,nickel,concentrates,RoW,RoW,0.9985820789381415
constrained,2017,nickel,refined_metal,China,China,0.0
constrained,2017,nickel,refined_metal,China,EU27,0.02687435815949432
constrained,2017,nickel,refined_metal,China,RoW,0.9731256418405057
constrained,2017,nickel,refined_metal,EU27,China,0.01961416203288336
constrained,2017,nickel,refined_metal,EU27,EU27,0.2693878252428557
constrained,2017,nickel,refined_metal,EU27,RoW,0.7109980127242609
constrained,2017,nickel,refined_metal,RoW,China,0.014711332791367882
constrained,2017,nickel,refined_metal,RoW,EU27,0.06955125559294859
constrained,2017,nickel,refined_metal,RoW,RoW,0.9157374116156834
constrained,2017,nickel,scrap,China,China,0.0
constrained,2017,nickel,scrap,China,EU27,0.0016788798721522247
constrained,2017,nickel,scrap,China,RoW,0.9983211201278478
constrained,2017,nickel,scrap,EU27,China,0.002041497641492519
constrained,2017,nickel,scrap,EU27,EU27,0.6753200108419565
constrained,2017,nickel,scrap,EU27,RoW,0.32263849151655094
constrained,2017,nickel,scrap,RoW,China,0.023804246699782237
constrained,2017,nickel,scrap,RoW,EU27,0.17572334677826346
constrained,2017,nickel,scrap,RoW,RoW,0.8004724065219543
constrained,2017,tin,concentrates,China,China,0.0
constrained,2017,tin,concentrates,China,EU27,0.013030440720052563
constrained,2017,tin,concentrates,China,RoW,0.9869695592799473
constrained,2017,tin,concentrates,EU27,China,0.0003122959566844932
constrained,2017,tin,concentrates,EU27,EU27,0.5010718082339846
constrained,2017,tin,concentrates,EU27,RoW,0.49861589580933097
constrained,2017,tin,concentrates,RoW,China,0.008966244207391309
constrained,2017,tin,concentrates,RoW,EU27,0.013578751148780066
constrained,2017,tin,concentrates,RoW,RoW,0.9774550046438286
constrained,2017,tin,refined_metal,China,China,0.0
constrained,2017,tin,refined_metal,China,EU27,0.009805859732526824
constrained,2017,tin,refined_metal,China,RoW,0.9901941402674731
constrained,2017,tin,refined_metal,EU27,China,0.028692893234190667
constrained,2017,tin,refined_metal,EU27,EU27,0.37722261203020196
constrained,2017,tin,refined_metal,EU27,RoW,0.5940844947356074
constrained,2017,tin,refined_metal,RoW,China,0.06512026375590171
constrained,2017,tin,refined_metal,RoW,EU27,0.0375307912318542
constrained,2017,tin,refined_metal,RoW,RoW,0.897348945012244
constrained,2017,tin,scrap,China,China,0.0
constrained,2017,tin,scrap,China,EU27,9.485372309730852e-06
constrained,2017,tin,scrap,China,RoW,0.9999905146276903
constrained,2017,tin,scrap,EU27,China,0.022070343761426615
constrained,2017,tin,scrap,EU27,EU27,0.6969933998762937
constrained,2017,tin,scrap,EU27,RoW,0.28093625636227965
constrained,2017,tin,scrap,RoW,China,0.011360684498153875
constrained,2017,tin,scrap,RoW,EU27,0.019036420352500857
constrained,2017,tin,scrap,RoW,RoW,0.9696028951493453
constrained,2017,zinc,concentrates,China,China,0.0
constrained,2017,zinc,concentrates,China,EU27,0.03564269930856002
constrained,2017,zinc,concentrates,China,RoW,0.9643573006914399
constrained,2017,zinc,concentrates,EU27,China,0.00021612027949203413
constrained,2017,zinc,concentrates,EU27,EU27,0.4100311779286301
constrained,2017,zinc,concentrates,EU27,RoW,0.5897527017918779
constrained,2017,zinc,concentrates,RoW,China,0.0028883461910284565
constrained,2017,zinc,concentrates,RoW,EU27,0.0653129710260706
constrained,2017,zinc,concentrates,RoW,RoW,0.9317986827829009
constrained,2017,zinc,refined_metal,China,China,0.0
constrained,2017,zinc,refined_metal,China,EU27,0.0983237201817567
constrained,2017,zinc,refined_metal,China,RoW,0.9016762798182433
constrained,2017,zinc,refined_metal,EU27,China,0.0011252648264163181
constrained,2017,zinc,refined_metal,EU27,EU27,0.7627751277502067
constrained,2017,zinc,refined_metal,EU27,RoW,0.236099607423377
constrained,2017,zinc,refined_metal,RoW,China,0.017740661246536945
constrained,2017,zinc,refined_metal,RoW,EU27,0.1246959641830617
constrained,2017,zinc,refined_metal,RoW,RoW,0.8575633745704013
constrained,2017,zinc,scrap,China,China,0.0
constrained,2017,zinc,scrap,China,EU27,0.44664942447472
constrained,2017,zinc,scrap,China,RoW,0.55335057552528
constrained,2017,zinc,scrap,EU27,China,0.00019361174471734595
constrained,2017,zinc,scrap,EU27,EU27,0.8466181853569326
constrained,2017,zinc,scrap,EU27,RoW,0.15318820289835017
constrained,2017,zinc,scrap,RoW,China,0.013898132727810925
constrained,2017,zinc,scrap,RoW,EU27,0.3179918092976362
constrained,2017,zinc,scrap,RoW,RoW,0.6681100579745529
constrained,2018,nickel,concentrates,China,China,0.0
constrained,2018,nickel,concentrates,China,EU27,0.0013879514837183027
constrained,2018,nickel,concentrates,China,RoW,0.9986120485162817
constrained,2018,nickel,concentrates,EU27,China,1.9165065382724e-06
constrained,2018,nickel,concentrates,EU27,EU27,0.010221203639003498
constrained,2018,nickel,concentrates,EU27,RoW,0.9897768798544582
constrained,2018,nickel,concentrates,RoW,China,2.3805437790866276e-05
constrained,2018,nickel,concentrates,RoW,EU27,0.0022679218409236645
constrained,2018,nickel,concentrates,RoW,RoW,0.9977082727212855
constrained,2018,nickel,refined_metal,China,China,0.0
constrained,2018,nickel,refined_metal,China,EU27,0.05143998462230095
constrained,2018,nickel,refined_metal,China,RoW,0.9485600153776991
constrained,2018,nickel,refined_metal,EU27,China,0.004857411324897537
constrained,2018,nickel,refined_metal,EU27,EU27,0.25527251823049496
constrained,2018,nickel,refined_metal,EU27,RoW,0.7398700704446075
constrained,2018,nickel,refined_metal,RoW,China,0.007341021917242973
constrained,2018,nickel,refined_metal,RoW,EU27,0.08380855501625332
constrained,2018,nickel,refined_metal,RoW,RoW,0.9088504230665038
constrained,2018,nickel,scrap,China,China,0.0
constrained,2018,nickel,scrap,China,EU27,0.0019041290634036236
constrained,2018,nickel,scrap,China,RoW,0.9980958709365965
constrained,2018,nickel,scrap,EU27,China,0.0024656326577336676
constrained,2018,nickel,scrap,EU27,EU27,0.6262522762076667
constrained,2018,nickel,scrap,EU27,RoW,0.3712820911345997
constrained,2018,nickel,scrap,RoW,China,0.032443244110534904
constrained,2018,nickel,scrap,RoW,EU27,0.15665370778816434
constrained,2018,nickel,scrap,RoW,RoW,0.8109030481013006
constrained,2018,tin,concentrates,China,China,0.0
constrained,2018,tin,concentrates,China,EU27,0.04868527522108498
constrained,2018,tin,concentrates,China,RoW,0.951314724778915
constrained,2018,tin,concentrates,EU27,China,8.687379341786767e-05
constrained,2018,tin,concentrates,EU27,EU27,0.4325947425312734
constrained,2018,tin,concentrates,EU27,RoW,0.5673183836753087
constrained,2018,tin,concentrates,RoW,China,0.0016742753620185818
constrained,2018,tin,concentrates,RoW,EU27,0.010752324460129971
constrained,2018,tin,concentrates,RoW,RoW,0.9875734001778514
constrained,2018,tin,refined_metal,China,China,0.0
constrained,2018,tin,refined_metal,China,EU27,0.0201052155665461
constrained,2018,tin,refined_metal,China,RoW,0.9798947844334539
constrained,2018,tin,refined_metal,EU27,China,0.03370068312179625
constrained,2018,tin,refined_metal,EU27,EU27,0.38010615651328966
constrained,2018,tin,refined_metal,EU27,RoW,0.5861931603649141
constrained,2018,tin,refined_metal,RoW,China,0.0706479637487987
constrained,2018,tin,refined_metal,RoW,EU27,0.03403350500090762
constrained,2018,tin,refined_metal,RoW,RoW,0.8953185312502936
constrained,2018,tin,scrap,China,China,0.0
constrained,2018,tin,scrap,China,EU27,0.00023591747727931534
constrained,2018,tin,scrap,China,RoW,0.9997640825227206
constrained,2018,tin,scrap,EU27,China,0.0025373272589119178
constrained,2018,tin,scrap,EU27,EU27,0.6827463441107439
constrained,2018,tin,scrap,EU27,RoW,0.3147163286303443
constrained,2018,tin,scrap,RoW,China,0.023336576036954475
constrained,2018,tin,scrap,RoW,EU27,0.006502004390373323
constrained,2018,tin,scrap,RoW,RoW,0.9701614195726721
constrained,2018,zinc,concentrates,China,China,0.0
constrained,2018,zinc,concentrates,China,EU27,0.028667784753895885
constrained,2018,zinc,concentrates,China,RoW,0.9713322152461041
constrained,2018,zinc,concentrates,EU27,China,2.7625510497526234e-05
constrained,2018,zinc,concentrates,EU27,EU27,0.4245731179640756
constrained,2018,zinc,concentrates,EU27,RoW,0.5753992565254268
constrained,2018,zinc,concentrates,RoW,China,0.0010352518455675585
constrained,2018,zinc,concentrates,RoW,EU27,0.0687454976804525
constrained,2018,zinc,concentrates,RoW,RoW,0.93021925047398
constrained,2018,zinc,refined_metal,China,China,0.0
constrained,2018,zinc,refined_metal,China,EU27,0.11584122071545064
constrained,2018,zinc,refined_metal,China,RoW,0.8841587792845493
constrained,2018,zinc,refined_metal,EU27,China,0.0004019463963666857
constrained,2018,zinc,refined_metal,EU27,EU27,0.7444577919218284
constrained,2018,zinc,refined_metal,EU27,RoW,0.255140261681805
constrained,2018,zinc,refined_metal,RoW,China,0.00790424998214261
constrained,2018,zinc,refined_metal,RoW,EU27,0.1053981213712591
constrained,2018,zinc,refined_metal,RoW,RoW,0.8866976286465983
constrained,2018,zinc,scrap,China,China,0.0
constrained,2018,zinc,scrap,China,EU27,0.5400011947741057
constrained,2018,zinc,scrap,China,RoW,0.4599988052258944
constrained,2018,zinc,scrap,EU27,China,7.32019387788665e-05
constrained,2018,zinc,scrap,EU27,EU27,0.8340969738427545
constrained,2018,zinc,scrap,EU27,RoW,0.16582982421846668
constrained,2018,zinc,scrap,RoW,China,0.0018834545666330331
constrained,2018,zinc,scrap,RoW,EU27,0.25531643185154207
constrained,2018,zinc,scrap,RoW,RoW,0.7428001135818249
constrained,2019,nickel,concentrates,China,China,0.0
constrained,2019,nickel,concentrates,China,EU27,0.0001939865343729108
constrained,2019,nickel,concentrates,China,RoW,0.9998060134656271
constrained,2019,nickel,concentrates,EU27,China,1.2638251583825079e-05
constrained,2019,nickel,concentrates,EU27,EU27,0.00415285841848843
constrained,2019,nickel,concentrates,EU27,RoW,0.9958345033299278
constrained,2019,nickel,concentrates,RoW,China,0.00022315814512679073
constrained,2019,nickel,concentrates,RoW,EU27,0.0009022099544500896
constrained,2019,nickel,concentrates,RoW,RoW,0.998874631900423
constrained,2019,nickel,refined_metal,China,China,0.0
constrained,2019,nickel,refined_metal,China,EU27,0.049713256519272074
constrained,2019,nickel,refined_metal,China,RoW,0.950286743480728
constrained,2019,nickel,refined_metal,EU27,China,0.005775816797824443
constrained,2019,nickel,refined_metal,EU27,EU27,0.23942677658659448
constrained,2019,nickel,refined_metal,EU27,RoW,0.7547974066155811
constrained,2019,nickel,refined_metal,RoW,China,0.0137154138803688
constrained,2019,nickel,refined_metal,RoW,EU27,0.08348254765366496
constrained,2019,nickel,refined_metal,RoW,RoW,0.9028020384659662
constrained,2019,nickel,scrap,China,China,0.0
constrained,2019,nickel,scrap,China,EU27,6.574342597781518e-05
constrained,2019,nickel,scrap,China,RoW,0.9999342565740222
constrained,2019,nickel,scrap,EU27,China,0.0027080246918380416
constrained,2019,nickel,scrap,EU27,EU27,0.5915446584241264
constrained,2019,nickel,scrap,EU27,RoW,0.4057473168840354
constrained,2019,nickel,scrap,RoW,China,0.03910942442844143
constrained,2019,nickel,scrap,RoW,EU27,0.14189316308439723
constrained,2019,nickel,scrap,RoW,RoW,0.8189974124871613
constrained,2019,tin,concentrates,China,China,0.0
constrained,2019,tin,concentrates,China,EU27,0.005130353574707211
constrained,2019,tin,concentrates,China,RoW,0.9948696464252929
constrained,2019,tin,concentrates,EU27,China,3.548248695036219e-05
constrained,2019,tin,concentrates,EU27,EU27,0.3403328882185166
constrained,2019,tin,concentrates,EU27,RoW,0.659631629294533
constrained,2019,tin,concentrates,RoW,China,0.026203147686264232
constrained,2019,tin,concentrates,RoW,EU27,0.012452970517696844
constrained,2019,tin,concentrates,RoW,RoW,0.9613438817960389
constrained,2019,tin,refined_metal,China,China,0.0
constrained,2019,tin,refined_metal,China,EU27,0.03188387495250454
constrained,2019,tin,refined_metal,China,RoW,0.9681161250474953
constrained,2019,tin,refined_metal,EU27,China,0.030160612272028042
constrained,2019,tin,refined_metal,EU27,EU27,0.38063776173868236
constrained,2019,tin,refined_metal,EU27,RoW,0.5892016259892896
constrained,2019,tin,refined_metal,RoW,China,0.07488791073887598
constrained,2019,tin,refined_metal,RoW,EU27,0.0432522020080276
constrained,2019,tin,refined_metal,RoW,RoW,0.8818598872530964
constrained,2019,tin,scrap,China,China,0.0
constrained,2019,tin,scrap,China,EU27,0.0004855121146601304
constrained,2019,tin,scrap,China,RoW,0.9995144878853398
constrained,2019,tin,scrap,EU27,China,0.00010170807888472075
constrained,2019,tin,scrap,EU27,EU27,0.8327635178246122
constrained,2019,tin,scrap,EU27,RoW,0.16713477409650315
constrained,2019,tin,scrap,RoW,China,0.009977037689047924
constrained,2019,tin,scrap,RoW,EU27,0.010638801482752145
constrained,2019,tin,scrap,RoW,RoW,0.9793841608282
constrained,2019,zinc,concentrates,China,China,0.0
constrained,2019,zinc,concentrates,China,EU27,0.0536176737742995
constrained,2019,zinc,concentrates,China,RoW,0.9463823262257005
constrained,2019,zinc,concentrates,EU27,China,4.365540645722364e-05
constrained,2019,zinc,concentrates,EU27,EU27,0.406774545145243
constrained,2019,zinc,concentrates,EU27,RoW,0.5931817994482997
constrained,2019,zinc,concentrates,RoW,China,0.004296720605730862
constrained,2019,zinc,concentrates,RoW,EU27,0.07213051700866294
constrained,2019,zinc,concentrates,RoW,RoW,0.9235727623856061
constrained,2019,zinc,refined_metal,China,China,0.0
constrained,2019,zinc,refined_metal,China,EU27,0.11003470437557802
constrained,2019,zinc,refined_metal,China,RoW,0.889965295624422
constrained,2019,zinc,refined_metal,EU27,China,0.00034512242210119987
constrained,2019,zinc,refined_metal,EU27,EU27,0.7764444379432627
constrained,2019,zinc,refined_metal,EU27,RoW,0.22321043963463602
constrained,2019,zinc,refined_metal,RoW,China,0.014276748352250991
constrained,2019,zinc,refined_metal,RoW,EU27,0.12814330432141963
constrained,2019,zinc,refined_metal,RoW,RoW,0.8575799473263295
constrained,2019,zinc,scrap,China,China,0.0
constrained,2019,zinc,scrap,China,EU27,0.392737012467628
constrained,2019,zinc,scrap,China,RoW,0.607262987532372
constrained,2019,zinc,scrap,EU27,China,0.0005538180568021448
constrained,2019,zinc,scrap,EU27,EU27,0.8394770186998445
constrained,2019,zinc,scrap,EU27,RoW,0.1599691632433534
constrained,2019,zinc,scrap,RoW,China,0.006154731723217811
constrained,2019,zinc,scrap,RoW,EU27,0.29623936852362165
constrained,2019,zinc,scrap,RoW,RoW,0.6976058997531605
constrained,2020,nickel,concentrates,China,China,0.0
constrained,2020,nickel,concentrates,China,EU27,0.0009771812098352073
constrained,2020,nickel,concentrates,China,RoW,0.9990228187901649
constrained,2020,nickel,concentrates,EU27,China,4.762320608770398e-06
constrained,2020,nickel,concentrates,EU27,EU27,0.016529531680097152
constrained,2020,nickel,concentrates,EU27,RoW,0.9834657059992941
constrained,2020,nickel,concentrates,RoW,China,0.00016505887063373822
constrained,2020,nickel,concentrates,RoW,EU27,0.004618398592721802
constrained,2020,nickel,concentrates,RoW,RoW,0.9952165425366444
constrained,2020,nickel,refined_metal,China,China,0.0
constrained,2020,nickel,refined_metal,China,EU27,0.06126043399782838
constrained,2020,nickel,refined_metal,China,RoW,0.9387395660021716
constrained,2020,nickel,refined_metal,EU27,China,0.007720209277644602
constrained,2020,nickel,refined_metal,EU27,EU27,0.275759803780528
constrained,2020,nickel,refined_metal,EU27,RoW,0.7165199869418274
constrained,2020,nickel,refined_metal,RoW,China,0.016591261545573364
constrained,2020,nickel,refined_metal,RoW,EU27,0.10044203545515624
constrained,2020,nickel,refined_metal,RoW,RoW,0.8829667029992704
constrained,2020,nickel,scrap,China,China,0.0
constrained,2020,nickel,scrap,China,EU27,5.9736585797100686e-05
constrained,2020,nickel,scrap,China,RoW,0.999940263414203
constrained,2020,nickel,scrap,EU27,China,0.0004946480250982927
constrained,2020,nickel,scrap,EU27,EU27,0.5473998396824747
constrained,2020,nickel,scrap,EU27,RoW,0.45210551229242696
constrained,2020,nickel,scrap,RoW,China,0.011334802474642192
constrained,2020,nickel,scrap,RoW,EU27,0.1203615935445363
constrained,2020,nickel,scrap,RoW,RoW,0.8683036039808215
constrained,2020,tin,concentrates,China,China,0.0
constrained,2020,tin,concentrates,China,EU27,0.006855650213065772
constrained,2020,tin,concentrates,China,RoW,0.9931443497869342
constrained,2020,tin,concentrates,EU27,China,2.7800520089931904e-06
constrained,2020,tin,concentrates,EU27,EU27,0.22663118049174413
constrained,2020,tin,concentrates,EU27,RoW,0.7733660394562468
constrained,2020,tin,concentrates,RoW,China,5.2252379713925735e-05
constrained,2020,tin,concentrates,RoW,EU27,0.009582065969588207
constrained,2020,tin,concentrates,RoW,RoW,0.9903656816506979
constrained,2020,tin,refined_metal,China,China,0.0
constrained,2020,tin,refined_metal,China,EU27,0.07030050772371017
constrained,2020,tin,refined_metal,China,RoW,0.9296994922762898
constrained,2020,tin,refined_metal,EU27,China,0.02067885514803544
constrained,2020,tin,refined_metal,EU27,EU27,0.39592026339608
constrained,2020,tin,refined_metal,EU27,RoW,0.5834008814558845
constrained,2020,tin,refined_metal,RoW,China,0.08318656554047653
constrained,2020,tin,refined_metal,RoW,EU27,0.05015014841232996
constrained,2020,tin,refined_metal,RoW,RoW,0.8666632860471936
constrained,2020,tin,scrap,China,China,0.0
constrained,2020,tin,scrap,China,EU27,0.0006737795424190464
constrained,2020,tin,scrap,China,RoW,0.9993262204575809
constrained,2020,tin,scrap,EU27,China,1.0173566643690693e-05
constrained,2020,tin,scrap,EU27,EU27,0.8351010342714319
constrained,2020,tin,scrap,EU27,RoW,0.1648887921619245
constrained,2020,tin,scrap,RoW,China,0.0016330818954107876
constrained,2020,tin,scrap,RoW,EU27,0.013373180574604607
constrained,2020,tin,scrap,RoW,RoW,0.9849937375299845
constrained,2020,zinc,concentrates,China,China,0.0
constrained,2020,zinc,concentrates,China,EU27,0.05523083842365697
constrained,2020,zinc,concentrates,China,RoW,0.944769161576343
constrained,2020,zinc,concentrates,EU27,China,6.888818893366978e-06
constrained,2020,zinc,concentrates,EU27,EU27,0.4462624618945904
constrained,2020,zinc,concentrates,EU27,RoW,0.5537306492865163
constrained,2020,zinc,concentrates,RoW,China,0.0006319764083351161
constrained,2020,zinc,concentrates,RoW,EU27,0.08234814223901948
constrained,2020,zinc,concentrates,RoW,RoW,0.9170198813526454
constrained,2020,zinc,refined_metal,China,China,0.0
constrained,2020,zinc,refined_metal,China,EU27,0.04773091712614699
constrained,2020,zinc,refined_metal,China,RoW,0.952269082873853
constrained,2020,zinc,refined_metal,EU27,China,0.00017030836831703332
constrained,2020,zinc,refined_metal,EU27,EU27,0.7811900143271301
constrained,2020,zinc,refined_metal,EU27,RoW,0.2186396773045529
constrained,2020,zinc,refined_metal,RoW,China,0.010685575743186952
constrained,2020,zinc,refined_metal,RoW,EU27,0.14996304963113496
constrained,2020,zinc,refined_metal,RoW,RoW,0.8393513746256781
constrained,2020,zinc,scrap,China,China,0.0
constrained,2020,zinc,scrap,China,EU27,0.322887165897314
constrained,2020,zinc,scrap,China,RoW,0.677112834102686
constrained,2020,zinc,scrap,EU27,China,0.00015202400028054667
constrained,2020,zinc,scrap,EU27,EU27,0.8545370591316868
constrained,2020,zinc,scrap,EU27,RoW,0.1453109168680327
constrained,2020,zinc,scrap,RoW,China,0.0035020274385287116
constrained,2020,zinc,scrap,RoW,EU27,0.2833063025944189
constrained,2020,zinc,scrap,RoW,RoW,0.7131916699670523
constrained,2021,nickel,concentrates,China,China,0.0
constrained,2021,nickel,concentrates,China,EU27,0.000944815055397935
constrained,2021,nickel,concentrates,China,RoW,0.9990551849446021
constrained,2021,nickel,concentrates,EU27,China,1.438162345045175e-06
constrained,2021,nickel,concentrates,EU27,EU27,0.00888037584351937
constrained,2021,nickel,concentrates,EU27,RoW,0.9911181859941356
constrained,2021,nickel,concentrates,RoW,China,1.5059828193287817e-05
constrained,2021,nickel,concentrates,RoW,EU27,0.004429361139923795
constrained,2021,nickel,concentrates,RoW,RoW,0.9955555790318829
constrained,2021,nickel,refined_metal,China,China,0.0
constrained,2021,nickel,refined_metal,China,EU27,0.0681559864294127
constrained,2021,nickel,refined_metal,China,RoW,0.9318440135705873
constrained,2021,nickel,refined_metal,EU27,China,0.001609382718616288
constrained,2021,nickel,refined_metal,EU27,EU27,0.30885347878209807
constrained,2021,nickel,refined_metal,EU27,RoW,0.6895371384992857
constrained,2021,nickel,refined_metal,RoW,China,0.003441543835310844
constrained,2021,nickel,refined_metal,RoW,EU27,0.09344486929375322
constrained,2021,nickel,refined_metal,RoW,RoW,0.9031135868709359
constrained,2021,nickel,scrap,China,China,0.0
constrained,2021,nickel,scrap,China,EU27,1.896150099133944e-05
constrained,2021,nickel,scrap,China,RoW,0.9999810384990087
constrained,2021,nickel,scrap,EU27,China,0.0016273842690303305
constrained,2021,nickel,scrap,EU27,EU27,0.6060123536133947
constrained,2021,nickel,scrap,EU27,RoW,0.39236026211757496
constrained,2021,nickel,scrap,RoW,China,0.012473191123653032
constrained,2021,nickel,scrap,RoW,EU27,0.13504967718569133
constrained,2021,nickel,scrap,RoW,RoW,0.8524771316906556
constrained,2021,tin,concentrates,China,China,0.0
constrained,2021,tin,concentrates,China,EU27,0.000890613302416872
constrained,2021,tin,concentrates,China,RoW,0.9991093866975832
constrained,2021,tin,concentrates,EU27,China,0.003066203808854603
constrained,2021,tin,concentrates,EU27,EU27,0.5154482043151599
constrained,2021,tin,concentrates,EU27,RoW,0.48148559187598555
constrained,2021,tin,concentrates,RoW,China,0.000980795545413826
constrained,2021,tin,concentrates,RoW,EU27,0.029942673370961344
constrained,2021,tin,concentrates,RoW,RoW,0.9690765310836248
constrained,2021,tin,refined_metal,China,China,0.0
constrained,2021,tin,refined_metal,China,EU27,0.009086616985016342
constrained,2021,tin,refined_metal,China,RoW,0.9909133830149837
constrained,2021,tin,refined_metal,EU27,China,0.017764525283699453
constrained,2021,tin,refined_metal,EU27,EU27,0.3810063964881754
constrained,2021,tin,refined_metal,EU27,RoW,0.6012290782281252
constrained,2021,tin,refined_metal,RoW,China,0.078843337659066
constrained,2021,tin,refined_metal,RoW,EU27,0.04547344855381876
constrained,2021,tin,refined_metal,RoW,RoW,0.8756832137871151
constrained,2021,tin,scrap,China,China,0.0
constrained,2021,tin,scrap,China,EU27,0.0049780505020888145
constrained,2021,tin,scrap,China,RoW,0.9950219494979111
constrained,2021,tin,scrap,EU27,China,5.0029629517129185e-05
constrained,2021,tin,scrap,EU27,EU27,0.7282403419927141
constrained,2021,tin,scrap,EU27,RoW,0.2717096283777687
constrained,2021,tin,scrap,RoW,China,0.0015836226271004857
constrained,2021,tin,scrap,RoW,EU27,0.006876606960809339
constrained,2021,tin,scrap,RoW,RoW,0.9915397704120902
constrained,2021,zinc,concentrates,China,China,0.0
constrained,2021,zinc,concentrates,China,EU27,0.045654596300871125
constrained,2021,zinc,concentrates,China,RoW,0.9543454036991289
constrained,2021,zinc,concentrates,EU27,China,1.0392921667524766e-05
constrained,2021,zinc,concentrates,EU27,EU27,0.47554640334666604
constrained,2021,zinc,concentrates,EU27,RoW,0.5244432037316664
constrained,2021,zinc,concentrates,RoW,China,0.0005807282673814333
constrained,2021,zinc,concentrates,RoW,EU27,0.08600345790020322
constrained,2021,zinc,concentrates,RoW,RoW,0.9134158138324153
constrained,2021,zinc,refined_metal,China,China,0.0
constrained,2021,zinc,refined_metal,China,EU27,0.013370238199426213
constrained,2021,zinc,refined_metal,China,RoW,0.9866297618005738
constrained,2021,zinc,refined_metal,EU27,China,7.795100173067375e-05
constrained,2021,zinc,refined_metal,EU27,EU27,0.801854593190151
constrained,2021,zinc,refined_metal,EU27,RoW,0.1980674558081184
constrained,2021,zinc,refined_metal,RoW,China,0.006335559701297251
constrained,2021,zinc,refined_metal,RoW,EU27,0.14385800452397293
constrained,2021,zinc,refined_metal,RoW,RoW,0.8498064357747298
constrained,2021,zinc,scrap,China,China,0.0
constrained,2021,zinc,scrap,China,EU27,0.14586293787890256
constrained,2021,zinc,scrap,China,RoW,0.8541370621210973
constrained,2021,zinc,scrap,EU27,China,8.853145230106283e-06
constrained,2021,zinc,scrap,EU27,EU27,0.8681011804409186
constrained,2021,zinc,scrap,EU27,RoW,0.13188996641385142
constrained,2021,zinc,scrap,RoW,China,0.0009532658522227929
constrained,2021,zinc,scrap,RoW,EU27,0.2749270204438545
constrained,2021,zinc,scrap,RoW,RoW,0.7241197137039227
constrained,2022,nickel,concentrates,China,China,0.0
constrained,2022,nickel,concentrates,China,EU27,0.0017122271126649154
constrained,2022,nickel,concentrates,China,RoW,0.9982877728873351
constrained,2022,nickel,concentrates,EU27,China,3.3544357279885184e-05
constrained,2022,nickel,concentrates,EU27,EU27,0.006813277524973704
constrained,2022,nickel,concentrates,EU27,RoW,0.9931531781177465
constrained,2022,nickel,concentrates,RoW,China,0.0002903054528644297
constrained,2022,nickel,concentrates,RoW,EU27,0.005899193882828207
constrained,2022,nickel,concentrates,RoW,RoW,0.9938105006643073
constrained,2022,nickel,refined_metal,China,China,0.0
constrained,2022,nickel,refined_metal,China,EU27,0.040343307004384835
constrained,2022,nickel,refined_metal,China,RoW,0.9596566929956152
constrained,2022,nickel,refined_metal,EU27,China,0.006717888177387646
constrained,2022,nickel,refined_metal,EU27,EU27,0.3223385902593875
constrained,2022,nickel,refined_metal,EU27,RoW,0.6709435215632249
constrained,2022,nickel,refined_metal,RoW,China,0.018147749575959417
constrained,2022,nickel,refined_metal,RoW,EU27,0.10584349160389185
constrained,2022,nickel,refined_metal,RoW,RoW,0.8760087588201486
constrained,2022,nickel,scrap,China,China,0.0
constrained,2022,nickel,scrap,China,EU27,0.020494849685225063
constrained,2022,nickel,scrap,China,RoW,0.9795051503147748
constrained,2022,nickel,scrap,EU27,China,0.0015480313044832837
constrained,2022,nickel,scrap,EU27,EU27,0.6362693746611264
constrained,2022,nickel,scrap,EU27,RoW,0.3621825940343902
constrained,2022,nickel,scrap,RoW,China,0.033623423531708954
constrained,2022,nickel,scrap,RoW,EU27,0.12642468795422065
constrained,2022,nickel,scrap,RoW,RoW,0.8399518885140703
constrained,2022,tin,concentrates,China,China,0.0
constrained,2022,tin,concentrates,China,EU27,0.0006430224596286256
constrained,2022,tin,concentrates,China,RoW,0.9993569775403714
constrained,2022,tin,concentrates,EU27,China,0.0001005522281881168
constrained,2022,tin,concentrates,EU27,EU27,0.4786830174009349
constrained,2022,tin,concentrates,EU27,RoW,0.5212164303708771
constrained,2022,tin,concentrates,RoW,China,0.0022053545290285402
constrained,2022,tin,concentrates,RoW,EU27,0.014566940554098032
constrained,2022,tin,concentrates,RoW,RoW,0.9832277049168734
constrained,2022,tin,refined_metal,China,China,0.0
constrained,2022,tin,refined_metal,China,EU27,0.005289838072773788
constrained,2022,tin,refined_metal,China,RoW,0.9947101619272263
constrained,2022,tin,refined_metal,EU27,China,0.017486794870056794
constrained,2022,tin,refined_metal,EU27,EU27,0.3944287320770379
constrained,2022,tin,refined_metal,EU27,RoW,0.5880844730529052
constrained,2022,tin,refined_metal,RoW,China,0.06759874675835983
constrained,2022,tin,refined_metal,RoW,EU27,0.04197578497233616
constrained,2022,tin,refined_metal,RoW,RoW,0.890425468269304
constrained,2022,tin,scrap,China,China,0.0
constrained,2022,tin,scrap,China,EU27,0.026773111937280113
constrained,2022,tin,scrap,China,RoW,0.97322688806272
constrained,2022,tin,scrap,EU27,China,3.4033212155231165e-05
constrained,2022,tin,scrap,EU27,EU27,0.6220604328856287
constrained,2022,tin,scrap,EU27,RoW,0.377905533902216
constrained,2022,tin,scrap,RoW,China,0.0017438609766699015
constrained,2022,tin,scrap,RoW,EU27,0.0254686705767912
constrained,2022,tin,scrap,RoW,RoW,0.9727874684465388
constrained,2022,zinc,concentrates,China,China,0.0
constrained,2022,zinc,concentrates,China,EU27,0.023634457410373916
constrained,2022,zinc,concentrates,China,RoW,0.976365542589626
constrained,2022,zinc,concentrates,EU27,China,9.65673985451702e-06
constrained,2022,zinc,concentrates,EU27,EU27,0.47728029943766936
constrained,2022,zinc,concentrates,EU27,RoW,0.522710043822476
constrained,2022,zinc,concentrates,RoW,China,0.0007199785347084558
constrained,2022,zinc,concentrates,RoW,EU27,0.07464736544437667
constrained,2022,zinc,concentrates,RoW,RoW,0.9246326560209149
constrained,2022,zinc,refined_metal,China,China,0.0
constrained,2022,zinc,refined_metal,China,EU27,0.002892572369129915
constrained,2022,zinc,refined_metal,China,RoW,0.9971074276308701
constrained,2022,zinc,refined_metal,EU27,China,0.0002085915539249127
constrained,2022,zinc,refined_metal,EU27,EU27,0.7197379434185761
constrained,2022,zinc,refined_metal,EU27,RoW,0.280053465027499
constrained,2022,zinc,refined_metal,RoW,China,0.014375448147244044
constrained,2022,zinc,refined_metal,RoW,EU27,0.10376145873024997
constrained,2022,zinc,refined_metal,RoW,RoW,0.881863093122506
constrained,2022,zinc,scrap,China,China,0.0
constrained,2022,zinc,scrap,China,EU27,0.1018610018156006
constrained,2022,zinc,scrap,China,RoW,0.8981389981843995
constrained,2022,zinc,scrap,EU27,China,5.620976376445125e-05
constrained,2022,zinc,scrap,EU27,EU27,0.8830639252325373
constrained,2022,zinc,scrap,EU27,RoW,0.11687986500369821
constrained,2022,zinc,scrap,RoW,China,0.002082268903871896
constrained,2022,zinc,scrap,RoW,EU27,0.22734245586905547
constrained,2022,zinc,scrap,RoW,RoW,0.7705752752270726
constrained,2023,nickel,concentrates,China,China,0.0
constrained,2023,nickel,concentrates,China,EU27,0.001909738599427987
constrained,2023,nickel,concentrates,China,RoW,0.9980902614005721
constrained,2023,nickel,concentrates,EU27,China,0.00017923963551592315
constrained,2023,nickel,concentrates,EU27,EU27,0.03877665018361701
constrained,2023,nickel,concentrates,EU27,RoW,0.9610441101808671
constrained,2023,nickel,concentrates,RoW,China,0.00013365708142671425
constrained,2023,nickel,concentrates,RoW,EU27,0.010685609735054453
constrained,2023,nickel,concentrates,RoW,RoW,0.9891807331835188
constrained,2023,nickel,refined_metal,China,China,0.0
constrained,2023,nickel,refined_metal,China,EU27,0.027370655933579402
constrained,2023,nickel,refined_metal,China,RoW,0.9726293440664205
constrained,2023,nickel,refined_metal,EU27,China,0.004202238828853354
constrained,2023,nickel,refined_metal,EU27,EU27,0.3290859271613287
constrained,2023,nickel,refined_metal,EU27,RoW,0.666711834009818
constrained,2023,nickel,refined_metal,RoW,China,0.022361177381612675
constrained,2023,nickel,refined_metal,RoW,EU27,0.11227083383346208
constrained,2023,nickel,refined_metal,RoW,RoW,0.8653679887849254
constrained,2023,nickel,scrap,China,China,0.0
constrained,2023,nickel,scrap,China,EU27,0.01637435656653472
constrained,2023,nickel,scrap,China,RoW,0.9836256434334653
constrained,2023,nickel,scrap,EU27,China,0.0018360350126926895
constrained,2023,nickel,scrap,EU27,EU27,0.6012892992788736
constrained,2023,nickel,scrap,EU27,RoW,0.39687466570843366
constrained,2023,nickel,scrap,RoW,China,0.03434331892085215
constrained,2023,nickel,scrap,RoW,EU27,0.13557862478480434
constrained,2023,nickel,scrap,RoW,RoW,0.8300780562943436
constrained,2023,tin,concentrates,China,China,0.0
constrained,2023,tin,concentrates,China,EU27,0.003566584270663951
constrained,2023,tin,concentrates,China,RoW,0.996433415729336
constrained,2023,tin,concentrates,EU27,China,3.6360529004012135e-05
constrained,2023,tin,concentrates,EU27,EU27,0.4625327444942735
constrained,2023,tin,concentrates,EU27,RoW,0.5374308949767225
constrained,2023,tin,concentrates,RoW,China,0.0034081715731713435
constrained,2023,tin,concentrates,RoW,EU27,0.013923220455650595
constrained,2023,tin,concentrates,RoW,RoW,0.9826686079711779
constrained,2023,tin,refined_metal,China,China,0.0
constrained,2023,tin,refined_metal,China,EU27,0.01867030866472144
constrained,2023,tin,refined_metal,China,RoW,0.9813296913352785
constrained,2023,tin,refined_metal,EU27,China,0.026076327650616297
constrained,2023,tin,refined_metal,EU27,EU27,0.4311947756765627
constrained,2023,tin,refined_metal,EU27,RoW,0.542728896672821
constrained,2023,tin,refined_metal,RoW,China,0.0718155694399492
constrained,2023,tin,refined_metal,RoW,EU27,0.04359434705833491
constrained,2023,tin,refined_metal,RoW,RoW,0.8845900835017159
constrained,2023,tin,scrap,China,China,0.0
constrained,2023,tin,scrap,China,EU27,0.0065887456794903425
constrained,2023,tin,scrap,China,RoW,0.9934112543205097
constrained,2023,tin,scrap,EU27,China,0.00028024068757258655
constrained,2023,tin,scrap,EU27,EU27,0.6764261889270957
constrained,2023,tin,scrap,EU27,RoW,0.3232935703853317
constrained,2023,tin,scrap,RoW,China,0.001654443277711622
constrained,2023,tin,scrap,RoW,EU27,0.022457755326644336
constrained,2023,tin,scrap,RoW,RoW,0.9758878013956441
constrained,2023,zinc,concentrates,China,China,0.0
constrained,2023,zinc,concentrates,China,EU27,0.017529997218303464
constrained,2023,zinc,concentrates,China,RoW,0.9824700027816966
constrained,2023,zinc,concentrates,EU27,China,1.4482044329070955e-05
constrained,2023,zinc,concentrates,EU27,EU27,0.48283435120894314
constrained,2023,zinc,concentrates,EU27,RoW,0.5171511667467278
constrained,2023,zinc,concentrates,RoW,China,0.0005932356561136845
constrained,2023,zinc,concentrates,RoW,EU27,0.08185710387007555
constrained,2023,zinc,concentrates,RoW,RoW,0.9175496604738108
constrained,2023,zinc,refined_metal,China,China,0.0
constrained,2023,zinc,refined_metal,China,EU27,0.004013546665448822
constrained,2023,zinc,refined_metal,China,RoW,0.9959864533345513
constrained,2023,zinc,refined_metal,EU27,China,0.0001535825242212484
constrained,2023,zinc,refined_metal,EU27,EU27,0.7327229770415709
constrained,2023,zinc,refined_metal,EU27,RoW,0.267123440434208
constrained,2023,zinc,refined_metal,RoW,China,0.007959599476013374
constrained,2023,zinc,refined_metal,RoW,EU27,0.10458355353149576
constrained,2023,zinc,refined_metal,RoW,RoW,0.8874568469924909
constrained,2023,zinc,scrap,China,China,0.0
constrained,2023,zinc,scrap,China,EU27,0.019821833799222227
constrained,2023,zinc,scrap,China,RoW,0.9801781662007777
constrained,2023,zinc,scrap,EU27,China,0.0005051789936905053
constrained,2023,zinc,scrap,EU27,EU27,0.8092357460661883
constrained,2023,zinc,scrap,EU27,RoW,0.19025907494012123
constrained,2023,zinc,scrap,RoW,China,0.004496824318269849
constrained,2023,zinc,scrap,RoW,EU27,0.18007041006786345
constrained,2023,zinc,scrap,RoW,RoW,0.8154327656138667
constrained,2024,nickel,concentrates,China,China,0.0
constrained,2024,nickel,concentrates,China,EU27,0.0010074734915619082
constrained,2024,nickel,concentrates,China,RoW,0.9989925265084381
constrained,2024,nickel,concentrates,EU27,China,0.0012844858779114687
constrained,2024,nickel,concentrates,EU27,EU27,0.04169788719247408
constrained,2024,nickel,concentrates,EU27,RoW,0.9570176269296145
constrained,2024,nickel,concentrates,RoW,China,0.0003719675809726151
constrained,2024,nickel,concentrates,RoW,EU27,0.004393419153302145
constrained,2024,nickel,concentrates,RoW,RoW,0.9952346132657252
constrained,2024,nickel,refined_metal,China,China,0.0
constrained,2024,nickel,refined_metal,China,EU27,0.02030182226177693
constrained,2024,nickel,refined_metal,China,RoW,0.9796981777382231
constrained,2024,nickel,refined_metal,EU27,China,0.003984887651439367
constrained,2024,nickel,refined_metal,EU27,EU27,0.3066202817437936
constrained,2024,nickel,refined_metal,EU27,RoW,0.689394830604767
constrained,2024,nickel,refined_metal,RoW,China,0.022657016252724465
constrained,2024,nickel,refined_metal,RoW,EU27,0.11988698358052734
constrained,2024,nickel,refined_metal,RoW,RoW,0.8574560001667482
constrained,2024,nickel,scrap,China,China,0.0
constrained,2024,nickel,scrap,China,EU27,0.019960535928502682
constrained,2024,nickel,scrap,China,RoW,0.9800394640714972
constrained,2024,nickel,scrap,EU27,China,0.0010908286618131983
constrained,2024,nickel,scrap,EU27,EU27,0.5949647551695849
constrained,2024,nickel,scrap,EU27,RoW,0.40394441616860194
constrained,2024,nickel,scrap,RoW,China,0.042053277941621336
constrained,2024,nickel,scrap,RoW,EU27,0.14417001561277323
constrained,2024,nickel,scrap,RoW,RoW,0.8137767064456055
constrained,2024,tin,concentrates,China,China,0.0
constrained,2024,tin,concentrates,China,EU27,8.530241555762194e-05
constrained,2024,tin,concentrates,China,RoW,0.9999146975844424
constrained,2024,tin,concentrates,EU27,China,0.01083713360691038
constrained,2024,tin,concentrates,EU27,EU27,0.3068999057657016
constrained,2024,tin,concentrates,EU27,RoW,0.682262960627388
constrained,2024,tin,concentrates,RoW,China,0.004008179255991297
constrained,2024,tin,concentrates,RoW,EU27,0.01246253319416239
constrained,2024,tin,concentrates,RoW,RoW,0.9835292875498464
constrained,2024,tin,refined_metal,China,China,0.0
constrained,2024,tin,refined_metal,China,EU27,0.0034596192894772223
constrained,2024,tin,refined_metal,China,RoW,0.9965403807105228
constrained,2024,tin,refined_metal,EU27,China,0.04458045086817728
constrained,2024,tin,refined_metal,EU27,EU27,0.4528670653834198
constrained,2024,tin,refined_metal,EU27,RoW,0.5025524837484029
constrained,2024,tin,refined_metal,RoW,China,0.10583748677120612
constrained,2024,tin,refined_metal,RoW,EU27,0.05260231746284767
constrained,2024,tin,refined_metal,RoW,RoW,0.8415601957659463
constrained,2024,tin,scrap,China,China,0.0
constrained,2024,tin,scrap,China,EU27,0.00033616435179136255
constrained,2024,tin,scrap,China,RoW,0.9996638356482087
constrained,2024,tin,scrap,EU27,China,0.0014205155596453212
constrained,2024,tin,scrap,EU27,EU27,0.5270144048194321
constrained,2024,tin,scrap,EU27,RoW,0.4715650796209226
constrained,2024,tin,scrap,RoW,China,0.0014515714180204997
constrained,2024,tin,scrap,RoW,EU27,0.018449365036482722
constrained,2024,tin,scrap,RoW,RoW,0.9800990635454968
constrained,2024,zinc,concentrates,China,China,0.0
constrained,2024,zinc,concentrates,China,EU27,0.0075602559434243535
constrained,2024,zinc,concentrates,China,RoW,0.9924397440565756
constrained,2024,zinc,concentrates,EU27,China,0.00010029398806010906
constrained,2024,zinc,concentrates,EU27,EU27,0.3856734158902465
constrained,2024,zinc,concentrates,EU27,RoW,0.6142262901216933
constrained,2024,zinc,concentrates,RoW,China,0.0007455033506246631
constrained,2024,zinc,concentrates,RoW,EU27,0.059753281237223996
constrained,2024,zinc,concentrates,RoW,RoW,0.9395012154121513
constrained,2024,zinc,refined_metal,China,China,0.0
constrained,2024,zinc,refined_metal,China,EU27,0.008769911232465573
constrained,2024,zinc,refined_metal,China,RoW,0.9912300887675344
constrained,2024,zinc,refined_metal,EU27,China,0.00017594226020982074
constrained,2024,zinc,refined_metal,EU27,EU27,0.7251546307308023
constrained,2024,zinc,refined_metal,EU27,RoW,0.27466942700898783
constrained,2024,zinc,refined_metal,RoW,China,0.008726220428067403
constrained,2024,zinc,refined_metal,RoW,EU27,0.22269549174561487
constrained,2024,zinc,refined_metal,RoW,RoW,0.7685782878263177
constrained,2024,zinc,scrap,China,China,0.0
constrained,2024,zinc,scrap,China,EU27,0.005847765729295599
constrained,2024,zinc,scrap,China,RoW,0.9941522342707043
constrained,2024,zinc,scrap,EU27,China,8.885123050984657e-05
constrained,2024,zinc,scrap,EU27,EU27,0.8098292014091492
constrained,2024,zinc,scrap,EU27,RoW,0.19008194736034098
constrained,2024,zinc,scrap,RoW,China,0.0006671386680025111
constrained,2024,zinc,scrap,RoW,EU27,0.18170468362121409
constrained,2024,zinc,scrap,RoW,RoW,0.8176281777107834
observed,1995,nickel,concentrates,China,China,0.0
observed,1995,nickel,concentrates,China,EU27,0.056417850729955504
observed,1995,nickel,concentrates,China,RoW,0.9435821492700445
observed,1995,nickel,concentrates,EU27,China,0.0
observed,1995,nickel,concentrates,EU27,EU27,0.09360789547690058
observed,1995,nickel,concentrates,EU27,RoW,0.9063921045230995
observed,1995,nickel,concentrates,RoW,China,9.839905374234787e-05
observed,1995,nickel,concentrates,RoW,EU27,0.0104315314309387
observed,1995,nickel,concentrates,RoW,RoW,0.9894700695153189
observed,1995,nickel,refined_metal,China,China,0.0
observed,1995,nickel,refined_metal,China,EU27,0.029895668036034315
observed,1995,nickel,refined_metal,China,RoW,0.9701043319639657
observed,1995,nickel,refined_metal,EU27,China,0.00048284384748374133
observed,1995,nickel,refined_metal,EU27,EU27,0.14207502209850156
observed,1995,nickel,refined_metal,EU27,RoW,0.8574421340540147
observed,1995,nickel,refined_metal,RoW,China,0.013577949246172744
observed,1995,nickel,refined_metal,RoW,EU27,0.057780866892853944
observed,1995,nickel,refined_metal,RoW,RoW,0.9286411838609734
observed,1995,nickel,scrap,China,China,0.0
observed,1995,nickel,scrap,China,EU27,0.0017587983889406757
observed,1995,nickel,scrap,China,RoW,0.9982412016110593
observed,1995,nickel,scrap,EU27,China,0.00042742198803911427
observed,1995,nickel,scrap,EU27,EU27,0.6890054590780607
observed,1995,nickel,scrap,EU27,RoW,0.3105671189339002
observed,1995,nickel,scrap,RoW,China,0.014514065148475341
observed,1995,nickel,scrap,RoW,EU27,0.15151456188115495
observed,1995,nickel,scrap,RoW,RoW,0.8339713729703697
observed,1995,tin,concentrates,China,China,0.0
observed,1995,tin,concentrates,China,EU27,0.0
observed,1995,tin,concentrates,China,RoW,1.0
observed,1995,tin,concentrates,EU27,China,0.0
observed,1995,tin,concentrates,EU27,EU27,0.1975921681759856
observed,1995,tin,concentrates,EU27,RoW,0.8024078318240144
observed,1995,tin,concentrates,RoW,China,0.017410333543207097
observed,1995,tin,concentrates,RoW,EU27,0.0618387013305417
observed,1995,tin,concentrates,RoW,RoW,0.9207509651262512
observed,1995,tin,refined_metal,China,China,0.0
observed,1995,tin,refined_metal,China,EU27,0.004806307250157004
observed,1995,tin,refined_metal,China,RoW,0.995193692749843
observed,1995,tin,refined_metal,EU27,China,0.2695454207777171
observed,1995,tin,refined_metal,EU27,EU27,0.23070367455082397
observed,1995,tin,refined_metal,EU27,RoW,0.49975090467145883
observed,1995,tin,refined_metal,RoW,China,0.20334218412992916
observed,1995,tin,refined_metal,RoW,EU27,0.025677766884394403
observed,1995,tin,refined_metal,RoW,RoW,0.7709800489856764
observed,1995,tin,scrap,China,China,0.0
observed,1995,tin,scrap,China,EU27,0.10200341170690236
observed,1995,tin,scrap,China,RoW,0.8979965882930976
observed,1995,tin,scrap,EU27,China,0.00016335243631174375
observed,1995,tin,scrap,EU27,EU27,0.7055691582759326
observed,1995,tin,scrap,EU27,RoW,0.29426748928775565
observed,1995,tin,scrap,RoW,China,0.0014968360597791273
observed,1995,tin,scrap,RoW,EU27,0.015634826670828775
observed,1995,tin,scrap,RoW,RoW,0.982868337269392
observed,1995,zinc,concentrates,China,China,0.0
observed,1995,zinc,concentrates,China,EU27,0.00026912824403446266
observed,1995,zinc,concentrates,China,RoW,0.9997308717559655
observed,1995,zinc,concentrates,EU27,China,0.003223704584337022
observed,1995,zinc,concentrates,EU27,EU27,0.2793727617166821
observed,1995,zinc,concentrates,EU27,RoW,0.7174035336989808
observed,1995,zinc,concentrates,RoW,China,0.0620786666073641
observed,1995,zinc,concentrates,RoW,EU27,0.08681801925685871
observed,1995,zinc,concentrates,RoW,RoW,0.8511033141357771
observed,1995,zinc,refined_metal,China,China,0.0
observed,1995,zinc,refined_metal,China,EU27,0.03278219734348356
observed,1995,zinc,refined_metal,China,RoW,0.9672178026565165
observed,1995,zinc,refined_metal,EU27,China,0.008798222574041115
observed,1995,zinc,refined_metal,EU27,EU27,0.7259537191479284
observed,1995,zinc,refined_metal,EU27,RoW,0.26524805827803044
observed,1995,zinc,refined_metal,RoW,China,0.12284942556518745
observed,1995,zinc,refined_metal,RoW,EU27,0.18729821014761477
observed,1995,zinc,refined_metal,RoW,RoW,0.6898523642871979
observed,1995,zinc,scrap,China,China,0.0
observed,1995,zinc,scrap,China,EU27,0.3096537546599822
observed,1995,zinc,scrap,China,RoW,0.6903462453400178
observed,1995,zinc,scrap,EU27,China,0.00017183403142995157
observed,1995,zinc,scrap,EU27,EU27,0.807210624329275
observed,1995,zinc,scrap,EU27,RoW,0.192617541639295
observed,1995,zinc,scrap,RoW,China,0.03775919851371043
observed,1995,zinc,scrap,RoW,EU27,0.306791885775957
observed,1995,zinc,scrap,RoW,RoW,0.6554489157103325
observed,1996,nickel,concentrates,China,China,0.0
observed,1996,nickel,concentrates,China,EU27,0.018782870670688033
observed,1996,nickel,concentrates,China,RoW,0.9812171293293119
observed,1996,nickel,concentrates,EU27,China,0.0
observed,1996,nickel,concentrates,EU27,EU27,0.01435220977856196
observed,1996,nickel,concentrates,EU27,RoW,0.9856477902214381
observed,1996,nickel,concentrates,RoW,China,9.082903111907634e-06
observed,1996,nickel,concentrates,RoW,EU27,0.006621324878710443
observed,1996,nickel,concentrates,RoW,RoW,0.9933695922181777
observed,1996,nickel,refined_metal,China,China,0.0
observed,1996,nickel,refined_metal,China,EU27,0.010294431609407725
observed,1996,nickel,refined_metal,China,RoW,0.9897055683905922
observed,1996,nickel,refined_metal,EU27,China,0.0006600810068613726
observed,1996,nickel,refined_metal,EU27,EU27,0.24246116613290825
observed,1996,nickel,refined_metal,EU27,RoW,0.7568787528602303
observed,1996,nickel,refined_metal,RoW,China,0.0011117219530812088
observed,1996,nickel,refined_metal,RoW,EU27,0.051543247811117715
observed,1996,nickel,refined_metal,RoW,RoW,0.9473450302358011
observed,1996,nickel,scrap,China,China,0.0
observed,1996,nickel,scrap,China,EU27,0.01505400624741259
observed,1996,nickel,scrap,China,RoW,0.9849459937525874
observed,1996,nickel,scrap,EU27,China,0.0
observed,1996,nickel,scrap,EU27,EU27,0.4653419259373681
observed,1996,nickel,scrap,EU27,RoW,0.5346580740626318
observed,1996,nickel,scrap,RoW,China,0.002763212489453333
observed,1996,nickel,scrap,RoW,EU27,0.15431896070254095
observed,1996,nickel,scrap,RoW,RoW,0.8429178268080058
observed,1996,tin,concentrates,China,China,0.0
observed,1996,tin,concentrates,China,EU27,0.0
observed,1996,tin,concentrates,China,RoW,1.0
observed,1996,tin,concentrates,EU27,China,0.00019832938040104285
observed,1996,tin,concentrates,EU27,EU27,0.013074997167448626
observed,1996,tin,concentrates,EU27,RoW,0.9867266734521504
observed,1996,tin,concentrates,RoW,China,0.026346723793278036
observed,1996,tin,concentrates,RoW,EU27,0.05599745711547884
observed,1996,tin,concentrates,RoW,RoW,0.9176558190912432
observed,1996,tin,refined_metal,China,China,0.0
observed,1996,tin,refined_metal,China,EU27,0.0032875495535278406
observed,1996,tin,refined_metal,China,RoW,0.9967124504464722
observed,1996,tin,refined_metal,EU27,China,0.24412246299649745
observed,1996,tin,refined_metal,EU27,EU27,0.2442256976362105
observed,1996,tin,refined_metal,EU27,RoW,0.511651839367292
observed,1996,tin,refined_metal,RoW,China,0.1433139843486207
observed,1996,tin,refined_metal,RoW,EU27,0.023015418985368914
observed,1996,tin,refined_metal,RoW,RoW,0.8336705966660105
observed,1996,tin,scrap,China,China,0.0
observed,1996,tin,scrap,China,EU27,0.0
observed,1996,tin,scrap,China,RoW,1.0
observed,1996,tin,scrap,EU27,China,0.0011552270777328033
observed,1996,tin,scrap,EU27,EU27,0.8706263464874012
observed,1996,tin,scrap,EU27,RoW,0.128218426434866
observed,1996,tin,scrap,RoW,China,0.003393088699132748
observed,1996,tin,scrap,RoW,EU27,0.03320106338807351
observed,1996,tin,scrap,RoW,RoW,0.9634058479127938
observed,1996,zinc,concentrates,China,China,0.0
observed,1996,zinc,concentrates,China,EU27,3.016072171137508e-05
observed,1996,zinc,concentrates,China,RoW,0.9999698392782885
observed,1996,zinc,concentrates,EU27,China,0.0011845841614684244
observed,1996,zinc,concentrates,EU27,EU27,0.4044843015162088
observed,1996,zinc,concentrates,EU27,RoW,0.5943311143223229
observed,1996,zinc,concentrates,RoW,China,0.028687244134953924
observed,1996,zinc,concentrates,RoW,EU27,0.0683952360744583
observed,1996,zinc,concentrates,RoW,RoW,0.9029175197905878
observed,1996,zinc,refined_metal,China,China,0.0
observed,1996,zinc,refined_metal,China,EU27,0.06416818204691625
observed,1996,zinc,refined_metal,China,RoW,0.9358318179530838
observed,1996,zinc,refined_metal,EU27,China,0.0031377303475363717
observed,1996,zinc,refined_metal,EU27,EU27,0.7574361825736201
observed,1996,zinc,refined_metal,EU27,RoW,0.23942608707884364
observed,1996,zinc,refined_metal,RoW,China,0.10979320092212069
observed,1996,zinc,refined_metal,RoW,EU27,0.2094970538171775
observed,1996,zinc,refined_metal,RoW,RoW,0.6807097452607017
observed,1996,zinc,scrap,China,China,0.0
observed,1996,zinc,scrap,China,EU27,0.3930805215986345
observed,1996,zinc,scrap,China,RoW,0.6069194784013656
observed,1996,zinc,scrap,EU27,China,0.00018126214516349043
observed,1996,zinc,scrap,EU27,EU27,0.8309112136535945
observed,1996,zinc,scrap,EU27,RoW,0.16890752420124197
observed,1996,zinc,scrap,RoW,China,0.014668758203345608
observed,1996,zinc,scrap,RoW,EU27,0.37974825662888545
observed,1996,zinc,scrap,RoW,RoW,0.605582985167769
observed,1997,nickel,concentrates,China,China,0.0
observed,1997,nickel,concentrates,China,EU27,0.004353466524565471
observed,1997,nickel,concentrates,China,RoW,0.9956465334754345
observed,1997,nickel,concentrates,EU27,China,0.0
observed,1997,nickel,concentrates,EU27,EU27,0.008675122614896462
observed,1997,nickel,concentrates,EU27,RoW,0.9913248773851036
observed,1997,nickel,concentrates,RoW,China,0.0006583019106977189
observed,1997,nickel,concentrates,RoW,EU27,0.009198225502252256
observed,1997,nickel,concentrates,RoW,RoW,0.9901434725870499
observed,1997,nickel,refined_metal,China,China,0.0
observed,1997,nickel,refined_metal,China,EU27,0.07739107287727641
observed,1997,nickel,refined_metal,China,RoW,0.9226089271227236
observed,1997,nickel,refined_metal,EU27,China,0.00019610337746552034
observed,1997,nickel,refined_metal,EU27,EU27,0.2517967549111138
observed,1997,nickel,refined_metal,EU27,RoW,0.7480071417114206
observed,1997,nickel,refined_metal,RoW,China,0.012855701931786633
observed,1997,nickel,refined_metal,RoW,EU27,0.05885097729144202
observed,1997,nickel,refined_metal,RoW,RoW,0.9282933207767713
observed,1997,nickel,scrap,China,China,0.0
observed,1997,nickel,scrap,China,EU27,0.005997433098633785
observed,1997,nickel,scrap,China,RoW,0.9940025669013662
observed,1997,nickel,scrap,EU27,China,0.0025294488431026026
observed,1997,nickel,scrap,EU27,EU27,0.4512524706004265
observed,1997,nickel,scrap,EU27,RoW,0.546218080556471
observed,1997,nickel,scrap,RoW,China,0.004454238884883765
observed,1997,nickel,scrap,RoW,EU27,0.06869320091516315
observed,1997,nickel,scrap,RoW,RoW,0.9268525601999531
observed,1997,tin,concentrates,China,China,0.0
observed,1997,tin,concentrates,China,EU27,0.0
observed,1997,tin,concentrates,China,RoW,1.0
observed,1997,tin,concentrates,EU27,China,0.04075779123140076
observed,1997,tin,concentrates,EU27,EU27,0.07507345393110894
observed,1997,tin,concentrates,EU27,RoW,0.8841687548374902
observed,1997,tin,concentrates,RoW,China,0.03225006271101516
observed,1997,tin,concentrates,RoW,EU27,0.09238422235553086
observed,1997,tin,concentrates,RoW,RoW,0.8753657149334539
observed,1997,tin,refined_metal,China,China,0.0
observed,1997,tin,refined_metal,China,EU27,0.007731955282950574
observed,1997,tin,refined_metal,China,RoW,0.9922680447170494
observed,1997,tin,refined_metal,EU27,China,0.23672568538312738
observed,1997,tin,refined_metal,EU27,EU27,0.21157890711824445
observed,1997,tin,refined_metal,EU27,RoW,0.5516954074986281
observed,1997,tin,refined_metal,RoW,China,0.12186723841215562
observed,1997,tin,refined_metal,RoW,EU27,0.03773607048531062
observed,1997,tin,refined_metal,RoW,RoW,0.8403966911025338
observed,1997,tin,scrap,China,China,0.0
observed,1997,tin,scrap,China,EU27,0.0
observed,1997,tin,scrap,China,RoW,1.0
observed,1997,tin,scrap,EU27,China,0.0
observed,1997,tin,scrap,EU27,EU27,0.7004780316866495
observed,1997,tin,scrap,EU27,RoW,0.2995219683133505
observed,1997,tin,scrap,RoW,China,0.009284797687131578
observed,1997,tin,scrap,RoW,EU27,0.04145012078822399
observed,1997,tin,scrap,RoW,RoW,0.9492650815246445
observed,1997,zinc,concentrates,China,China,0.0
observed,1997,zinc,concentrates,China,EU27,6.194013254797372e-05
observed,1997,zinc,concentrates,China,RoW,0.999938059867452
observed,1997,zinc,concentrates,EU27,China,0.01585902621883736
observed,1997,zinc,concentrates,EU27,EU27,0.427258492226835
observed,1997,zinc,concentrates,EU27,RoW,0.5568824815543277
observed,1997,zinc,concentrates,RoW,China,0.09512758974132506
observed,1997,zinc,concentrates,RoW,EU27,0.07502623282979232
observed,1997,zinc,concentrates,RoW,RoW,0.8298461774288827
observed,1997,zinc,refined_metal,China,China,0.0
observed,1997,zinc,refined_metal,China,EU27,0.04268861194683544
observed,1997,zinc,refined_metal,China,RoW,0.9573113880531646
observed,1997,zinc,refined_metal,EU27,China,0.01058888263756441
observed,1997,zinc,refined_metal,EU27,EU27,0.7119273483861402
observed,1997,zinc,refined_metal,EU27,RoW,0.2774837689762954
observed,1997,zinc,refined_metal,RoW,China,0.21884654288421826
observed,1997,zinc,refined_metal,RoW,EU27,0.1762366633605858
observed,1997,zinc,refined_metal,RoW,RoW,0.604916793755196
observed,1997,zinc,scrap,China,China,0.0
observed,1997,zinc,scrap,China,EU27,0.43367786340495124
observed,1997,zinc,scrap,China,RoW,0.5663221365950488
observed,1997,zinc,scrap,EU27,China,0.00023248278235378495
observed,1997,zinc,scrap,EU27,EU27,0.8647302092866682
observed,1997,zinc,scrap,EU27,RoW,0.13503730793097807
observed,1997,zinc,scrap,RoW,China,0.0060732310837034766
observed,1997,zinc,scrap,RoW,EU27,0.4967621091507357
observed,1997,zinc,scrap,RoW,RoW,0.4971646597655608
observed,1998,nickel,concentrates,China,China,0.0
observed,1998,nickel,concentrates,China,EU27,2.984797779950409e-05
observed,1998,nickel,concentrates,China,RoW,0.9999701520222005
observed,1998,nickel,concentrates,EU27,China,0.0
observed,1998,nickel,concentrates,EU27,EU27,0.008548154318069845
observed,1998,nickel,concentrates,EU27,RoW,0.9914518456819301
observed,1998,nickel,concentrates,RoW,China,1.1560986893955748e-05
observed,1998,nickel,concentrates,RoW,EU27,0.012550074528162296
observed,1998,nickel,concentrates,RoW,RoW,0.9874383644849438
observed,1998,nickel,refined_metal,China,China,0.0
observed,1998,nickel,refined_metal,China,EU27,0.02638123421386436
observed,1998,nickel,refined_metal,China,RoW,0.9736187657861357
observed,1998,nickel,refined_metal,EU27,China,0.00010109489516973955
observed,1998,nickel,refined_metal,EU27,EU27,0.24660015016236206
observed,1998,nickel,refined_metal,EU27,RoW,0.7532987549424682
observed,1998,nickel,refined_metal,RoW,China,0.022043368167920428
observed,1998,nickel,refined_metal,RoW,EU27,0.04593525016900936
observed,1998,nickel,refined_metal,RoW,RoW,0.9320213816630702
observed,1998,nickel,scrap,China,China,0.0
observed,1998,nickel,scrap,China,EU27,0.012678845815663765
observed,1998,nickel,scrap,China,RoW,0.9873211541843362
observed,1998,nickel,scrap,EU27,China,2.6862417761043804e-05
observed,1998,nickel,scrap,EU27,EU27,0.4804695314235354
observed,1998,nickel,scrap,EU27,RoW,0.5195036061587036
observed,1998,nickel,scrap,RoW,China,0.007250660952781842
observed,1998,nickel,scrap,RoW,EU27,0.08273749574774769
observed,1998,nickel,scrap,RoW,RoW,0.9100118432994704
observed,1998,tin,concentrates,China,China,0.0
observed,1998,tin,concentrates,China,EU27,0.0
observed,1998,tin,concentrates,China,RoW,1.0
observed,1998,tin,concentrates,EU27,China,0.0
observed,1998,tin,concentrates,EU27,EU27,0.768915336403822
observed,1998,tin,concentrates,EU27,RoW,0.2310846635961779
observed,1998,tin,concentrates,RoW,China,0.008224272839245355
observed,1998,tin,concentrates,RoW,EU27,0.1175648555245084
observed,1998,tin,concentrates,RoW,RoW,0.8742108716362462
observed,1998,tin,refined_metal,China,China,0.0
observed,1998,tin,refined_metal,China,EU27,0.0072582780282464485
observed,1998,tin,refined_metal,China,RoW,0.9927417219717536
observed,1998,tin,refined_metal,EU27,China,0.2761466298014023
observed,1998,tin,refined_metal,EU27,EU27,0.24515077731589652
observed,1998,tin,refined_metal,EU27,RoW,0.4787025928827011
observed,1998,tin,refined_metal,RoW,China,0.1985976047488051
observed,1998,tin,refined_metal,RoW,EU27,0.022230424261582733
observed,1998,tin,refined_metal,RoW,RoW,0.7791719709896122
observed,1998,tin,scrap,China,China,0.0
observed,1998,tin,scrap,China,EU27,0.0
observed,1998,tin,scrap,China,RoW,1.0
observed,1998,tin,scrap,EU27,China,0.046408608682285635
observed,1998,tin,scrap,EU27,EU27,0.5656862322304913
observed,1998,tin,scrap,EU27,RoW,0.3879051590872231
observed,1998,tin,scrap,RoW,China,0.006891786089143437
observed,1998,tin,scrap,RoW,EU27,0.04335922589100047
observed,1998,tin,scrap,RoW,RoW,0.9497489880198562
observed,1998,zinc,concentrates,China,China,0.0
observed,1998,zinc,concentrates,China,EU27,0.00018090821192409876
observed,1998,zinc,concentrates,China,RoW,0.9998190917880759
observed,1998,zinc,concentrates,EU27,China,0.008585255736403544
observed,1998,zinc,concentrates,EU27,EU27,0.33656302701744417
observed,1998,zinc,concentrates,EU27,RoW,0.6548517172461523
observed,1998,zinc,concentrates,RoW,China,0.05249072636597371
observed,1998,zinc,concentrates,RoW,EU27,0.06331790061671261
observed,1998,zinc,concentrates,RoW,RoW,0.8841913730173137
observed,1998,zinc,refined_metal,China,China,0.0
observed,1998,zinc,refined_metal,China,EU27,0.07319740999873252
observed,1998,zinc,refined_metal,China,RoW,0.9268025900012675
observed,1998,zinc,refined_metal,EU27,China,0.019474793121151662
observed,1998,zinc,refined_metal,EU27,EU27,0.6240326933341838
observed,1998,zinc,refined_metal,EU27,RoW,0.3564925135446647
observed,1998,zinc,refined_metal,RoW,China,0.19303685029226622
observed,1998,zinc,refined_metal,RoW,EU27,0.1275577900945158
observed,1998,zinc,refined_metal,RoW,RoW,0.6794053596132179
observed,1998,zinc,scrap,China,China,0.0
observed,1998,zinc,scrap,China,EU27,0.21873527088025757
observed,1998,zinc,scrap,China,RoW,0.7812647291197424
observed,1998,zinc,scrap,EU27,China,0.0003172305323687013
observed,1998,zinc,scrap,EU27,EU27,0.8712987198207379
observed,1998,zinc,scrap,EU27,RoW,0.12838404964689343
observed,1998,zinc,scrap,RoW,China,0.02301166148506277
observed,1998,zinc,scrap,RoW,EU27,0.3415914420441242
observed,1998,zinc,scrap,RoW,RoW,0.635396896470813
observed,1999,nickel,concentrates,China,China,0.0
observed,1999,nickel,concentrates,China,EU27,0.1286796409750402
observed,1999,nickel,concentrates,China,RoW,0.8713203590249597
observed,1999,nickel,concentrates,EU27,China,0.0
observed,1999,nickel,concentrates,EU27,EU27,0.010287383981276762
observed,1999,nickel,concentrates,EU27,RoW,0.9897126160187232
observed,1999,nickel,concentrates,RoW,China,7.612449591536082e-05
observed,1999,nickel,concentrates,RoW,EU27,0.0022926997934590975
observed,1999,nickel,concentrates,RoW,RoW,0.9976311757106255
observed,1999,nickel,refined_metal,China,China,0.0
observed,1999,nickel,refined_metal,China,EU27,0.03164371736672031
observed,1999,nickel,refined_metal,China,RoW,0.9683562826332797
observed,1999,nickel,refined_metal,EU27,China,9.947250495753023e-05
observed,1999,nickel,refined_metal,EU27,EU27,0.27054922187826086
observed,1999,nickel,refined_metal,EU27,RoW,0.7293513056167817
observed,1999,nickel,refined_metal,RoW,China,0.032268075546493157
observed,1999,nickel,refined_metal,RoW,EU27,0.052509197668001065
observed,1999,nickel,refined_metal,RoW,RoW,0.9152227267855059
observed,1999,nickel,scrap,China,China,0.0
observed,1999,nickel,scrap,China,EU27,0.021312540476343195
observed,1999,nickel,scrap,China,RoW,0.9786874595236568
observed,1999,nickel,scrap,EU27,China,0.0
observed,1999,nickel,scrap,EU27,EU27,0.6601700223215592
observed,1999,nickel,scrap,EU27,RoW,0.33982997767844075
observed,1999,nickel,scrap,RoW,China,0.009164671271464692
observed,1999,nickel,scrap,RoW,EU27,0.08782041531598861
observed,1999,nickel,scrap,RoW,RoW,0.9030149134125466
observed,1999,tin,concentrates,China,China,0.0
observed,1999,tin,concentrates,China,EU27,0.0005700226785846801
observed,1999,tin,concentrates,China,RoW,0.9994299773214153
observed,1999,tin,concentrates,EU27,China,0.03009390392610587
observed,1999,tin,concentrates,EU27,EU27,0.1110770386657577
observed,1999,tin,concentrates,EU27,RoW,0.8588290574081365
observed,1999,tin,concentrates,RoW,China,0.03145266411575062
observed,1999,tin,concentrates,RoW,EU27,0.05601652937455501
observed,1999,tin,concentrates,RoW,RoW,0.9125308065096943
observed,1999,tin,refined_metal,China,China,0.0
observed,1999,tin,refined_metal,China,EU27,0.012052666360231409
observed,1999,tin,refined_metal,China,RoW,0.9879473336397685
observed,1999,tin,refined_metal,EU27,China,0.3356948105183642
observed,1999,tin,refined_metal,EU27,EU27,0.232406757528942
observed,1999,tin,refined_metal,EU27,RoW,0.4318984319526938
observed,1999,tin,refined_metal,RoW,China,0.19025409786330735
observed,1999,tin,refined_metal,RoW,EU27,0.06531902591100411
observed,1999,tin,refined_metal,RoW,RoW,0.7444268762256885
observed,1999,tin,scrap,China,China,0.0
observed,1999,tin,scrap,China,EU27,0.0
observed,1999,tin,scrap,China,RoW,1.0
observed,1999,tin,scrap,EU27,China,0.08496263522101483
observed,1999,tin,scrap,EU27,EU27,0.5997620269496217
observed,1999,tin,scrap,EU27,RoW,0.31527533782936357
observed,1999,tin,scrap,RoW,China,0.0014718879322989436
observed,1999,tin,scrap,RoW,EU27,0.012713795648779561
observed,1999,tin,scrap,RoW,RoW,0.9858143164189215
observed,1999,zinc,concentrates,China,China,0.0
observed,1999,zinc,concentrates,China,EU27,0.00035577628632233957
observed,1999,zinc,concentrates,China,RoW,0.9996442237136777
observed,1999,zinc,concentrates,EU27,China,0.005121689008687862
observed,1999,zinc,concentrates,EU27,EU27,0.3374691345324147
observed,1999,zinc,concentrates,EU27,RoW,0.6574091764588973
observed,1999,zinc,concentrates,RoW,China,0.056776497443246754
observed,1999,zinc,concentrates,RoW,EU27,0.056551045419077954
observed,1999,zinc,concentrates,RoW,RoW,0.8866724571376753
observed,1999,zinc,refined_metal,China,China,0.0
observed,1999,zinc,refined_metal,China,EU27,0.08198673108880863
observed,1999,zinc,refined_metal,China,RoW,0.9180132689111914
observed,1999,zinc,refined_metal,EU27,China,0.01760940866819941
observed,1999,zinc,refined_metal,EU27,EU27,0.7283130068971586
observed,1999,zinc,refined_metal,EU27,RoW,0.254077584434642
observed,1999,zinc,refined_metal,RoW,China,0.09245287041478881
observed,1999,zinc,refined_metal,RoW,EU27,0.04877306707315429
observed,1999,zinc,refined_metal,RoW,RoW,0.8587740625120569
observed,1999,zinc,scrap,China,China,0.0
observed,1999,zinc,scrap,China,EU27,0.33656720812895524
observed,1999,zinc,scrap,China,RoW,0.6634327918710449
observed,1999,zinc,scrap,EU27,China,0.0004974073540890862
observed,1999,zinc,scrap,EU27,EU27,0.8881624083477684
observed,1999,zinc,scrap,EU27,RoW,0.11134018429814257
observed,1999,zinc,scrap,RoW,China,0.024795093995515223
observed,1999,zinc,scrap,RoW,EU27,0.23665013947338234
observed,1999,zinc,scrap,RoW,RoW,0.7385547665311023
observed,2000,nickel,concentrates,China,China,0.0
observed,2000,nickel,concentrates,China,EU27,0.009841678253291328
observed,2000,nickel,concentrates,China,RoW,0.9901583217467086
observed,2000,nickel,concentrates,EU27,China,5.767669060806675e-07
observed,2000,nickel,concentrates,EU27,EU27,0.016342335379892842
observed,2000,nickel,concentrates,EU27,RoW,0.983657087853201
observed,2000,nickel,concentrates,RoW,China,2.8260801687503407e-05
observed,2000,nickel,concentrates,RoW,EU27,0.003624840187428271
observed,2000,nickel,concentrates,RoW,RoW,0.9963468990108842
observed,2000,nickel,refined_metal,China,China,0.0
observed,2000,nickel,refined_metal,China,EU27,0.01869453436376682
observed,2000,nickel,refined_metal,China,RoW,0.9813054656362331
observed,2000,nickel,refined_metal,EU27,China,0.00010615077039001264
observed,2000,nickel,refined_metal,EU27,EU27,0.2170623095754125
observed,2000,nickel,refined_metal,EU27,RoW,0.7828315396541975
observed,2000,nickel,refined_metal,RoW,China,0.018640356488909986
observed,2000,nickel,refined_metal,RoW,EU27,0.053045820526147175
observed,2000,nickel,refined_metal,RoW,RoW,0.9283138229849428
observed,2000,nickel,scrap,China,China,0.0
observed,2000,nickel,scrap,China,EU27,0.22795014881753012
observed,2000,nickel,scrap,China,RoW,0.7720498511824698
observed,2000,nickel,scrap,EU27,China,7.314945920604808e-05
observed,2000,nickel,scrap,EU27,EU27,0.7225624270959764
observed,2000,nickel,scrap,EU27,RoW,0.27736442344481743
observed,2000,nickel,scrap,RoW,China,0.018876681014412273
observed,2000,nickel,scrap,RoW,EU27,0.15347943964193167
observed,2000,nickel,scrap,RoW,RoW,0.827643879343656
observed,2000,tin,concentrates,China,China,0.0
observed,2000,tin,concentrates,China,EU27,0.11089558042289659
observed,2000,tin,concentrates,China,RoW,0.8891044195771035
observed,2000,tin,concentrates,EU27,China,0.1134964904520707
observed,2000,tin,concentrates,EU27,EU27,0.30279559776481946
observed,2000,tin,concentrates,EU27,RoW,0.5837079117831099
observed,2000,tin,concentrates,RoW,China,0.03473271434437552
observed,2000,tin,concentrates,RoW,EU27,0.1827729910898812
observed,2000,tin,concentrates,RoW,RoW,0.7824942945657433
observed,2000,tin,refined_metal,China,China,0.0
observed,2000,tin,refined_metal,China,EU27,0.016458571340059392
observed,2000,tin,refined_metal,China,RoW,0.9835414286599407
observed,2000,tin,refined_metal,EU27,China,0.3829347162446987
observed,2000,tin,refined_metal,EU27,EU27,0.2143743804256585
observed,2000,tin,refined_metal,EU27,RoW,0.40269090332964275
observed,2000,tin,refined_metal,RoW,China,0.2217297220681078
observed,2000,tin,refined_metal,RoW,EU27,0.02353911136464567
observed,2000,tin,refined_metal,RoW,RoW,0.7547311665672465
observed,2000,tin,scrap,China,China,0.0
observed,2000,tin,scrap,China,EU27,0.0
observed,2000,tin,scrap,China,RoW,1.0
observed,2000,tin,scrap,EU27,China,0.005935789308026022
observed,2000,tin,scrap,EU27,EU27,0.7111006961193781
observed,2000,tin,scrap,EU27,RoW,0.28296351457259594
observed,2000,tin,scrap,RoW,China,0.04768741370224194
observed,2000,tin,scrap,RoW,EU27,0.027825456009912115
observed,2000,tin,scrap,RoW,RoW,0.924487130287846
observed,2000,zinc,concentrates,China,China,0.0
observed,2000,zinc,concentrates,China,EU27,0.004679934356667665
observed,2000,zinc,concentrates,China,RoW,0.9953200656433323
observed,2000,zinc,concentrates,EU27,China,0.0031136663230841976
observed,2000,zinc,concentrates,EU27,EU27,0.3408911786046916
observed,2000,zinc,concentrates,EU27,RoW,0.6559951550722243
observed,2000,zinc,concentrates,RoW,China,0.04179867916686319
observed,2000,zinc,concentrates,RoW,EU27,0.05946396681281036
observed,2000,zinc,concentrates,RoW,RoW,0.8987373540203265
observed,2000,zinc,refined_metal,China,China,0.0
observed,2000,zinc,refined_metal,China,EU27,0.1185802785971194
observed,2000,zinc,refined_metal,China,RoW,0.8814197214028806
observed,2000,zinc,refined_metal,EU27,China,0.0411241882390119
observed,2000,zinc,refined_metal,EU27,EU27,0.6828284617350191
observed,2000,zinc,refined_metal,EU27,RoW,0.2760473500259691
observed,2000,zinc,refined_metal,RoW,China,0.22311668263488152
observed,2000,zinc,refined_metal,RoW,EU27,0.09062391131733659
observed,2000,zinc,refined_metal,RoW,RoW,0.6862594060477819
observed,2000,zinc,scrap,China,China,0.0
observed,2000,zinc,scrap,China,EU27,0.2926206394773656
observed,2000,zinc,scrap,China,RoW,0.7073793605226345
observed,2000,zinc,scrap,EU27,China,0.0
observed,2000,zinc,scrap,EU27,EU27,0.8735198890006888
observed,2000,zinc,scrap,EU27,RoW,0.12648011099931125
observed,2000,zinc,scrap,RoW,China,0.0387455490453515
observed,2000,zinc,scrap,RoW,EU27,0.29878207392034056
observed,2000,zinc,scrap,RoW,RoW,0.6624723770343078
observed,2001,nickel,concentrates,China,China,0.0
observed,2001,nickel,concentrates,China,EU27,0.0418202530265299
observed,2001,nickel,concentrates,China,RoW,0.9581797469734701
observed,2001,nickel,concentrates,EU27,China,0.00022927238619110978
observed,2001,nickel,concentrates,EU27,EU27,0.012155764520195164
observed,2001,nickel,concentrates,EU27,RoW,0.9876149630936136
observed,2001,nickel,concentrates,RoW,China,2.892365737101659e-05
observed,2001,nickel,concentrates,RoW,EU27,0.00535141916917575
observed,2001,nickel,concentrates,RoW,RoW,0.9946196571734532
observed,2001,nickel,refined_metal,China,China,0.0
observed,2001,nickel,refined_metal,China,EU27,0.03951372324800065
observed,2001,nickel,refined_metal,China,RoW,0.9604862767519994
observed,2001,nickel,refined_metal,EU27,China,1.4888145853965355e-05
observed,2001,nickel,refined_metal,EU27,EU27,0.2043541959266836
observed,2001,nickel,refined_metal,EU27,RoW,0.7956309159274624
observed,2001,nickel,refined_metal,RoW,China,0.006910802981254364
observed,2001,nickel,refined_metal,RoW,EU27,0.06893196165598642
observed,2001,nickel,refined_metal,RoW,RoW,0.9241572353627592
observed,2001,nickel,scrap,China,China,0.0
observed,2001,nickel,scrap,China,EU27,0.16077780459529076
observed,2001,nickel,scrap,China,RoW,0.8392221954047092
observed,2001,nickel,scrap,EU27,China,0.0
observed,2001,nickel,scrap,EU27,EU27,0.6102987716141487
observed,2001,nickel,scrap,EU27,RoW,0.3897012283858513
observed,2001,nickel,scrap,RoW,China,0.005137283994281393
observed,2001,nickel,scrap,RoW,EU27,0.18513801620025544
observed,2001,nickel,scrap,RoW,RoW,0.8097246998054632
observed,2001,tin,concentrates,China,China,0.0
observed,2001,tin,concentrates,China,EU27,0.2671727514066932
observed,2001,tin,concentrates,China,RoW,0.7328272485933067
observed,2001,tin,concentrates,EU27,China,0.010518687570642856
observed,2001,tin,concentrates,EU27,EU27,0.16999255766973942
observed,2001,tin,concentrates,EU27,RoW,0.8194887547596178
observed,2001,tin,concentrates,RoW,China,0.06948821526341821
observed,2001,tin,concentrates,RoW,EU27,0.031176436035918773
observed,2001,tin,concentrates,RoW,RoW,0.899335348700663
observed,2001,tin,refined_metal,China,China,0.0
observed,2001,tin,refined_metal,China,EU27,0.012850238775476235
observed,2001,tin,refined_metal,China,RoW,0.9871497612245237
observed,2001,tin,refined_metal,EU27,China,0.2996684900256294
observed,2001,tin,refined_metal,EU27,EU27,0.1752112639660264
observed,2001,tin,refined_metal,EU27,RoW,0.5251202460083442
observed,2001,tin,refined_metal,RoW,China,0.22236619232787785
observed,2001,tin,refined_metal,RoW,EU27,0.026717998842672005
observed,2001,tin,refined_metal,RoW,RoW,0.7509158088294501
observed,2001,tin,scrap,China,China,0.0
observed,2001,tin,scrap,China,EU27,0.0
observed,2001,tin,scrap,China,RoW,1.0
observed,2001,tin,scrap,EU27,China,0.008600059434897186
observed,2001,tin,scrap,EU27,EU27,0.7516050040517843
observed,2001,tin,scrap,EU27,RoW,0.2397949365133185
observed,2001,tin,scrap,RoW,China,0.003245386492637582
observed,2001,tin,scrap,RoW,EU27,0.012782308261811402
observed,2001,tin,scrap,RoW,RoW,0.9839723052455509
observed,2001,zinc,concentrates,China,China,0.0
observed,2001,zinc,concentrates,China,EU27,0.034197543627497065
observed,2001,zinc,concentrates,China,RoW,0.965802456372503
observed,2001,zinc,concentrates,EU27,China,0.0009553730404520248
observed,2001,zinc,concentrates,EU27,EU27,0.3416928526474753
observed,2001,zinc,concentrates,EU27,RoW,0.6573517743120727
observed,2001,zinc,concentrates,RoW,China,0.003930751176357161
observed,2001,zinc,concentrates,RoW,EU27,0.06340265149583957
observed,2001,zinc,concentrates,RoW,RoW,0.9326665973278033
observed,2001,zinc,refined_metal,China,China,0.0
observed,2001,zinc,refined_metal,China,EU27,0.17614812648907516
observed,2001,zinc,refined_metal,China,RoW,0.8238518735109249
observed,2001,zinc,refined_metal,EU27,China,0.02575534822081087
observed,2001,zinc,refined_metal,EU27,EU27,0.7051851178244816
observed,2001,zinc,refined_metal,EU27,RoW,0.26905953395470755
observed,2001,zinc,refined_metal,RoW,China,0.2136676418913734
observed,2001,zinc,refined_metal,RoW,EU27,0.07646858184161517
observed,2001,zinc,refined_metal,RoW,RoW,0.7098637762670115
observed,2001,zinc,scrap,China,China,0.0
observed,2001,zinc,scrap,China,EU27,0.410392792209954
observed,2001,zinc,scrap,China,RoW,0.589607207790046
observed,2001,zinc,scrap,EU27,China,0.0
observed,2001,zinc,scrap,EU27,EU27,0.8733404665546234
observed,2001,zinc,scrap,EU27,RoW,0.12665953344537664
observed,2001,zinc,scrap,RoW,China,0.011006019027770462
observed,2001,zinc,scrap,RoW,EU27,0.3106392512716677
observed,2001,zinc,scrap,RoW,RoW,0.6783547297005618
observed,2002,nickel,concentrates,China,China,0.0
observed,2002,nickel,concentrates,China,EU27,0.24113136509487812
observed,2002,nickel,concentrates,China,RoW,0.7588686349051219
observed,2002,nickel,concentrates,EU27,China,2.931299115813439e-06
observed,2002,nickel,concentrates,EU27,EU27,0.03798638702779
observed,2002,nickel,concentrates,EU27,RoW,0.9620106816730941
observed,2002,nickel,concentrates,RoW,China,4.9439744303122484e-05
observed,2002,nickel,concentrates,RoW,EU27,0.003151098407442808
observed,2002,nickel,concentrates,RoW,RoW,0.9967994618482541
observed,2002,nickel,refined_metal,China,China,0.0
observed,2002,nickel,refined_metal,China,EU27,0.012893985505036327
observed,2002,nickel,refined_metal,China,RoW,0.9871060144949636
observed,2002,nickel,refined_metal,EU27,China,0.00013182058388876863
observed,2002,nickel,refined_metal,EU27,EU27,0.16777493189461168
observed,2002,nickel,refined_metal,EU27,RoW,0.8320932475214995
observed,2002,nickel,refined_metal,RoW,China,0.005413826876177696
observed,2002,nickel,refined_metal,RoW,EU27,0.06994702553058257
observed,2002,nickel,refined_metal,RoW,RoW,0.9246391475932396
observed,2002,nickel,scrap,China,China,0.0
observed,2002,nickel,scrap,China,EU27,0.003884728711904596
observed,2002,nickel,scrap,China,RoW,0.9961152712880953
observed,2002,nickel,scrap,EU27,China,0.0
observed,2002,nickel,scrap,EU27,EU27,0.6326398535793156
observed,2002,nickel,scrap,EU27,RoW,0.3673601464206844
observed,2002,nickel,scrap,RoW,China,0.0024144047986418
observed,2002,nickel,scrap,RoW,EU27,0.05646436797286496
observed,2002,nickel,scrap,RoW,RoW,0.9411212272284932
observed,2002,tin,concentrates,China,China,0.0
observed,2002,tin,concentrates,China,EU27,0.14345095572476327
observed,2002,tin,concentrates,China,RoW,0.8565490442752367
observed,2002,tin,concentrates,EU27,China,0.0011638773352772925
observed,2002,tin,concentrates,EU27,EU27,0.7292645317182123
observed,2002,tin,concentrates,EU27,RoW,0.2695715909465105
observed,2002,tin,concentrates,RoW,China,0.01776132241533128
observed,2002,tin,concentrates,RoW,EU27,0.020816403124255402
observed,2002,tin,concentrates,RoW,RoW,0.9614222744604133
observed,2002,tin,refined_metal,China,China,0.0
observed,2002,tin,refined_metal,China,EU27,0.010057976617591221
observed,2002,tin,refined_metal,China,RoW,0.9899420233824088
observed,2002,tin,refined_metal,EU27,China,0.07250567312062565
observed,2002,tin,refined_metal,EU27,EU27,0.0760960795124335
observed,2002,tin,refined_metal,EU27,RoW,0.8513982473669408
observed,2002,tin,refined_metal,RoW,China,0.1518683240911162
observed,2002,tin,refined_metal,RoW,EU27,0.025133348728309517
observed,2002,tin,refined_metal,RoW,RoW,0.8229983271805743
observed,2002,tin,scrap,China,China,0.0
observed,2002,tin,scrap,China,EU27,0.0
observed,2002,tin,scrap,China,RoW,1.0
observed,2002,tin,scrap,EU27,China,0.0
observed,2002,tin,scrap,EU27,EU27,0.6521683676564193
observed,2002,tin,scrap,EU27,RoW,0.34783163234358083
observed,2002,tin,scrap,RoW,China,0.0024556189257164502
observed,2002,tin,scrap,RoW,EU27,0.01744287193028679
observed,2002,tin,scrap,RoW,RoW,0.9801015091439969
observed,2002,zinc,concentrates,China,China,0.0
observed,2002,zinc,concentrates,China,EU27,0.01075208291976737
observed,2002,zinc,concentrates,China,RoW,0.9892479170802326
observed,2002,zinc,concentrates,EU27,China,0.001741366153174286
observed,2002,zinc,concentrates,EU27,EU27,0.3180954139264961
observed,2002,zinc,concentrates,EU27,RoW,0.6801632199203295
observed,2002,zinc,concentrates,RoW,China,0.0024401069548746534
observed,2002,zinc,concentrates,RoW,EU27,0.04298518408778313
observed,2002,zinc,concentrates,RoW,RoW,0.9545747089573422
observed,2002,zinc,refined_metal,China,China,0.0
observed,2002,zinc,refined_metal,China,EU27,0.08459733152976497
observed,2002,zinc,refined_metal,China,RoW,0.915402668470235
observed,2002,zinc,refined_metal,EU27,China,0.016104690057911437
observed,2002,zinc,refined_metal,EU27,EU27,0.7395191677383899
observed,2002,zinc,refined_metal,EU27,RoW,0.2443761422036987
observed,2002,zinc,refined_metal,RoW,China,0.15981979849854197
observed,2002,zinc,refined_metal,RoW,EU27,0.06400913618462019
observed,2002,zinc,refined_metal,RoW,RoW,0.7761710653168378
observed,2002,zinc,scrap,China,China,0.0
observed,2002,zinc,scrap,China,EU27,0.47419037452319546
observed,2002,zinc,scrap,China,RoW,0.5258096254768045
observed,2002,zinc,scrap,EU27,China,0.00010411188037225712
observed,2002,zinc,scrap,EU27,EU27,0.8514766461119934
observed,2002,zinc,scrap,EU27,RoW,0.1484192420076345
observed,2002,zinc,scrap,RoW,China,0.012921969554034926
observed,2002,zinc,scrap,RoW,EU27,0.19776474687923837
observed,2002,zinc,scrap,RoW,RoW,0.7893132835667267
observed,2003,nickel,concentrates,China,China,0.0
observed,2003,nickel,concentrates,China,EU27,0.32932567848001404
observed,2003,nickel,concentrates,China,RoW,0.6706743215199861
observed,2003,nickel,concentrates,EU27,China,2.4753584911520927e-06
observed,2003,nickel,concentrates,EU27,EU27,0.03078805930515283
observed,2003,nickel,concentrates,EU27,RoW,0.969209465336356
observed,2003,nickel,concentrates,RoW,China,1.3145281750956754e-06
observed,2003,nickel,concentrates,RoW,EU27,0.003936220803485199
observed,2003,nickel,concentrates,RoW,RoW,0.9960624646683398
observed,2003,nickel,refined_metal,China,China,0.0
observed,2003,nickel,refined_metal,China,EU27,0.00859673273311721
observed,2003,nickel,refined_metal,China,RoW,0.9914032672668828
observed,2003,nickel,refined_metal,EU27,China,6.754763821942347e-05
observed,2003,nickel,refined_metal,EU27,EU27,0.16670517524724884
observed,2003,nickel,refined_metal,EU27,RoW,0.8332272771145317
observed,2003,nickel,refined_metal,RoW,China,0.01149359171714048
observed,2003,nickel,refined_metal,RoW,EU27,0.0535407262442545
observed,2003,nickel,refined_metal,RoW,RoW,0.934965682038605
observed,2003,nickel,scrap,China,China,0.0
observed,2003,nickel,scrap,China,EU27,0.002341422804590923
observed,2003,nickel,scrap,China,RoW,0.9976585771954091
observed,2003,nickel,scrap,EU27,China,0.0
observed,2003,nickel,scrap,EU27,EU27,0.6642539370550462
observed,2003,nickel,scrap,EU27,RoW,0.3357460629449537
observed,2003,nickel,scrap,RoW,China,0.004728665218021786
observed,2003,nickel,scrap,RoW,EU27,0.1384417315405576
observed,2003,nickel,scrap,RoW,RoW,0.8568296032414207
observed,2003,tin,concentrates,China,China,0.0
observed,2003,tin,concentrates,China,EU27,0.2343074898563439
observed,2003,tin,concentrates,China,RoW,0.765692510143656
observed,2003,tin,concentrates,EU27,China,0.0
observed,2003,tin,concentrates,EU27,EU27,0.6803797369269738
observed,2003,tin,concentrates,EU27,RoW,0.3196202630730261
observed,2003,tin,concentrates,RoW,China,0.01335032655242283
observed,2003,tin,concentrates,RoW,EU27,0.01129032367662608
observed,2003,tin,concentrates,RoW,RoW,0.9753593497709512
observed,2003,tin,refined_metal,China,China,0.0
observed,2003,tin,refined_metal,China,EU27,0.0176223135363702
observed,2003,tin,refined_metal,China,RoW,0.9823776864636298
observed,2003,tin,refined_metal,EU27,China,0.1659611297165855
observed,2003,tin,refined_metal,EU27,EU27,0.17677100255338918
observed,2003,tin,refined_metal,EU27,RoW,0.6572678677300253
observed,2003,tin,refined_metal,RoW,China,0.15236057578248646
observed,2003,tin,refined_metal,RoW,EU27,0.02658391467870864
observed,2003,tin,refined_metal,RoW,RoW,0.8210555095388049
observed,2003,tin,scrap,China,China,0.0
observed,2003,tin,scrap,China,EU27,0.0
observed,2003,tin,scrap,China,RoW,1.0
observed,2003,tin,scrap,EU27,China,0.0
observed,2003,tin,scrap,EU27,EU27,0.6303954274906864
observed,2003,tin,scrap,EU27,RoW,0.3696045725093134
observed,2003,tin,scrap,RoW,China,0.00337307159259542
observed,2003,tin,scrap,RoW,EU27,0.03025448779944633
observed,2003,tin,scrap,RoW,RoW,0.9663724406079582
observed,2003,zinc,concentrates,China,China,0.0
observed,2003,zinc,concentrates,China,EU27,0.00010122955675403307
observed,2003,zinc,concentrates,China,RoW,0.9998987704432459
observed,2003,zinc,concentrates,EU27,China,0.0006978962734777201
observed,2003,zinc,concentrates,EU27,EU27,0.41253686384996097
observed,2003,zinc,concentrates,EU27,RoW,0.5867652398765614
observed,2003,zinc,concentrates,RoW,China,0.0019630551457657406
observed,2003,zinc,concentrates,RoW,EU27,0.05165746399152109
observed,2003,zinc,concentrates,RoW,RoW,0.9463794808627132
observed,2003,zinc,refined_metal,China,China,0.0
observed,2003,zinc,refined_metal,China,EU27,0.06432240919005097
observed,2003,zinc,refined_metal,China,RoW,0.9356775908099491
observed,2003,zinc,refined_metal,EU27,China,0.025661375657895995
observed,2003,zinc,refined_metal,EU27,EU27,0.7649485253262351
observed,2003,zinc,refined_metal,EU27,RoW,0.20939009901586889
observed,2003,zinc,refined_metal,RoW,China,0.1617408818356611
observed,2003,zinc,refined_metal,RoW,EU27,0.07259251082522837
observed,2003,zinc,refined_metal,RoW,RoW,0.7656666073391104
observed,2003,zinc,scrap,China,China,0.0
observed,2003,zinc,scrap,China,EU27,0.4297156741686013
observed,2003,zinc,scrap,China,RoW,0.5702843258313988
observed,2003,zinc,scrap,EU27,China,7.416713001551043e-07
observed,2003,zinc,scrap,EU27,EU27,0.8705763414833514
observed,2003,zinc,scrap,EU27,RoW,0.12942291684534837
observed,2003,zinc,scrap,RoW,China,0.011527681985184854
observed,2003,zinc,scrap,RoW,EU27,0.2630830584696483
observed,2003,zinc,scrap,RoW,RoW,0.725389259545167
observed,2004,nickel,concentrates,China,China,0.0
observed,2004,nickel,concentrates,China,EU27,0.0
observed,2004,nickel,concentrates,China,RoW,1.0
observed,2004,nickel,concentrates,EU27,China,3.228338641123322e-06
observed,2004,nickel,concentrates,EU27,EU27,0.02492283764218826
observed,2004,nickel,concentrates,EU27,RoW,0.9750739340191706
observed,2004,nickel,concentrates,RoW,China,1.454493257350182e-06
observed,2004,nickel,concentrates,RoW,EU27,0.001386545696719385
observed,2004,nickel,concentrates,RoW,RoW,0.9986119998100234
observed,2004,nickel,refined_metal,China,China,0.0
observed,2004,nickel,refined_metal,China,EU27,0.024063057039569135
observed,2004,nickel,refined_metal,China,RoW,0.9759369429604309
observed,2004,nickel,refined_metal,EU27,China,0.00033582089472007203
observed,2004,nickel,refined_metal,EU27,EU27,0.17488365200740086
observed,2004,nickel,refined_metal,EU27,RoW,0.8247805270978792
observed,2004,nickel,refined_metal,RoW,China,0.016007637634762248
observed,2004,nickel,refined_metal,RoW,EU27,0.0544921336838432
observed,2004,nickel,refined_metal,RoW,RoW,0.9295002286813945
observed,2004,nickel,scrap,China,China,0.0
observed,2004,nickel,scrap,China,EU27,0.11668998256280375
observed,2004,nickel,scrap,China,RoW,0.8833100174371963
observed,2004,nickel,scrap,EU27,China,0.0
observed,2004,nickel,scrap,EU27,EU27,0.5525979990168222
observed,2004,nickel,scrap,EU27,RoW,0.447402000983178
observed,2004,nickel,scrap,RoW,China,0.00910823357835324
observed,2004,nickel,scrap,RoW,EU27,0.1948318741417158
observed,2004,nickel,scrap,RoW,RoW,0.796059892279931
observed,2004,tin,concentrates,China,China,0.0
observed,2004,tin,concentrates,China,EU27,0.13102277807813012
observed,2004,tin,concentrates,China,RoW,0.8689772219218698
observed,2004,tin,concentrates,EU27,China,0.014891871475026332
observed,2004,tin,concentrates,EU27,EU27,0.5253926715746665
observed,2004,tin,concentrates,EU27,RoW,0.45971545695030713
observed,2004,tin,concentrates,RoW,China,0.017503048280667243
observed,2004,tin,concentrates,RoW,EU27,0.02921981945981393
observed,2004,tin,concentrates,RoW,RoW,0.9532771322595189
observed,2004,tin,refined_metal,China,China,0.0
observed,2004,tin,refined_metal,China,EU27,0.009155844150485398
observed,2004,tin,refined_metal,China,RoW,0.9908441558495146
observed,2004,tin,refined_metal,EU27,China,0.10240089063972907
observed,2004,tin,refined_metal,EU27,EU27,0.22324132804938301
observed,2004,tin,refined_metal,EU27,RoW,0.674357781310888
observed,2004,tin,refined_metal,RoW,China,0.12912848831041848
observed,2004,tin,refined_metal,RoW,EU27,0.0214827123732345
observed,2004,tin,refined_metal,RoW,RoW,0.849388799316347
observed,2004,tin,scrap,China,China,0.0
observed,2004,tin,scrap,China,EU27,0.0
observed,2004,tin,scrap,China,RoW,1.0
observed,2004,tin,scrap,EU27,China,8.588498334561346e-08
observed,2004,tin,scrap,EU27,EU27,0.6623011043348814
observed,2004,tin,scrap,EU27,RoW,0.3376988097801353
observed,2004,tin,scrap,RoW,China,0.003992956422973508
observed,2004,tin,scrap,RoW,EU27,0.04082682185155556
observed,2004,tin,scrap,RoW,RoW,0.955180221725471
observed,2004,zinc,concentrates,China,China,0.0
observed,2004,zinc,concentrates,China,EU27,0.0001427638210210131
observed,2004,zinc,concentrates,China,RoW,0.9998572361789789
observed,2004,zinc,concentrates,EU27,China,0.00036744096622570396
observed,2004,zinc,concentrates,EU27,EU27,0.43314734663794974
observed,2004,zinc,concentrates,EU27,RoW,0.5664852123958245
observed,2004,zinc,concentrates,RoW,China,0.001269831411434238
observed,2004,zinc,concentrates,RoW,EU27,0.06027279098512095
observed,2004,zinc,concentrates,RoW,RoW,0.9384573776034449
observed,2004,zinc,refined_metal,China,China,0.0
observed,2004,zinc,refined_metal,China,EU27,0.02411615362817488
observed,2004,zinc,refined_metal,China,RoW,0.9758838463718251
observed,2004,zinc,refined_metal,EU27,China,0.01102912068239366
observed,2004,zinc,refined_metal,EU27,EU27,0.7570295975902215
observed,2004,zinc,refined_metal,EU27,RoW,0.23194128172738487
observed,2004,zinc,refined_metal,RoW,China,0.1213850338739237
observed,2004,zinc,refined_metal,RoW,EU27,0.08396741645322033
observed,2004,zinc,refined_metal,RoW,RoW,0.7946475496728561
observed,2004,zinc,scrap,China,China,0.0
observed,2004,zinc,scrap,China,EU27,0.439287794122152
observed,2004,zinc,scrap,China,RoW,0.5607122058778479
observed,2004,zinc,scrap,EU27,China,7.593815230133242e-05
observed,2004,zinc,scrap,EU27,EU27,0.8509052493944493
observed,2004,zinc,scrap,EU27,RoW,0.14901881245324936
observed,2004,zinc,scrap,RoW,China,0.002216947017387675
observed,2004,zinc,scrap,RoW,EU27,0.17879100649171575
observed,2004,zinc,scrap,RoW,RoW,0.8189920464908965
observed,2005,nickel,concentrates,China,China,0.0
observed,2005,nickel,concentrates,China,EU27,0.1744534254970734
observed,2005,nickel,concentrates,China,RoW,0.8255465745029266
observed,2005,nickel,concentrates,EU27,China,2.2102855476527317e-06
observed,2005,nickel,concentrates,EU27,EU27,0.0242727247250048
observed,2005,nickel,concentrates,EU27,RoW,0.9757250649894477
observed,2005,nickel,concentrates,RoW,China,4.420766041146365e-05
observed,2005,nickel,concentrates,RoW,EU27,0.0009617813005865169
observed,2005,nickel,concentrates,RoW,RoW,0.998994011039002
observed,2005,nickel,refined_metal,China,China,0.0
observed,2005,nickel,refined_metal,China,EU27,0.03376431428860015
observed,2005,nickel,refined_metal,China,RoW,0.9662356857113998
observed,2005,nickel,refined_metal,EU27,China,0.0003061363224799767
observed,2005,nickel,refined_metal,EU27,EU27,0.17661877803397671
observed,2005,nickel,refined_metal,EU27,RoW,0.8230750856435433
observed,2005,nickel,refined_metal,RoW,China,0.019052117561383808
observed,2005,nickel,refined_metal,RoW,EU27,0.038539081487404925
observed,2005,nickel,refined_metal,RoW,RoW,0.9424088009512113
observed,2005,nickel,scrap,China,China,0.0
observed,2005,nickel,scrap,China,EU27,0.2071774218759264
observed,2005,nickel,scrap,China,RoW,0.7928225781240738
observed,2005,nickel,scrap,EU27,China,0.0005217117677724272
observed,2005,nickel,scrap,EU27,EU27,0.5193943532144102
observed,2005,nickel,scrap,EU27,RoW,0.4800839350178175
observed,2005,nickel,scrap,RoW,China,0.007734291684732525
observed,2005,nickel,scrap,RoW,EU27,0.18540430002607225
observed,2005,nickel,scrap,RoW,RoW,0.8068614082891952
observed,2005,tin,concentrates,China,China,0.0
observed,2005,tin,concentrates,China,EU27,0.13340264976771818
observed,2005,tin,concentrates,China,RoW,0.8665973502322818
observed,2005,tin,concentrates,EU27,China,4.79120608346281e-05
observed,2005,tin,concentrates,EU27,EU27,0.2134515045131078
observed,2005,tin,concentrates,EU27,RoW,0.7865005834260576
observed,2005,tin,concentrates,RoW,China,0.018560542730371037
observed,2005,tin,concentrates,RoW,EU27,0.040722718796218894
observed,2005,tin,concentrates,RoW,RoW,0.9407167384734101
observed,2005,tin,refined_metal,China,China,0.0
observed,2005,tin,refined_metal,China,EU27,0.006044181755288408
observed,2005,tin,refined_metal,China,RoW,0.9939558182447116
observed,2005,tin,refined_metal,EU27,China,0.06965335677064027
observed,2005,tin,refined_metal,EU27,EU27,0.2196001330659525
observed,2005,tin,refined_metal,EU27,RoW,0.7107465101634072
observed,2005,tin,refined_metal,RoW,China,0.08126765149212527
observed,2005,tin,refined_metal,RoW,EU27,0.032121272909340616
observed,2005,tin,refined_metal,RoW,RoW,0.886611075598534
observed,2005,tin,scrap,China,China,0.0
observed,2005,tin,scrap,China,EU27,0.0
observed,2005,tin,scrap,China,RoW,1.0
observed,2005,tin,scrap,EU27,China,0.0
observed,2005,tin,scrap,EU27,EU27,0.7462930459037106
observed,2005,tin,scrap,EU27,RoW,0.2537069540962893
observed,2005,tin,scrap,RoW,China,0.0014037403171466704
observed,2005,tin,scrap,RoW,EU27,0.02815663769115127
observed,2005,tin,scrap,RoW,RoW,0.970439621991702
observed,2005,zinc,concentrates,China,China,0.0
observed,2005,zinc,concentrates,China,EU27,0.0001228015322806867
observed,2005,zinc,concentrates,China,RoW,0.9998771984677193
observed,2005,zinc,concentrates,EU27,China,0.0002007533766821146
observed,2005,zinc,concentrates,EU27,EU27,0.43156070742456754
observed,2005,zinc,concentrates,EU27,RoW,0.5682385391987503
observed,2005,zinc,concentrates,RoW,China,0.0012486331737925926
observed,2005,zinc,concentrates,RoW,EU27,0.07124219609887503
observed,2005,zinc,concentrates,RoW,RoW,0.9275091707273324
observed,2005,zinc,refined_metal,China,China,0.0
observed,2005,zinc,refined_metal,China,EU27,0.02216128204694126
observed,2005,zinc,refined_metal,China,RoW,0.9778387179530588
observed,2005,zinc,refined_metal,EU27,China,0.008977900991716414
observed,2005,zinc,refined_metal,EU27,EU27,0.7822995782660285
observed,2005,zinc,refined_metal,EU27,RoW,0.20872252074225506
observed,2005,zinc,refined_metal,RoW,China,0.07241977681417731
observed,2005,zinc,refined_metal,RoW,EU27,0.09404396360685768
observed,2005,zinc,refined_metal,RoW,RoW,0.833536259578965
observed,2005,zinc,scrap,China,China,0.0
observed,2005,zinc,scrap,China,EU27,0.5026633567204062
observed,2005,zinc,scrap,China,RoW,0.49733664327959376
observed,2005,zinc,scrap,EU27,China,1.200059545354561e-08
observed,2005,zinc,scrap,EU27,EU27,0.7935849006246559
observed,2005,zinc,scrap,EU27,RoW,0.20641508737474876
observed,2005,zinc,scrap,RoW,China,0.0031672991326132088
observed,2005,zinc,scrap,RoW,EU27,0.19622529195493663
observed,2005,zinc,scrap,RoW,RoW,0.8006074089124501
observed,2006,nickel,concentrates,China,China,0.0
observed,2006,nickel,concentrates,China,EU27,0.01604007314386982
observed,2006,nickel,concentrates,China,RoW,0.9839599268561303
observed,2006,nickel,concentrates,EU27,China,0.0001007433639407535
observed,2006,nickel,concentrates,EU27,EU27,0.02474823404227571
observed,2006,nickel,concentrates,EU27,RoW,0.9751510225937836
observed,2006,nickel,concentrates,RoW,China,2.720314356343332e-05
observed,2006,nickel,concentrates,RoW,EU27,0.007042015949294938
observed,2006,nickel,concentrates,RoW,RoW,0.9929307809071416
observed,2006,nickel,refined_metal,China,China,0.0
observed,2006,nickel,refined_metal,China,EU27,0.059361719898089874
observed,2006,nickel,refined_metal,China,RoW,0.9406382801019101
observed,2006,nickel,refined_metal,EU27,China,0.0007203344525847331
observed,2006,nickel,refined_metal,EU27,EU27,0.21345936846408292
observed,2006,nickel,refined_metal,EU27,RoW,0.7858202970833323
observed,2006,nickel,refined_metal,RoW,China,0.01409041487962041
observed,2006,nickel,refined_metal,RoW,EU27,0.062379124796047895
observed,2006,nickel,refined_metal,RoW,RoW,0.9235304603243316
observed,2006,nickel,scrap,China,China,0.0
observed,2006,nickel,scrap,China,EU27,0.026968930853853892
observed,2006,nickel,scrap,China,RoW,0.9730310691461461
observed,2006,nickel,scrap,EU27,China,0.0012745958986427998
observed,2006,nickel,scrap,EU27,EU27,0.5094160060632694
observed,2006,nickel,scrap,EU27,RoW,0.4893093980380878
observed,2006,nickel,scrap,RoW,China,0.01878074746282427
observed,2006,nickel,scrap,RoW,EU27,0.16685092012158526
observed,2006,nickel,scrap,RoW,RoW,0.8143683324155906
observed,2006,tin,concentrates,China,China,0.0
observed,2006,tin,concentrates,China,EU27,0.08184940747327112
observed,2006,tin,concentrates,China,RoW,0.9181505925267288
observed,2006,tin,concentrates,EU27,China,0.005193086019693126
observed,2006,tin,concentrates,EU27,EU27,0.27834964670491613
observed,2006,tin,concentrates,EU27,RoW,0.7164572672753906
observed,2006,tin,concentrates,RoW,China,0.06851798048107037
observed,2006,tin,concentrates,RoW,EU27,0.03608442818778054
observed,2006,tin,concentrates,RoW,RoW,0.895397591331149
observed,2006,tin,refined_metal,China,China,0.0
observed,2006,tin,refined_metal,China,EU27,0.008201200252125224
observed,2006,tin,refined_metal,China,RoW,0.9917987997478748
observed,2006,tin,refined_metal,EU27,China,0.025926865975175833
observed,2006,tin,refined_metal,EU27,EU27,0.16946546402678347
observed,2006,tin,refined_metal,EU27,RoW,0.8046076699980407
observed,2006,tin,refined_metal,RoW,China,0.07590350354595679
observed,2006,tin,refined_metal,RoW,EU27,0.034124655791079775
observed,2006,tin,refined_metal,RoW,RoW,0.8899718406629634
observed,2006,tin,scrap,China,China,0.0
observed,2006,tin,scrap,China,EU27,0.0
observed,2006,tin,scrap,China,RoW,1.0
observed,2006,tin,scrap,EU27,China,0.0
observed,2006,tin,scrap,EU27,EU27,0.6317230912705883
observed,2006,tin,scrap,EU27,RoW,0.3682769087294116
observed,2006,tin,scrap,RoW,China,0.008808908489086817
observed,2006,tin,scrap,RoW,EU27,0.02842451938406275
observed,2006,tin,scrap,RoW,RoW,0.9627665721268505
observed,2006,zinc,concentrates,China,China,0.0
observed,2006,zinc,concentrates,China,EU27,0.008538663967387219
observed,2006,zinc,concentrates,China,RoW,0.9914613360326128
observed,2006,zinc,concentrates,EU27,China,0.00024227518920372316
observed,2006,zinc,concentrates,EU27,EU27,0.41946258562543826
observed,2006,zinc,concentrates,EU27,RoW,0.5802951391853581
observed,2006,zinc,concentrates,RoW,China,0.0014384347277535058
observed,2006,zinc,concentrates,RoW,EU27,0.07284722106708415
observed,2006,zinc,concentrates,RoW,RoW,0.9257143442051624
observed,2006,zinc,refined_metal,China,China,0.0
observed,2006,zinc,refined_metal,China,EU27,0.02356515090850857
observed,2006,zinc,refined_metal,China,RoW,0.9764348490914914
observed,2006,zinc,refined_metal,EU27,China,0.037039768543465926
observed,2006,zinc,refined_metal,EU27,EU27,0.7513289600773093
observed,2006,zinc,refined_metal,EU27,RoW,0.2116312713792247
observed,2006,zinc,refined_metal,RoW,China,0.11931474770674112
observed,2006,zinc,refined_metal,RoW,EU27,0.10844249333171696
observed,2006,zinc,refined_metal,RoW,RoW,0.7722427589615419
observed,2006,zinc,scrap,China,China,0.0
observed,2006,zinc,scrap,China,EU27,0.47340608919007354
observed,2006,zinc,scrap,China,RoW,0.5265939108099265
observed,2006,zinc,scrap,EU27,China,2.706034478399806e-09
observed,2006,zinc,scrap,EU27,EU27,0.8840894729030853
observed,2006,zinc,scrap,EU27,RoW,0.11591052439088034
observed,2006,zinc,scrap,RoW,China,0.003358578492955207
observed,2006,zinc,scrap,RoW,EU27,0.16609803529318462
observed,2006,zinc,scrap,RoW,RoW,0.83054338621386
observed,2007,nickel,concentrates,China,China,0.0
observed,2007,nickel,concentrates,China,EU27,0.006446810285939834
observed,2007,nickel,concentrates,China,RoW,0.9935531897140601
observed,2007,nickel,concentrates,EU27,China,2.9480294178403292e-05
observed,2007,nickel,concentrates,EU27,EU27,0.0056313944991266155
observed,2007,nickel,concentrates,EU27,RoW,0.994339125206695
observed,2007,nickel,concentrates,RoW,China,6.360885908201824e-05
observed,2007,nickel,concentrates,RoW,EU27,0.0015356036830285911
observed,2007,nickel,concentrates,RoW,RoW,0.9984007874578893
observed,2007,nickel,refined_metal,China,China,0.0
observed,2007,nickel,refined_metal,China,EU27,0.03484972103275484
observed,2007,nickel,refined_metal,China,RoW,0.9651502789672453
observed,2007,nickel,refined_metal,EU27,China,0.0005592993420863707
observed,2007,nickel,refined_metal,EU27,EU27,0.19378353651531857
observed,2007,nickel,refined_metal,EU27,RoW,0.805657164142595
observed,2007,nickel,refined_metal,RoW,China,0.015358846583049562
observed,2007,nickel,refined_metal,RoW,EU27,0.08510121980067664
observed,2007,nickel,refined_metal,RoW,RoW,0.8995399336162738
observed,2007,nickel,scrap,China,China,0.0
observed,2007,nickel,scrap,China,EU27,0.41340817391562934
observed,2007,nickel,scrap,China,RoW,0.5865918260843707
observed,2007,nickel,scrap,EU27,China,0.00031313321149640025
observed,2007,nickel,scrap,EU27,EU27,0.5201486412718421
observed,2007,nickel,scrap,EU27,RoW,0.4795382255166614
observed,2007,nickel,scrap,RoW,China,0.012209771995351911
observed,2007,nickel,scrap,RoW,EU27,0.1493662436604513
observed,2007,nickel,scrap,RoW,RoW,0.8384239843441968
observed,2007,tin,concentrates,China,China,0.0
observed,2007,tin,concentrates,China,EU27,0.0010774432271725021
observed,2007,tin,concentrates,China,RoW,0.9989225567728275
observed,2007,tin,concentrates,EU27,China,0.0
observed,2007,tin,concentrates,EU27,EU27,0.06946370892651885
observed,2007,tin,concentrates,EU27,RoW,0.9305362910734811
observed,2007,tin,concentrates,RoW,China,0.03315623922016396
observed,2007,tin,concentrates,RoW,EU27,0.0206553635415166
observed,2007,tin,concentrates,RoW,RoW,0.9461883972383195
observed,2007,tin,refined_metal,China,China,0.0
observed,2007,tin,refined_metal,China,EU27,0.0064515670392016125
observed,2007,tin,refined_metal,China,RoW,0.9935484329607984
observed,2007,tin,refined_metal,EU27,China,0.07195607108281579
observed,2007,tin,refined_metal,EU27,EU27,0.26891857329633356
observed,2007,tin,refined_metal,EU27,RoW,0.6591253556208506
observed,2007,tin,refined_metal,RoW,China,0.10511401507154655
observed,2007,tin,refined_metal,RoW,EU27,0.07924400018513272
observed,2007,tin,refined_metal,RoW,RoW,0.8156419847433208
observed,2007,tin,scrap,China,China,0.0
observed,2007,tin,scrap,China,EU27,0.0
observed,2007,tin,scrap,China,RoW,1.0
observed,2007,tin,scrap,EU27,China,0.0
observed,2007,tin,scrap,EU27,EU27,0.5239235588849053
observed,2007,tin,scrap,EU27,RoW,0.4760764411150947
observed,2007,tin,scrap,RoW,China,0.0023865878241308485
observed,2007,tin,scrap,RoW,EU27,0.01699890105729664
observed,2007,tin,scrap,RoW,RoW,0.9806145111185725
observed,2007,zinc,concentrates,China,China,0.0
observed,2007,zinc,concentrates,China,EU27,0.0159402533448157
observed,2007,zinc,concentrates,China,RoW,0.9840597466551843
observed,2007,zinc,concentrates,EU27,China,0.00017455402891902125
observed,2007,zinc,concentrates,EU27,EU27,0.3986776863298027
observed,2007,zinc,concentrates,EU27,RoW,0.6011477596412782
observed,2007,zinc,concentrates,RoW,China,0.0010496503079135465
observed,2007,zinc,concentrates,RoW,EU27,0.0870635993023086
observed,2007,zinc,concentrates,RoW,RoW,0.911886750389778
observed,2007,zinc,refined_metal,China,China,0.0
observed,2007,zinc,refined_metal,China,EU27,0.02792837522355142
observed,2007,zinc,refined_metal,China,RoW,0.9720716247764486
observed,2007,zinc,refined_metal,EU27,China,0.02684053521873026
observed,2007,zinc,refined_metal,EU27,EU27,0.6284124194774406
observed,2007,zinc,refined_metal,EU27,RoW,0.3447470453038291
observed,2007,zinc,refined_metal,RoW,China,0.10230500212799978
observed,2007,zinc,refined_metal,RoW,EU27,0.10043653323500772
observed,2007,zinc,refined_metal,RoW,RoW,0.7972584646369925
observed,2007,zinc,scrap,China,China,0.0
observed,2007,zinc,scrap,China,EU27,0.4442030314217292
observed,2007,zinc,scrap,China,RoW,0.5557969685782708
observed,2007,zinc,scrap,EU27,China,7.73718877854025e-06
observed,2007,zinc,scrap,EU27,EU27,0.824272332003252
observed,2007,zinc,scrap,EU27,RoW,0.17571993080796938
observed,2007,zinc,scrap,RoW,China,0.006321430635682016
observed,2007,zinc,scrap,RoW,EU27,0.22007859844951447
observed,2007,zinc,scrap,RoW,RoW,0.7735999709148035
observed,2008,nickel,concentrates,China,China,0.0
observed,2008,nickel,concentrates,China,EU27,0.009925561595611337
observed,2008,nickel,concentrates,China,RoW,0.9900744384043887
observed,2008,nickel,concentrates,EU27,China,1.0437448419573897e-05
observed,2008,nickel,concentrates,EU27,EU27,0.0027728132476438952
observed,2008,nickel,concentrates,EU27,RoW,0.9972167493039366
observed,2008,nickel,concentrates,RoW,China,0.0004979741351311843
observed,2008,nickel,concentrates,RoW,EU27,0.0008990925393389197
observed,2008,nickel,concentrates,RoW,RoW,0.99860293332553
observed,2008,nickel,refined_metal,China,China,0.0
observed,2008,nickel,refined_metal,China,EU27,0.03443246138097373
observed,2008,nickel,refined_metal,China,RoW,0.9655675386190263
observed,2008,nickel,refined_metal,EU27,China,0.0011450000952855865
observed,2008,nickel,refined_metal,EU27,EU27,0.1935254855761079
observed,2008,nickel,refined_metal,EU27,RoW,0.8053295143286064
observed,2008,nickel,refined_metal,RoW,China,0.01188096388749577
observed,2008,nickel,refined_metal,RoW,EU27,0.06884280407353612
observed,2008,nickel,refined_metal,RoW,RoW,0.9192762320389681
observed,2008,nickel,scrap,China,China,0.0
observed,2008,nickel,scrap,China,EU27,0.15786150440505728
observed,2008,nickel,scrap,China,RoW,0.8421384955949427
observed,2008,nickel,scrap,EU27,China,0.00017477240862461118
observed,2008,nickel,scrap,EU27,EU27,0.543664096808007
observed,2008,nickel,scrap,EU27,RoW,0.4561611307833684
observed,2008,nickel,scrap,RoW,China,0.01348736061189287
observed,2008,nickel,scrap,RoW,EU27,0.1515640864229651
observed,2008,nickel,scrap,RoW,RoW,0.8349485529651419
observed,2008,tin,concentrates,China,China,0.0
observed,2008,tin,concentrates,China,EU27,0.06734476644588389
observed,2008,tin,concentrates,China,RoW,0.9326552335541162
observed,2008,tin,concentrates,EU27,China,1.5499132513553216e-07
observed,2008,tin,concentrates,EU27,EU27,0.053594915292591076
observed,2008,tin,concentrates,EU27,RoW,0.9464049297160838
observed,2008,tin,concentrates,RoW,China,1.9524304815697922e-05
observed,2008,tin,concentrates,RoW,EU27,0.11485897434454398
observed,2008,tin,concentrates,RoW,RoW,0.8851215013506403
observed,2008,tin,refined_metal,China,China,0.0
observed,2008,tin,refined_metal,China,EU27,0.013574632929049733
observed,2008,tin,refined_metal,China,RoW,0.9864253670709503
observed,2008,tin,refined_metal,EU27,China,0.024961832979858933
observed,2008,tin,refined_metal,EU27,EU27,0.2459185026415533
observed,2008,tin,refined_metal,EU27,RoW,0.7291196643785879
observed,2008,tin,refined_metal,RoW,China,0.3739324454941793
observed,2008,tin,refined_metal,RoW,EU27,0.03209443042614251
observed,2008,tin,refined_metal,RoW,RoW,0.5939731240796783
observed,2008,tin,scrap,China,China,0.0
observed,2008,tin,scrap,China,EU27,3.8196385762488195e-05
observed,2008,tin,scrap,China,RoW,0.9999618036142376
observed,2008,tin,scrap,EU27,China,0.0
observed,2008,tin,scrap,EU27,EU27,0.39813218655518234
observed,2008,tin,scrap,EU27,RoW,0.6018678134448177
observed,2008,tin,scrap,RoW,China,0.0019085729448289708
observed,2008,tin,scrap,RoW,EU27,0.014934238911590621
observed,2008,tin,scrap,RoW,RoW,0.9831571881435806
observed,2008,zinc,concentrates,China,China,0.0
observed,2008,zinc,concentrates,China,EU27,0.016356294128118832
observed,2008,zinc,concentrates,China,RoW,0.9836437058718811
observed,2008,zinc,concentrates,EU27,China,3.095073524112793e-05
observed,2008,zinc,concentrates,EU27,EU27,0.46722189597420777
observed,2008,zinc,concentrates,EU27,RoW,0.532747153290551
observed,2008,zinc,concentrates,RoW,China,0.0006513770598975279
observed,2008,zinc,concentrates,RoW,EU27,0.07129657811721597
observed,2008,zinc,concentrates,RoW,RoW,0.9280520448228864
observed,2008,zinc,refined_metal,China,China,0.0
observed,2008,zinc,refined_metal,China,EU27,0.006580740876330131
observed,2008,zinc,refined_metal,China,RoW,0.9934192591236698
observed,2008,zinc,refined_metal,EU27,China,0.0019515946218486829
observed,2008,zinc,refined_metal,EU27,EU27,0.6873639139210375
observed,2008,zinc,refined_metal,EU27,RoW,0.3106844914571139
observed,2008,zinc,refined_metal,RoW,China,0.02354854197344069
observed,2008,zinc,refined_metal,RoW,EU27,0.0998643247133849
observed,2008,zinc,refined_metal,RoW,RoW,0.8765871333131744
observed,2008,zinc,scrap,China,China,0.0
observed,2008,zinc,scrap,China,EU27,0.43366661034148474
observed,2008,zinc,scrap,China,RoW,0.5663333896585152
observed,2008,zinc,scrap,EU27,China,1.2935977100434815e-06
observed,2008,zinc,scrap,EU27,EU27,0.8523104635665025
observed,2008,zinc,scrap,EU27,RoW,0.14768824283578744
observed,2008,zinc,scrap,RoW,China,0.005067089345106279
observed,2008,zinc,scrap,RoW,EU27,0.20525861617874766
observed,2008,zinc,scrap,RoW,RoW,0.7896742944761461
observed,2009,nickel,concentrates,China,China,0.0
observed,2009,nickel,concentrates,China,EU27,0.0072411550605049595
observed,2009,nickel,concentrates,China,RoW,0.992758844939495
observed,2009,nickel,concentrates,EU27,China,2.5242947154410536e-07
observed,2009,nickel,concentrates,EU27,EU27,0.006512650605731799
observed,2009,nickel,concentrates,EU27,RoW,0.9934870969647966
observed,2009,nickel,concentrates,RoW,China,0.0004537798763987499
observed,2009,nickel,concentrates,RoW,EU27,0.015582238292522007
observed,2009,nickel,concentrates,RoW,RoW,0.9839639818310792
observed,2009,nickel,refined_metal,China,China,0.0
observed,2009,nickel,refined_metal,China,EU27,0.02798464647117365
observed,2009,nickel,refined_metal,China,RoW,0.9720153535288263
observed,2009,nickel,refined_metal,EU27,China,0.0009940802683856196
observed,2009,nickel,refined_metal,EU27,EU27,0.16446264922678422
observed,2009,nickel,refined_metal,EU27,RoW,0.8345432705048301
observed,2009,nickel,refined_metal,RoW,China,0.019952926828822676
observed,2009,nickel,refined_metal,RoW,EU27,0.07035028640588242
observed,2009,nickel,refined_metal,RoW,RoW,0.909696786765295
observed,2009,nickel,scrap,China,China,0.0
observed,2009,nickel,scrap,China,EU27,0.06927121522620591
observed,2009,nickel,scrap,China,RoW,0.9307287847737941
observed,2009,nickel,scrap,EU27,China,3.2165992356123064e-05
observed,2009,nickel,scrap,EU27,EU27,0.6189853584114255
observed,2009,nickel,scrap,EU27,RoW,0.3809824755962183
observed,2009,nickel,scrap,RoW,China,0.022144082584920115
observed,2009,nickel,scrap,RoW,EU27,0.28531040614516057
observed,2009,nickel,scrap,RoW,RoW,0.6925455112699193
observed,2009,tin,concentrates,China,China,0.0
observed,2009,tin,concentrates,China,EU27,0.0010964985868604942
observed,2009,tin,concentrates,China,RoW,0.9989035014131394
observed,2009,tin,concentrates,EU27,China,5.1587082149273724e-05
observed,2009,tin,concentrates,EU27,EU27,0.1433630992034435
observed,2009,tin,concentrates,EU27,RoW,0.8565853137144072
observed,2009,tin,concentrates,RoW,China,0.00026723559136365244
observed,2009,tin,concentrates,RoW,EU27,0.028664382100307566
observed,2009,tin,concentrates,RoW,RoW,0.9710683823083288
observed,2009,tin,refined_metal,China,China,0.0
observed,2009,tin,refined_metal,China,EU27,0.003605394044920414
observed,2009,tin,refined_metal,China,RoW,0.9963946059550797
observed,2009,tin,refined_metal,EU27,China,0.018920320259933225
observed,2009,tin,refined_metal,EU27,EU27,0.32446796079750867
observed,2009,tin,refined_metal,EU27,RoW,0.6566117189425581
observed,2009,tin,refined_metal,RoW,China,0.02258375612981096
observed,2009,tin,refined_metal,RoW,EU27,0.03720305769882014
observed,2009,tin,refined_metal,RoW,RoW,0.9402131861713688
observed,2009,tin,scrap,China,China,0.0
observed,2009,tin,scrap,China,EU27,0.0
observed,2009,tin,scrap,China,RoW,1.0
observed,2009,tin,scrap,EU27,China,6.52526517207328e-05
observed,2009,tin,scrap,EU27,EU27,0.6573689508350246
observed,2009,tin,scrap,EU27,RoW,0.3425657965132546
observed,2009,tin,scrap,RoW,China,0.013673532820126443
observed,2009,tin,scrap,RoW,EU27,0.0034426394492454264
observed,2009,tin,scrap,RoW,RoW,0.9828838277306281
observed,2009,zinc,concentrates,China,China,0.0
observed,2009,zinc,concentrates,China,EU27,0.08871337357371743
observed,2009,zinc,concentrates,China,RoW,0.9112866264262826
observed,2009,zinc,concentrates,EU27,China,1.6584517268666823e-05
observed,2009,zinc,concentrates,EU27,EU27,0.4938089691705481
observed,2009,zinc,concentrates,EU27,RoW,0.5061744463121831
observed,2009,zinc,concentrates,RoW,China,0.00043863251243094343
observed,2009,zinc,concentrates,RoW,EU27,0.06408160062537734
observed,2009,zinc,concentrates,RoW,RoW,0.9354797668621917
observed,2009,zinc,refined_metal,China,China,0.0
observed,2009,zinc,refined_metal,China,EU27,0.009353113700199787
observed,2009,zinc,refined_metal,China,RoW,0.9906468862998001
observed,2009,zinc,refined_metal,EU27,China,0.0007786009445317888
observed,2009,zinc,refined_metal,EU27,EU27,0.7314439577136163
observed,2009,zinc,refined_metal,EU27,RoW,0.26777744134185183
observed,2009,zinc,refined_metal,RoW,China,0.013193736157074483
observed,2009,zinc,refined_metal,RoW,EU27,0.09635036047603128
observed,2009,zinc,refined_metal,RoW,RoW,0.8904559033668943
observed,2009,zinc,scrap,China,China,0.0
observed,2009,zinc,scrap,China,EU27,0.5790139176368263
observed,2009,zinc,scrap,China,RoW,0.4209860823631737
observed,2009,zinc,scrap,EU27,China,4.336135925539833e-05
observed,2009,zinc,scrap,EU27,EU27,0.8772311485875157
observed,2009,zinc,scrap,EU27,RoW,0.12272549005322897
observed,2009,zinc,scrap,RoW,China,0.002703879868627507
observed,2009,zinc,scrap,RoW,EU27,0.20253284755092016
observed,2009,zinc,scrap,RoW,RoW,0.7947632725804524
observed,2010,nickel,concentrates,China,China,0.0
observed,2010,nickel,concentrates,China,EU27,0.003574253564540261
observed,2010,nickel,concentrates,China,RoW,0.9964257464354598
observed,2010,nickel,concentrates,EU27,China,5.763370230275557e-09
observed,2010,nickel,concentrates,EU27,EU27,0.021092059245903908
observed,2010,nickel,concentrates,EU27,RoW,0.9789079349907259
observed,2010,nickel,concentrates,RoW,China,5.004956148430375e-06
observed,2010,nickel,concentrates,RoW,EU27,0.0021790144986406144
observed,2010,nickel,concentrates,RoW,RoW,0.9978159805452109
observed,2010,nickel,refined_metal,China,China,0.0
observed,2010,nickel,refined_metal,China,EU27,0.0353399822502948
observed,2010,nickel,refined_metal,China,RoW,0.9646600177497052
observed,2010,nickel,refined_metal,EU27,China,0.004761706129871238
observed,2010,nickel,refined_metal,EU27,EU27,0.19535511659163654
observed,2010,nickel,refined_metal,EU27,RoW,0.7998831772784922
observed,2010,nickel,refined_metal,RoW,China,0.016657277575071648
observed,2010,nickel,refined_metal,RoW,EU27,0.05064561074951919
observed,2010,nickel,refined_metal,RoW,RoW,0.9326971116754093
observed,2010,nickel,scrap,China,China,0.0
observed,2010,nickel,scrap,China,EU27,0.011294373883583139
observed,2010,nickel,scrap,China,RoW,0.9887056261164168
observed,2010,nickel,scrap,EU27,China,1.0929310188758857e-05
observed,2010,nickel,scrap,EU27,EU27,0.6479199473465133
observed,2010,nickel,scrap,EU27,RoW,0.3520691233432981
observed,2010,nickel,scrap,RoW,China,0.013153759693488525
observed,2010,nickel,scrap,RoW,EU27,0.19377015394812386
observed,2010,nickel,scrap,RoW,RoW,0.7930760863583877
observed,2010,tin,concentrates,China,China,0.0
observed,2010,tin,concentrates,China,EU27,0.0011461861127722633
observed,2010,tin,concentrates,China,RoW,0.9988538138872277
observed,2010,tin,concentrates,EU27,China,3.717809466662242e-05
observed,2010,tin,concentrates,EU27,EU27,0.3085933767823998
observed,2010,tin,concentrates,EU27,RoW,0.6913694451229336
observed,2010,tin,concentrates,RoW,China,0.001159312331000827
observed,2010,tin,concentrates,RoW,EU27,0.033782668285539434
observed,2010,tin,concentrates,RoW,RoW,0.9650580193834597
observed,2010,tin,refined_metal,China,China,0.0
observed,2010,tin,refined_metal,China,EU27,0.004617438947775489
observed,2010,tin,refined_metal,China,RoW,0.9953825610522246
observed,2010,tin,refined_metal,EU27,China,0.015253715852288192
observed,2010,tin,refined_metal,EU27,EU27,0.29539892636291915
observed,2010,tin,refined_metal,EU27,RoW,0.6893473577847927
observed,2010,tin,refined_metal,RoW,China,0.04447569889614104
observed,2010,tin,refined_metal,RoW,EU27,0.03591098838159651
observed,2010,tin,refined_metal,RoW,RoW,0.9196133127222624
observed,2010,tin,scrap,China,China,0.0
observed,2010,tin,scrap,China,EU27,0.001388483288845892
observed,2010,tin,scrap,China,RoW,0.9986115167111541
observed,2010,tin,scrap,EU27,China,5.300500604087905e-06
observed,2010,tin,scrap,EU27,EU27,0.39152158989756164
observed,2010,tin,scrap,EU27,RoW,0.6084731096018343
observed,2010,tin,scrap,RoW,China,0.0024957955205265592
observed,2010,tin,scrap,RoW,EU27,0.006547631447174903
observed,2010,tin,scrap,RoW,RoW,0.9909565730322986
observed,2010,zinc,concentrates,China,China,0.0
observed,2010,zinc,concentrates,China,EU27,0.028952749921949468
observed,2010,zinc,concentrates,China,RoW,0.9710472500780506
observed,2010,zinc,concentrates,EU27,China,2.8154587028071818e-05
observed,2010,zinc,concentrates,EU27,EU27,0.4015640594707631
observed,2010,zinc,concentrates,EU27,RoW,0.5984077859422089
observed,2010,zinc,concentrates,RoW,China,0.0007213011478294779
observed,2010,zinc,concentrates,RoW,EU27,0.06567346245238119
observed,2010,zinc,concentrates,RoW,RoW,0.9336052363997893
observed,2010,zinc,refined_metal,China,China,0.0
observed,2010,zinc,refined_metal,China,EU27,0.029421837282077812
observed,2010,zinc,refined_metal,China,RoW,0.9705781627179222
observed,2010,zinc,refined_metal,EU27,China,0.001073697037129589
observed,2010,zinc,refined_metal,EU27,EU27,0.6447834687178207
observed,2010,zinc,refined_metal,EU27,RoW,0.35414283424504966
observed,2010,zinc,refined_metal,RoW,China,0.01778590761426967
observed,2010,zinc,refined_metal,RoW,EU27,0.09733054157710938
observed,2010,zinc,refined_metal,RoW,RoW,0.8848835508086209
observed,2010,zinc,scrap,China,China,0.0
observed,2010,zinc,scrap,China,EU27,0.540618361227039
observed,2010,zinc,scrap,China,RoW,0.45938163877296107
observed,2010,zinc,scrap,EU27,China,5.146913386573775e-05
observed,2010,zinc,scrap,EU27,EU27,0.8989245913192302
observed,2010,zinc,scrap,EU27,RoW,0.10102393954690421
observed,2010,zinc,scrap,RoW,China,0.007456644143118759
observed,2010,zinc,scrap,RoW,EU27,0.19578070190229968
observed,2010,zinc,scrap,RoW,RoW,0.7967626539545817
observed,2011,nickel,concentrates,China,China,0.0
observed,2011,nickel,concentrates,China,EU27,0.00084126498139819
observed,2011,nickel,concentrates,China,RoW,0.9991587350186018
observed,2011,nickel,concentrates,EU27,China,2.4535660292485667e-05
observed,2011,nickel,concentrates,EU27,EU27,0.02256162425469667
observed,2011,nickel,concentrates,EU27,RoW,0.9774138400850109
observed,2011,nickel,concentrates,RoW,China,6.7592407628095e-05
observed,2011,nickel,concentrates,RoW,EU27,0.0007637131702114514
observed,2011,nickel,concentrates,RoW,RoW,0.9991686944221605
observed,2011,nickel,refined_metal,China,China,0.0
observed,2011,nickel,refined_metal,China,EU27,0.03372071068791131
observed,2011,nickel,refined_metal,China,RoW,0.9662792893120887
observed,2011,nickel,refined_metal,EU27,China,0.0032021276963477086
observed,2011,nickel,refined_metal,EU27,EU27,0.24329014329698379
observed,2011,nickel,refined_metal,EU27,RoW,0.7535077290066686
observed,2011,nickel,refined_metal,RoW,China,0.01462551899306398
observed,2011,nickel,refined_metal,RoW,EU27,0.06347656722995512
observed,2011,nickel,refined_metal,RoW,RoW,0.9218979137769809
observed,2011,nickel,scrap,China,China,0.0
observed,2011,nickel,scrap,China,EU27,0.11894648629923342
observed,2011,nickel,scrap,China,RoW,0.8810535137007666
observed,2011,nickel,scrap,EU27,China,8.961554386015577e-06
observed,2011,nickel,scrap,EU27,EU27,0.5663640249711299
observed,2011,nickel,scrap,EU27,RoW,0.4336270134744841
observed,2011,nickel,scrap,RoW,China,0.010824934677118328
observed,2011,nickel,scrap,RoW,EU27,0.17082964797013547
observed,2011,nickel,scrap,RoW,RoW,0.8183454173527462
observed,2011,tin,concentrates,China,China,0.0
observed,2011,tin,concentrates,China,EU27,0.0
observed,2011,tin,concentrates,China,RoW,1.0
observed,2011,tin,concentrates,EU27,China,8.622610320040698e-06
observed,2011,tin,concentrates,EU27,EU27,0.06289276337693685
observed,2011,tin,concentrates,EU27,RoW,0.9370986140127431
observed,2011,tin,concentrates,RoW,China,0.013874833429656615
observed,2011,tin,concentrates,RoW,EU27,0.02780295001988746
observed,2011,tin,concentrates,RoW,RoW,0.9583222165504559
observed,2011,tin,refined_metal,China,China,0.0
observed,2011,tin,refined_metal,China,EU27,0.0034468796436673576
observed,2011,tin,refined_metal,China,RoW,0.9965531203563327
observed,2011,tin,refined_metal,EU27,China,0.04165576257409489
observed,2011,tin,refined_metal,EU27,EU27,0.2628579031590076
observed,2011,tin,refined_metal,EU27,RoW,0.6954863342668975
observed,2011,tin,refined_metal,RoW,China,0.06775697854531143
observed,2011,tin,refined_metal,RoW,EU27,0.03666094853464937
observed,2011,tin,refined_metal,RoW,RoW,0.8955820729200392
observed,2011,tin,scrap,China,China,0.0
observed,2011,tin,scrap,China,EU27,0.0
observed,2011,tin,scrap,China,RoW,1.0
observed,2011,tin,scrap,EU27,China,1.2507850527055885e-05
observed,2011,tin,scrap,EU27,EU27,0.5615295456860346
observed,2011,tin,scrap,EU27,RoW,0.4384579464634384
observed,2011,tin,scrap,RoW,China,0.002194417295159491
observed,2011,tin,scrap,RoW,EU27,0.0028683202991213116
observed,2011,tin,scrap,RoW,RoW,0.9949372624057192
observed,2011,zinc,concentrates,China,China,0.0
observed,2011,zinc,concentrates,China,EU27,0.06505738267937063
observed,2011,zinc,concentrates,China,RoW,0.9349426173206293
observed,2011,zinc,concentrates,EU27,China,0.00012651949973233262
observed,2011,zinc,concentrates,EU27,EU27,0.3716416180781258
observed,2011,zinc,concentrates,EU27,RoW,0.6282318624221418
observed,2011,zinc,concentrates,RoW,China,0.0020855448579048686
observed,2011,zinc,concentrates,RoW,EU27,0.07558403630316272
observed,2011,zinc,concentrates,RoW,RoW,0.9223304188389324
observed,2011,zinc,refined_metal,China,China,0.0
observed,2011,zinc,refined_metal,China,EU27,0.021093395309995534
observed,2011,zinc,refined_metal,China,RoW,0.9789066046900045
observed,2011,zinc,refined_metal,EU27,China,0.0015199509099300648
observed,2011,zinc,refined_metal,EU27,EU27,0.6874847869677628
observed,2011,zinc,refined_metal,EU27,RoW,0.31099526212230716
observed,2011,zinc,refined_metal,RoW,China,0.014643631986022431
observed,2011,zinc,refined_metal,RoW,EU27,0.10368754713439607
observed,2011,zinc,refined_metal,RoW,RoW,0.8816688208795814
observed,2011,zinc,scrap,China,China,0.0
observed,2011,zinc,scrap,China,EU27,0.43340151513192515
observed,2011,zinc,scrap,China,RoW,0.5665984848680748
observed,2011,zinc,scrap,EU27,China,0.00019431436567405658
observed,2011,zinc,scrap,EU27,EU27,0.8726092688949101
observed,2011,zinc,scrap,EU27,RoW,0.12719641673941587
observed,2011,zinc,scrap,RoW,China,0.007511787315539349
observed,2011,zinc,scrap,RoW,EU27,0.1964956547473966
observed,2011,zinc,scrap,RoW,RoW,0.795992557937064
observed,2012,nickel,concentrates,China,China,0.0
observed,2012,nickel,concentrates,China,EU27,0.000364590559147926
observed,2012,nickel,concentrates,China,RoW,0.999635409440852
observed,2012,nickel,concentrates,EU27,China,1.0521911120369882e-05
observed,2012,nickel,concentrates,EU27,EU27,0.0099525815781668
observed,2012,nickel,concentrates,EU27,RoW,0.9900368965107129
observed,2012,nickel,concentrates,RoW,China,4.9852286076314327e-05
observed,2012,nickel,concentrates,RoW,EU27,0.0007392227966231535
observed,2012,nickel,concentrates,RoW,RoW,0.9992109249173006
observed,2012,nickel,refined_metal,China,China,0.0
observed,2012,nickel,refined_metal,China,EU27,0.027216973973844812
observed,2012,nickel,refined_metal,China,RoW,0.9727830260261552
observed,2012,nickel,refined_metal,EU27,China,0.005612282951991653
observed,2012,nickel,refined_metal,EU27,EU27,0.22783902886878457
observed,2012,nickel,refined_metal,EU27,RoW,0.7665486881792237
observed,2012,nickel,refined_metal,RoW,China,0.015862274272433217
observed,2012,nickel,refined_metal,RoW,EU27,0.07419869436167194
observed,2012,nickel,refined_metal,RoW,RoW,0.9099390313658948
observed,2012,nickel,scrap,China,China,0.0
observed,2012,nickel,scrap,China,EU27,0.016655520912682242
observed,2012,nickel,scrap,China,RoW,0.9833444790873177
observed,2012,nickel,scrap,EU27,China,0.0005217231315686206
observed,2012,nickel,scrap,EU27,EU27,0.5784428935991457
observed,2012,nickel,scrap,EU27,RoW,0.4210353832692857
observed,2012,nickel,scrap,RoW,China,0.01201526703666577
observed,2012,nickel,scrap,RoW,EU27,0.25812557704707556
observed,2012,nickel,scrap,RoW,RoW,0.7298591559162586
observed,2012,tin,concentrates,China,China,0.0
observed,2012,tin,concentrates,China,EU27,7.916193704078429e-07
observed,2012,tin,concentrates,China,RoW,0.9999992083806296
observed,2012,tin,concentrates,EU27,China,1.8426081882673103e-05
observed,2012,tin,concentrates,EU27,EU27,0.055652673081147984
observed,2012,tin,concentrates,EU27,RoW,0.9443289008369693
observed,2012,tin,concentrates,RoW,China,0.006980615970927781
observed,2012,tin,concentrates,RoW,EU27,0.04399718980199686
observed,2012,tin,concentrates,RoW,RoW,0.9490221942270753
observed,2012,tin,refined_metal,China,China,0.0
observed,2012,tin,refined_metal,China,EU27,0.0024565608168302393
observed,2012,tin,refined_metal,China,RoW,0.9975434391831698
observed,2012,tin,refined_metal,EU27,China,0.006894601265545706
observed,2012,tin,refined_metal,EU27,EU27,0.3432479369569746
observed,2012,tin,refined_metal,EU27,RoW,0.6498574617774798
observed,2012,tin,refined_metal,RoW,China,0.02018745024192691
observed,2012,tin,refined_metal,RoW,EU27,0.035393507378800475
observed,2012,tin,refined_metal,RoW,RoW,0.9444190423792727
observed,2012,tin,scrap,China,China,0.0
observed,2012,tin,scrap,China,EU27,0.0
observed,2012,tin,scrap,China,RoW,1.0
observed,2012,tin,scrap,EU27,China,2.4610556312442405e-05
observed,2012,tin,scrap,EU27,EU27,0.45178217422248357
observed,2012,tin,scrap,EU27,RoW,0.5481932152212041
observed,2012,tin,scrap,RoW,China,0.0029233748902832532
observed,2012,tin,scrap,RoW,EU27,0.0037427682281141843
observed,2012,tin,scrap,RoW,RoW,0.9933338568816026
observed,2012,zinc,concentrates,China,China,0.0
observed,2012,zinc,concentrates,China,EU27,0.07472453714073493
observed,2012,zinc,concentrates,China,RoW,0.9252754628592651
observed,2012,zinc,concentrates,EU27,China,0.00011675778787738297
observed,2012,zinc,concentrates,EU27,EU27,0.3488554680272736
observed,2012,zinc,concentrates,EU27,RoW,0.651027774184849
observed,2012,zinc,concentrates,RoW,China,0.001001567867898769
observed,2012,zinc,concentrates,RoW,EU27,0.0620371972631081
observed,2012,zinc,concentrates,RoW,RoW,0.9369612348689931
observed,2012,zinc,refined_metal,China,China,0.0
observed,2012,zinc,refined_metal,China,EU27,0.07418273832987769
observed,2012,zinc,refined_metal,China,RoW,0.9258172616701223
observed,2012,zinc,refined_metal,EU27,China,0.00038833217632431184
observed,2012,zinc,refined_metal,EU27,EU27,0.6750470247615488
observed,2012,zinc,refined_metal,EU27,RoW,0.32456464306212696
observed,2012,zinc,refined_metal,RoW,China,0.007142289424504696
observed,2012,zinc,refined_metal,RoW,EU27,0.08311855176055687
observed,2012,zinc,refined_metal,RoW,RoW,0.9097391588149384
observed,2012,zinc,scrap,China,China,0.0
observed,2012,zinc,scrap,China,EU27,0.4401436026069481
observed,2012,zinc,scrap,China,RoW,0.5598563973930519
observed,2012,zinc,scrap,EU27,China,0.000753137723822557
observed,2012,zinc,scrap,EU27,EU27,0.8547366928777154
observed,2012,zinc,scrap,EU27,RoW,0.14451016939846212
observed,2012,zinc,scrap,RoW,China,0.007865640788317153
observed,2012,zinc,scrap,RoW,EU27,0.18984690157699993
observed,2012,zinc,scrap,RoW,RoW,0.8022874576346829
observed,2013,nickel,concentrates,China,China,0.0
observed,2013,nickel,concentrates,China,EU27,0.0014509503754866829
observed,2013,nickel,concentrates,China,RoW,0.9985490496245134
observed,2013,nickel,concentrates,EU27,China,1.7683303790400613e-06
observed,2013,nickel,concentrates,EU27,EU27,0.008161879321725848
observed,2013,nickel,concentrates,EU27,RoW,0.9918363523478951
observed,2013,nickel,concentrates,RoW,China,1.762110733391418e-05
observed,2013,nickel,concentrates,RoW,EU27,0.004655634588064026
observed,2013,nickel,concentrates,RoW,RoW,0.995326744304602
observed,2013,nickel,refined_metal,China,China,0.0
observed,2013,nickel,refined_metal,China,EU27,0.01179488783999352
observed,2013,nickel,refined_metal,China,RoW,0.9882051121600065
observed,2013,nickel,refined_metal,EU27,China,0.021711326497611344
observed,2013,nickel,refined_metal,EU27,EU27,0.2570729977326154
observed,2013,nickel,refined_metal,EU27,RoW,0.7212156757697732
observed,2013,nickel,refined_metal,RoW,China,0.026430276672102654
observed,2013,nickel,refined_metal,RoW,EU27,0.06339390044645282
observed,2013,nickel,refined_metal,RoW,RoW,0.9101758228814446
observed,2013,nickel,scrap,China,China,0.0
observed,2013,nickel,scrap,China,EU27,0.0401126842089534
observed,2013,nickel,scrap,China,RoW,0.9598873157910467
observed,2013,nickel,scrap,EU27,China,0.00013755666720919113
observed,2013,nickel,scrap,EU27,EU27,0.6107792340892909
observed,2013,nickel,scrap,EU27,RoW,0.38908320924349993
observed,2013,nickel,scrap,RoW,China,0.013760974756245044
observed,2013,nickel,scrap,RoW,EU27,0.14193408933991655
observed,2013,nickel,scrap,RoW,RoW,0.8443049359038384
observed,2013,tin,concentrates,China,China,0.0
observed,2013,tin,concentrates,China,EU27,0.0
observed,2013,tin,concentrates,China,RoW,1.0
observed,2013,tin,concentrates,EU27,China,2.6097931655625024e-05
observed,2013,tin,concentrates,EU27,EU27,0.197854527907851
observed,2013,tin,concentrates,EU27,RoW,0.8021193741604934
observed,2013,tin,concentrates,RoW,China,0.023250090260378067
observed,2013,tin,concentrates,RoW,EU27,0.014719937990376452
observed,2013,tin,concentrates,RoW,RoW,0.9620299717492454
observed,2013,tin,refined_metal,China,China,0.0
observed,2013,tin,refined_metal,China,EU27,0.004916047915334873
observed,2013,tin,refined_metal,China,RoW,0.995083952084665
observed,2013,tin,refined_metal,EU27,China,0.01826201673801405
observed,2013,tin,refined_metal,EU27,EU27,0.3626385663678768
observed,2013,tin,refined_metal,EU27,RoW,0.6190994168941092
observed,2013,tin,refined_metal,RoW,China,0.036431664217159807
observed,2013,tin,refined_metal,RoW,EU27,0.02765971643288889
observed,2013,tin,refined_metal,RoW,RoW,0.9359086193499513
observed,2013,tin,scrap,China,China,0.0
observed,2013,tin,scrap,China,EU27,0.17107916930641853
observed,2013,tin,scrap,China,RoW,0.8289208306935815
observed,2013,tin,scrap,EU27,China,8.330023046397093e-06
observed,2013,tin,scrap,EU27,EU27,0.6525985421893
observed,2013,tin,scrap,EU27,RoW,0.3473931277876535
observed,2013,tin,scrap,RoW,China,0.00744516374415421
observed,2013,tin,scrap,RoW,EU27,0.0037798090982277197
observed,2013,tin,scrap,RoW,RoW,0.9887750271576181
observed,2013,zinc,concentrates,China,China,0.0
observed,2013,zinc,concentrates,China,EU27,0.0640422579202183
observed,2013,zinc,concentrates,China,RoW,0.9359577420797818
observed,2013,zinc,concentrates,EU27,China,5.802959658915572e-05
observed,2013,zinc,concentrates,EU27,EU27,0.40993676926090333
observed,2013,zinc,concentrates,EU27,RoW,0.5900052011425074
observed,2013,zinc,concentrates,RoW,China,0.0008289602561380155
observed,2013,zinc,concentrates,RoW,EU27,0.06108883052967755
observed,2013,zinc,concentrates,RoW,RoW,0.9380822092141844
observed,2013,zinc,refined_metal,China,China,0.0
observed,2013,zinc,refined_metal,China,EU27,0.2437404220517774
observed,2013,zinc,refined_metal,China,RoW,0.7562595779482226
observed,2013,zinc,refined_metal,EU27,China,0.0007318354611957314
observed,2013,zinc,refined_metal,EU27,EU27,0.7556250070917326
observed,2013,zinc,refined_metal,EU27,RoW,0.2436431574470717
observed,2013,zinc,refined_metal,RoW,China,0.0058577909139254595
observed,2013,zinc,refined_metal,RoW,EU27,0.09978880632971414
observed,2013,zinc,refined_metal,RoW,RoW,0.8943534027563604
observed,2013,zinc,scrap,China,China,0.0
observed,2013,zinc,scrap,China,EU27,0.45392722802371854
observed,2013,zinc,scrap,China,RoW,0.5460727719762816
observed,2013,zinc,scrap,EU27,China,0.00037432699494212155
observed,2013,zinc,scrap,EU27,EU27,0.8675873821342427
observed,2013,zinc,scrap,EU27,RoW,0.13203829087081517
observed,2013,zinc,scrap,RoW,China,0.002882903029205593
observed,2013,zinc,scrap,RoW,EU27,0.17934170254919393
observed,2013,zinc,scrap,RoW,RoW,0.8177753944216005
observed,2014,nickel,concentrates,China,China,0.0
observed,2014,nickel,concentrates,China,EU27,0.0044198906042331385
observed,2014,nickel,concentrates,China,RoW,0.9955801093957668
observed,2014,nickel,concentrates,EU27,China,0.00011969094012050285
observed,2014,nickel,concentrates,EU27,EU27,0.009141184252573459
observed,2014,nickel,concentrates,EU27,RoW,0.9907391248073061
observed,2014,nickel,concentrates,RoW,China,0.00020176926308339697
observed,2014,nickel,concentrates,RoW,EU27,0.0023712260895549235
observed,2014,nickel,concentrates,RoW,RoW,0.9974270046473618
observed,2014,nickel,refined_metal,China,China,0.0
observed,2014,nickel,refined_metal,China,EU27,0.019272469583551735
observed,2014,nickel,refined_metal,China,RoW,0.9807275304164483
observed,2014,nickel,refined_metal,EU27,China,0.018414072829432807
observed,2014,nickel,refined_metal,EU27,EU27,0.26863175631746444
observed,2014,nickel,refined_metal,EU27,RoW,0.7129541708531028
observed,2014,nickel,refined_metal,RoW,China,0.04779313316005415
observed,2014,nickel,refined_metal,RoW,EU27,0.059778680913039346
observed,2014,nickel,refined_metal,RoW,RoW,0.8924281859269064
observed,2014,nickel,scrap,China,China,0.0
observed,2014,nickel,scrap,China,EU27,1.582453752789075e-06
observed,2014,nickel,scrap,China,RoW,0.9999984175462473
observed,2014,nickel,scrap,EU27,China,0.0020526838594732474
observed,2014,nickel,scrap,EU27,EU27,0.6966188478893507
observed,2014,nickel,scrap,EU27,RoW,0.3013284682511761
observed,2014,nickel,scrap,RoW,China,0.017837814592218736
observed,2014,nickel,scrap,RoW,EU27,0.1685996206011279
observed,2014,nickel,scrap,RoW,RoW,0.8135625648066533
observed,2014,tin,concentrates,China,China,0.0
observed,2014,tin,concentrates,China,EU27,5.8530503977630975e-09
observed,2014,tin,concentrates,China,RoW,0.9999999941469496
observed,2014,tin,concentrates,EU27,China,0.0028312713853336866
observed,2014,tin,concentrates,EU27,EU27,0.1710954806773557
observed,2014,tin,concentrates,EU27,RoW,0.8260732479373105
observed,2014,tin,concentrates,RoW,China,0.048954082065987246
observed,2014,tin,concentrates,RoW,EU27,0.016275076563947
observed,2014,tin,concentrates,RoW,RoW,0.9347708413700658
observed,2014,tin,refined_metal,China,China,0.0
observed,2014,tin,refined_metal,China,EU27,0.00935323599491559
observed,2014,tin,refined_metal,China,RoW,0.9906467640050844
observed,2014,tin,refined_metal,EU27,China,0.024776690548514023
observed,2014,tin,refined_metal,EU27,EU27,0.36337837037179804
observed,2014,tin,refined_metal,EU27,RoW,0.6118449390796878
observed,2014,tin,refined_metal,RoW,China,0.06431811086687372
observed,2014,tin,refined_metal,RoW,EU27,0.025373135618569596
observed,2014,tin,refined_metal,RoW,RoW,0.9103087535145566
observed,2014,tin,scrap,China,China,0.0
observed,2014,tin,scrap,China,EU27,0.0
observed,2014,tin,scrap,China,RoW,1.0
observed,2014,tin,scrap,EU27,China,0.004250305026285255
observed,2014,tin,scrap,EU27,EU27,0.6841400583292724
observed,2014,tin,scrap,EU27,RoW,0.3116096366444424
observed,2014,tin,scrap,RoW,China,0.01992096489455314
observed,2014,tin,scrap,RoW,EU27,0.0038020731458978893
observed,2014,tin,scrap,RoW,RoW,0.9762769619595489
observed,2014,zinc,concentrates,China,China,0.0
observed,2014,zinc,concentrates,China,EU27,0.07705034031964841
observed,2014,zinc,concentrates,China,RoW,0.9229496596803517
observed,2014,zinc,concentrates,EU27,China,2.315619202909263e-05
observed,2014,zinc,concentrates,EU27,EU27,0.39920723162337257
observed,2014,zinc,concentrates,EU27,RoW,0.6007696121845982
observed,2014,zinc,concentrates,RoW,China,0.003187352795243922
observed,2014,zinc,concentrates,RoW,EU27,0.05693294781513247
observed,2014,zinc,concentrates,RoW,RoW,0.9398796993896236
observed,2014,zinc,refined_metal,China,China,0.0
observed,2014,zinc,refined_metal,China,EU27,0.16882343962687343
observed,2014,zinc,refined_metal,China,RoW,0.8311765603731266
observed,2014,zinc,refined_metal,EU27,China,0.0012149426888922183
observed,2014,zinc,refined_metal,EU27,EU27,0.7762284981035973
observed,2014,zinc,refined_metal,EU27,RoW,0.22255655920751044
observed,2014,zinc,refined_metal,RoW,China,0.03227781769853574
observed,2014,zinc,refined_metal,RoW,EU27,0.109449252472214
observed,2014,zinc,refined_metal,RoW,RoW,0.8582729298292503
observed,2014,zinc,scrap,China,China,0.0
observed,2014,zinc,scrap,China,EU27,0.3001896314583363
observed,2014,zinc,scrap,China,RoW,0.6998103685416637
observed,2014,zinc,scrap,EU27,China,5.079648943801817e-05
observed,2014,zinc,scrap,EU27,EU27,0.8928230286131991
observed,2014,zinc,scrap,EU27,RoW,0.10712617489736292
observed,2014,zinc,scrap,RoW,China,0.0012980439848346618
observed,2014,zinc,scrap,RoW,EU27,0.22993651206524912
observed,2014,zinc,scrap,RoW,RoW,0.7687654439499162
observed,2015,nickel,concentrates,China,China,0.0
observed,2015,nickel,concentrates,China,EU27,0.006481762860533542
observed,2015,nickel,concentrates,China,RoW,0.9935182371394664
observed,2015,nickel,concentrates,EU27,China,1.1975465740627758e-07
observed,2015,nickel,concentrates,EU27,EU27,0.0022508233740160437
observed,2015,nickel,concentrates,EU27,RoW,0.9977490568713265
observed,2015,nickel,concentrates,RoW,China,0.0007931528436453407
observed,2015,nickel,concentrates,RoW,EU27,0.00262058634876465
observed,2015,nickel,concentrates,RoW,RoW,0.9965862608075899
observed,2015,nickel,refined_metal,China,China,0.0
observed,2015,nickel,refined_metal,China,EU27,0.005367455575109204
observed,2015,nickel,refined_metal,China,RoW,0.9946325444248909
observed,2015,nickel,refined_metal,EU27,China,0.03414550524667292
observed,2015,nickel,refined_metal,EU27,EU27,0.2948343953427481
observed,2015,nickel,refined_metal,EU27,RoW,0.671020099410579
observed,2015,nickel,refined_metal,RoW,China,0.02124812187330609
observed,2015,nickel,refined_metal,RoW,EU27,0.05609961492455356
observed,2015,nickel,refined_metal,RoW,RoW,0.9226522632021403
observed,2015,nickel,scrap,China,China,0.0
observed,2015,nickel,scrap,China,EU27,1.1107261769069449e-05
observed,2015,nickel,scrap,China,RoW,0.999988892738231
observed,2015,nickel,scrap,EU27,China,0.0009602347710851165
observed,2015,nickel,scrap,EU27,EU27,0.7269952415493431
observed,2015,nickel,scrap,EU27,RoW,0.2720445236795717
observed,2015,nickel,scrap,RoW,China,0.02143766421276039
observed,2015,nickel,scrap,RoW,EU27,0.17272540816597015
observed,2015,nickel,scrap,RoW,RoW,0.8058369276212693
observed,2015,tin,concentrates,China,China,0.0
observed,2015,tin,concentrates,China,EU27,0.0
observed,2015,tin,concentrates,China,RoW,1.0
observed,2015,tin,concentrates,EU27,China,0.00041450146995984617
observed,2015,tin,concentrates,EU27,EU27,0.4845351475374504
observed,2015,tin,concentrates,EU27,RoW,0.5150503509925897
observed,2015,tin,concentrates,RoW,China,0.07175472038300561
observed,2015,tin,concentrates,RoW,EU27,0.013022893474866392
observed,2015,tin,concentrates,RoW,RoW,0.915222386142128
observed,2015,tin,refined_metal,China,China,0.0
observed,2015,tin,refined_metal,China,EU27,0.0067710353340325715
observed,2015,tin,refined_metal,China,RoW,0.9932289646659673
observed,2015,tin,refined_metal,EU27,China,0.01050489805667512
observed,2015,tin,refined_metal,EU27,EU27,0.36989202226398454
observed,2015,tin,refined_metal,EU27,RoW,0.6196030796793405
observed,2015,tin,refined_metal,RoW,China,0.0407854868616586
observed,2015,tin,refined_metal,RoW,EU27,0.03812082915969883
observed,2015,tin,refined_metal,RoW,RoW,0.9210936839786426
observed,2015,tin,scrap,China,China,0.0
observed,2015,tin,scrap,China,EU27,0.0
observed,2015,tin,scrap,China,RoW,1.0
observed,2015,tin,scrap,EU27,China,0.019524614663754856
observed,2015,tin,scrap,EU27,EU27,0.658047124262723
observed,2015,tin,scrap,EU27,RoW,0.3224282610735221
observed,2015,tin,scrap,RoW,China,0.0017252622763422737
observed,2015,tin,scrap,RoW,EU27,0.024721280329528503
observed,2015,tin,scrap,RoW,RoW,0.9735534573941292
observed,2015,zinc,concentrates,China,China,0.0
observed,2015,zinc,concentrates,China,EU27,0.06284750148338619
observed,2015,zinc,concentrates,China,RoW,0.9371524985166138
observed,2015,zinc,concentrates,EU27,China,0.00031912444088914686
observed,2015,zinc,concentrates,EU27,EU27,0.40194468213796514
observed,2015,zinc,concentrates,EU27,RoW,0.5977361934211457
observed,2015,zinc,concentrates,RoW,China,0.0021627845759445434
observed,2015,zinc,concentrates,RoW,EU27,0.06180616635592509
observed,2015,zinc,concentrates,RoW,RoW,0.9360310490681304
observed,2015,zinc,refined_metal,China,China,0.0
observed,2015,zinc,refined_metal,China,EU27,0.02386842027157461
observed,2015,zinc,refined_metal,China,RoW,0.9761315797284253
observed,2015,zinc,refined_metal,EU27,China,0.0008243377645481916
observed,2015,zinc,refined_metal,EU27,EU27,0.7799267660479516
observed,2015,zinc,refined_metal,EU27,RoW,0.2192488961875002
observed,2015,zinc,refined_metal,RoW,China,0.012793319401457998
observed,2015,zinc,refined_metal,RoW,EU27,0.12192485815876973
observed,2015,zinc,refined_metal,RoW,RoW,0.8652818224397723
observed,2015,zinc,scrap,China,China,0.0
observed,2015,zinc,scrap,China,EU27,0.2882507085865514
observed,2015,zinc,scrap,China,RoW,0.7117492914134486
observed,2015,zinc,scrap,EU27,China,7.08351959187203e-05
observed,2015,zinc,scrap,EU27,EU27,0.8299381245473123
observed,2015,zinc,scrap,EU27,RoW,0.16999104025676895
observed,2015,zinc,scrap,RoW,China,0.0025455431350618987
observed,2015,zinc,scrap,RoW,EU27,0.26697453585384884
observed,2015,zinc,scrap,RoW,RoW,0.7304799210110894
observed,2016,nickel,concentrates,China,China,0.0
observed,2016,nickel,concentrates,China,EU27,0.004105603159201049
observed,2016,nickel,concentrates,China,RoW,0.995894396840799
observed,2016,nickel,concentrates,EU27,China,7.205243870257154e-07
observed,2016,nickel,concentrates,EU27,EU27,0.023304171213704032
observed,2016,nickel,concentrates,EU27,RoW,0.976695108261909
observed,2016,nickel,concentrates,RoW,China,0.0003877159042337897
observed,2016,nickel,concentrates,RoW,EU27,0.0036665429720597635
observed,2016,nickel,concentrates,RoW,RoW,0.9959457411237065
observed,2016,nickel,refined_metal,China,China,0.0
observed,2016,nickel,refined_metal,China,EU27,0.02948550824643091
observed,2016,nickel,refined_metal,China,RoW,0.9705144917535691
observed,2016,nickel,refined_metal,EU27,China,0.013532809009222968
observed,2016,nickel,refined_metal,EU27,EU27,0.23003814255642008
observed,2016,nickel,refined_metal,EU27,RoW,0.756429048434357
observed,2016,nickel,refined_metal,RoW,China,0.0080922630073109
observed,2016,nickel,refined_metal,RoW,EU27,0.06677191665604498
observed,2016,nickel,refined_metal,RoW,RoW,0.9251358203366441
observed,2016,nickel,scrap,China,China,0.0
observed,2016,nickel,scrap,China,EU27,0.004654532696986472
observed,2016,nickel,scrap,China,RoW,0.9953454673030134
observed,2016,nickel,scrap,EU27,China,0.002352977857498714
observed,2016,nickel,scrap,EU27,EU27,0.6624272908546359
observed,2016,nickel,scrap,EU27,RoW,0.33521973128786525
observed,2016,nickel,scrap,RoW,China,0.025453719270560653
observed,2016,nickel,scrap,RoW,EU27,0.1580187214020772
observed,2016,nickel,scrap,RoW,RoW,0.8165275593273621
observed,2016,tin,concentrates,China,China,0.0
observed,2016,tin,concentrates,China,EU27,0.0
observed,2016,tin,concentrates,China,RoW,1.0
observed,2016,tin,concentrates,EU27,China,0.0008274307719951285
observed,2016,tin,concentrates,EU27,EU27,0.5367999650985412
observed,2016,tin,concentrates,EU27,RoW,0.4623726041294637
observed,2016,tin,concentrates,RoW,China,0.008544557996333933
observed,2016,tin,concentrates,RoW,EU27,0.013611725726458924
observed,2016,tin,concentrates,RoW,RoW,0.9778437162772072
observed,2016,tin,refined_metal,China,China,0.0
observed,2016,tin,refined_metal,China,EU27,0.008608857333369994
observed,2016,tin,refined_metal,China,RoW,0.99139114266663
observed,2016,tin,refined_metal,EU27,China,0.03050554235707423
observed,2016,tin,refined_metal,EU27,EU27,0.40257256955143383
observed,2016,tin,refined_metal,EU27,RoW,0.5669218880914919
observed,2016,tin,refined_metal,RoW,China,0.04886568738341118
observed,2016,tin,refined_metal,RoW,EU27,0.039512916961353194
observed,2016,tin,refined_metal,RoW,RoW,0.9116213956552356
observed,2016,tin,scrap,China,China,0.0
observed,2016,tin,scrap,China,EU27,0.0
observed,2016,tin,scrap,China,RoW,1.0
observed,2016,tin,scrap,EU27,China,0.0022785726524829405
observed,2016,tin,scrap,EU27,EU27,0.691887961449855
observed,2016,tin,scrap,EU27,RoW,0.3058334658976621
observed,2016,tin,scrap,RoW,China,0.012513339825668896
observed,2016,tin,scrap,RoW,EU27,0.008700062221646205
observed,2016,tin,scrap,RoW,RoW,0.9787865979526849
observed,2016,zinc,concentrates,China,China,0.0
observed,2016,zinc,concentrates,China,EU27,0.020262822655728242
observed,2016,zinc,concentrates,China,RoW,0.9797371773442718
observed,2016,zinc,concentrates,EU27,China,4.9177076926391974e-05
observed,2016,zinc,concentrates,EU27,EU27,0.4248991382565817
observed,2016,zinc,concentrates,EU27,RoW,0.5750516846664918
observed,2016,zinc,concentrates,RoW,China,0.0009350726117173974
observed,2016,zinc,concentrates,RoW,EU27,0.06689098542194707
observed,2016,zinc,concentrates,RoW,RoW,0.9321739419663355
observed,2016,zinc,refined_metal,China,China,0.0
observed,2016,zinc,refined_metal,China,EU27,0.04131151310849274
observed,2016,zinc,refined_metal,China,RoW,0.9586884868915073
observed,2016,zinc,refined_metal,EU27,China,0.0007609554860762116
observed,2016,zinc,refined_metal,EU27,EU27,0.721129174210694
observed,2016,zinc,refined_metal,EU27,RoW,0.27810987030322976
observed,2016,zinc,refined_metal,RoW,China,0.008892047606311803
observed,2016,zinc,refined_metal,RoW,EU27,0.09995695433155932
observed,2016,zinc,refined_metal,RoW,RoW,0.8911509980621289
observed,2016,zinc,scrap,China,China,0.0
observed,2016,zinc,scrap,China,EU27,0.558347856339063
observed,2016,zinc,scrap,China,RoW,0.44165214366093697
observed,2016,zinc,scrap,EU27,China,6.546834224319841e-05
observed,2016,zinc,scrap,EU27,EU27,0.8433730943518855
observed,2016,zinc,scrap,EU27,RoW,0.15656143730587135
observed,2016,zinc,scrap,RoW,China,0.015928508357582385
observed,2016,zinc,scrap,RoW,EU27,0.265425175151844
observed,2016,zinc,scrap,RoW,RoW,0.7186463164905736
observed,2017,nickel,concentrates,China,China,0.0
observed,2017,nickel,concentrates,China,EU27,0.001226875477034544
observed,2017,nickel,concentrates,China,RoW,0.9987731245229654
observed,2017,nickel,concentrates,EU27,China,7.414123081344774e-06
observed,2017,nickel,concentrates,EU27,EU27,0.008384589505295656
observed,2017,nickel,concentrates,EU27,RoW,0.991607996371623
observed,2017,nickel,concentrates,RoW,China,5.549875810291571e-05
observed,2017,nickel,concentrates,RoW,EU27,0.002309103162051408
observed,2017,nickel,concentrates,RoW,RoW,0.9976353980798457
observed,2017,nickel,refined_metal,China,China,0.0
observed,2017,nickel,refined_metal,China,EU27,0.04489629713828647
observed,2017,nickel,refined_metal,China,RoW,0.9551037028617135
observed,2017,nickel,refined_metal,EU27,China,0.013424651882107166
observed,2017,nickel,refined_metal,EU27,EU27,0.2722431350556285
observed,2017,nickel,refined_metal,EU27,RoW,0.7143322130622644
observed,2017,nickel,refined_metal,RoW,China,0.018132890931930424
observed,2017,nickel,refined_metal,RoW,EU27,0.07188605531928492
observed,2017,nickel,refined_metal,RoW,RoW,0.9099810537487847
observed,2017,nickel,scrap,China,China,0.0
observed,2017,nickel,scrap,China,EU27,1.7274043633370518e-06
observed,2017,nickel,scrap,China,RoW,0.9999982725956367
observed,2017,nickel,scrap,EU27,China,0.0034411958992786058
observed,2017,nickel,scrap,EU27,EU27,0.6944877277655497
observed,2017,nickel,scrap,EU27,RoW,0.30207107633517166
observed,2017,nickel,scrap,RoW,China,0.03213298115272097
observed,2017,nickel,scrap,RoW,EU27,0.1666942206949335
observed,2017,nickel,scrap,RoW,RoW,0.8011727981523454
observed,2017,tin,concentrates,China,China,0.0
observed,2017,tin,concentrates,China,EU27,0.054202263029304434
observed,2017,tin,concentrates,China,RoW,0.9457977369706956
observed,2017,tin,concentrates,EU27,China,1.524115056461689e-05
observed,2017,tin,concentrates,EU27,EU27,0.6473560160038855
observed,2017,tin,concentrates,EU27,RoW,0.3526287428455499
observed,2017,tin,concentrates,RoW,China,0.008842479616682115
observed,2017,tin,concentrates,RoW,EU27,0.017977810293289105
observed,2017,tin,concentrates,RoW,RoW,0.9731797100900288
observed,2017,tin,refined_metal,China,China,0.0
observed,2017,tin,refined_metal,China,EU27,0.01700971184362718
observed,2017,tin,refined_metal,China,RoW,0.9829902881563728
observed,2017,tin,refined_metal,EU27,China,0.03253105515997564
observed,2017,tin,refined_metal,EU27,EU27,0.39480078700663096
observed,2017,tin,refined_metal,EU27,RoW,0.5726681578333935
observed,2017,tin,refined_metal,RoW,China,0.06303852332158569
observed,2017,tin,refined_metal,RoW,EU27,0.03177797003056792
observed,2017,tin,refined_metal,RoW,RoW,0.9051835066478464
observed,2017,tin,scrap,China,China,0.0
observed,2017,tin,scrap,China,EU27,5.562390388189409e-05
observed,2017,tin,scrap,China,RoW,0.9999443760961181
observed,2017,tin,scrap,EU27,China,0.0002238052401886951
observed,2017,tin,scrap,EU27,EU27,0.7926177033308035
observed,2017,tin,scrap,EU27,RoW,0.20715849142900786
observed,2017,tin,scrap,RoW,China,0.013828612806378381
observed,2017,tin,scrap,RoW,EU27,0.008233898911904822
observed,2017,tin,scrap,RoW,RoW,0.9779374882817168
observed,2017,zinc,concentrates,China,China,0.0
observed,2017,zinc,concentrates,China,EU27,0.01616961193646097
observed,2017,zinc,concentrates,China,RoW,0.983830388063539
observed,2017,zinc,concentrates,EU27,China,4.672494834221818e-05
observed,2017,zinc,concentrates,EU27,EU27,0.42098830773773044
observed,2017,zinc,concentrates,EU27,RoW,0.5789649673139274
observed,2017,zinc,concentrates,RoW,China,0.004494064392829174
observed,2017,zinc,concentrates,RoW,EU27,0.06690048142024689
observed,2017,zinc,concentrates,RoW,RoW,0.928605454186924
observed,2017,zinc,refined_metal,China,China,0.0
observed,2017,zinc,refined_metal,China,EU27,0.1757442105504252
observed,2017,zinc,refined_metal,China,RoW,0.8242557894495748
observed,2017,zinc,refined_metal,EU27,China,0.0007124942244149555
observed,2017,zinc,refined_metal,EU27,EU27,0.7625607491244187
observed,2017,zinc,refined_metal,EU27,RoW,0.23672675665116624
observed,2017,zinc,refined_metal,RoW,China,0.01752065778921439
observed,2017,zinc,refined_metal,RoW,EU27,0.10269749942374114
observed,2017,zinc,refined_metal,RoW,RoW,0.8797818427870444
observed,2017,zinc,scrap,China,China,0.0
observed,2017,zinc,scrap,China,EU27,0.5398837216102468
observed,2017,zinc,scrap,China,RoW,0.46011627838975316
observed,2017,zinc,scrap,EU27,China,7.28833904672485e-05
observed,2017,zinc,scrap,EU27,EU27,0.8321568543319835
observed,2017,zinc,scrap,EU27,RoW,0.1677702622775492
observed,2017,zinc,scrap,RoW,China,0.10068250474867949
observed,2017,zinc,scrap,RoW,EU27,0.23949960630946415
observed,2017,zinc,scrap,RoW,RoW,0.6598178889418563
observed,2018,nickel,concentrates,China,China,0.0
observed,2018,nickel,concentrates,China,EU27,0.0010317934979761703
observed,2018,nickel,concentrates,China,RoW,0.9989682065020238
observed,2018,nickel,concentrates,EU27,China,2.4037996456362044e-06
observed,2018,nickel,concentrates,EU27,EU27,0.014112900861105577
observed,2018,nickel,concentrates,EU27,RoW,0.9858846953392488
observed,2018,nickel,concentrates,RoW,China,4.193441840085861e-05
observed,2018,nickel,concentrates,RoW,EU27,0.0043823633234982675
observed,2018,nickel,concentrates,RoW,RoW,0.9955757022581009
observed,2018,nickel,refined_metal,China,China,0.0
observed,2018,nickel,refined_metal,China,EU27,0.0712399352712784
observed,2018,nickel,refined_metal,China,RoW,0.9287600647287216
observed,2018,nickel,refined_metal,EU27,China,0.0017186346027359702
observed,2018,nickel,refined_metal,EU27,EU27,0.22584311138162544
observed,2018,nickel,refined_metal,EU27,RoW,0.7724382540156386
observed,2018,nickel,refined_metal,RoW,China,0.009055853005817443
observed,2018,nickel,refined_metal,RoW,EU27,0.08884033366037701
observed,2018,nickel,refined_metal,RoW,RoW,0.9021038133338056
observed,2018,nickel,scrap,China,China,0.0
observed,2018,nickel,scrap,China,EU27,0.0001949945929934424
observed,2018,nickel,scrap,China,RoW,0.9998050054070066
observed,2018,nickel,scrap,EU27,China,0.0012006641310373426
observed,2018,nickel,scrap,EU27,EU27,0.5369059213057416
observed,2018,nickel,scrap,EU27,RoW,0.461893414563221
observed,2018,nickel,scrap,RoW,China,0.04144843693038611
observed,2018,nickel,scrap,RoW,EU27,0.14981012188097637
observed,2018,nickel,scrap,RoW,RoW,0.8087414411886376
observed,2018,tin,concentrates,China,China,0.0
observed,2018,tin,concentrates,China,EU27,0.0035372797498907332
observed,2018,tin,concentrates,China,RoW,0.9964627202501093
observed,2018,tin,concentrates,EU27,China,0.0
observed,2018,tin,concentrates,EU27,EU27,0.4310893111593976
observed,2018,tin,concentrates,EU27,RoW,0.5689106888406024
observed,2018,tin,concentrates,RoW,China,0.0017192042279766838
observed,2018,tin,concentrates,RoW,EU27,0.015501343771145527
observed,2018,tin,concentrates,RoW,RoW,0.9827794520008778
observed,2018,tin,refined_metal,China,China,0.0
observed,2018,tin,refined_metal,China,EU27,0.051687440072944964
observed,2018,tin,refined_metal,China,RoW,0.9483125599270551
observed,2018,tin,refined_metal,EU27,China,0.022261090093315224
observed,2018,tin,refined_metal,EU27,EU27,0.375118812635311
observed,2018,tin,refined_metal,EU27,RoW,0.6026200972713739
observed,2018,tin,refined_metal,RoW,China,0.07604037926653925
observed,2018,tin,refined_metal,RoW,EU27,0.035103504377329266
observed,2018,tin,refined_metal,RoW,RoW,0.8888561163561315
observed,2018,tin,scrap,China,China,0.0
observed,2018,tin,scrap,China,EU27,0.00034478217473452445
observed,2018,tin,scrap,China,RoW,0.9996552178252655
observed,2018,tin,scrap,EU27,China,0.00014747009327984513
observed,2018,tin,scrap,EU27,EU27,0.8030413773878522
observed,2018,tin,scrap,EU27,RoW,0.19681115251886797
observed,2018,tin,scrap,RoW,China,0.03338147680885471
observed,2018,tin,scrap,RoW,EU27,0.00886504978360825
observed,2018,tin,scrap,RoW,RoW,0.9577534734075369
observed,2018,zinc,concentrates,China,China,0.0
observed,2018,zinc,concentrates,China,EU27,0.04242141341743726
observed,2018,zinc,concentrates,China,RoW,0.9575785865825628
observed,2018,zinc,concentrates,EU27,China,1.914831356311292e-05
observed,2018,zinc,concentrates,EU27,EU27,0.4004842904931833
observed,2018,zinc,concentrates,EU27,RoW,0.5994965611932536
observed,2018,zinc,concentrates,RoW,China,0.0010286065924885403
observed,2018,zinc,concentrates,RoW,EU27,0.0652021078753757
observed,2018,zinc,concentrates,RoW,RoW,0.9337692855321357
observed,2018,zinc,refined_metal,China,China,0.0
observed,2018,zinc,refined_metal,China,EU27,0.10853224068719533
observed,2018,zinc,refined_metal,China,RoW,0.8914677593128046
observed,2018,zinc,refined_metal,EU27,China,0.00020027326545159733
observed,2018,zinc,refined_metal,EU27,EU27,0.7530634746094648
observed,2018,zinc,refined_metal,EU27,RoW,0.24673625212508363
observed,2018,zinc,refined_metal,RoW,China,0.008021767544052722
observed,2018,zinc,refined_metal,RoW,EU27,0.1135458937788581
observed,2018,zinc,refined_metal,RoW,RoW,0.8784323386770891
observed,2018,zinc,scrap,China,China,0.0
observed,2018,zinc,scrap,China,EU27,0.5596688863016296
observed,2018,zinc,scrap,China,RoW,0.4403311136983705
observed,2018,zinc,scrap,EU27,China,0.000209134888505712
observed,2018,zinc,scrap,EU27,EU27,0.8444736138430423
observed,2018,zinc,scrap,EU27,RoW,0.15531725126845194
observed,2018,zinc,scrap,RoW,China,0.0016897759371378106
observed,2018,zinc,scrap,RoW,EU27,0.24835352977481057
observed,2018,zinc,scrap,RoW,RoW,0.7499566942880517
observed,2019,nickel,concentrates,China,China,0.0
observed,2019,nickel,concentrates,China,EU27,6.607960481752416e-05
observed,2019,nickel,concentrates,China,RoW,0.9999339203951825
observed,2019,nickel,concentrates,EU27,China,8.506270773520611e-07
observed,2019,nickel,concentrates,EU27,EU27,0.0053260288911412814
observed,2019,nickel,concentrates,EU27,RoW,0.9946731204817814
observed,2019,nickel,concentrates,RoW,China,0.00021566993335811403
observed,2019,nickel,concentrates,RoW,EU27,0.0010994315268672192
observed,2019,nickel,concentrates,RoW,RoW,0.9986848985397746
observed,2019,nickel,refined_metal,China,China,0.0
observed,2019,nickel,refined_metal,China,EU27,0.03633584205767134
observed,2019,nickel,refined_metal,China,RoW,0.9636641579423286
observed,2019,nickel,refined_metal,EU27,China,0.0057083408299919165
observed,2019,nickel,refined_metal,EU27,EU27,0.24724829582677696
observed,2019,nickel,refined_metal,EU27,RoW,0.7470433633432311
observed,2019,nickel,refined_metal,RoW,China,0.013796459047783764
observed,2019,nickel,refined_metal,RoW,EU27,0.0882610231673272
observed,2019,nickel,refined_metal,RoW,RoW,0.897942517784889
observed,2019,nickel,scrap,China,China,0.0
observed,2019,nickel,scrap,China,EU27,5.825732413378641e-05
observed,2019,nickel,scrap,China,RoW,0.9999417426758662
observed,2019,nickel,scrap,EU27,China,0.0025977157875852305
observed,2019,nickel,scrap,EU27,EU27,0.5898268142788551
observed,2019,nickel,scrap,EU27,RoW,0.4075754699335598
observed,2019,nickel,scrap,RoW,China,0.0367026489503928
observed,2019,nickel,scrap,RoW,EU27,0.11954091818030264
observed,2019,nickel,scrap,RoW,RoW,0.8437564328693046
observed,2019,tin,concentrates,China,China,0.0
observed,2019,tin,concentrates,China,EU27,3.247659533561395e-05
observed,2019,tin,concentrates,China,RoW,0.9999675234046644
observed,2019,tin,concentrates,EU27,China,1.8744769874476987e-05
observed,2019,tin,concentrates,EU27,EU27,0.18367464435146447
observed,2019,tin,concentrates,EU27,RoW,0.8163066108786611
observed,2019,tin,concentrates,RoW,China,0.023697464986049136
observed,2019,tin,concentrates,RoW,EU27,0.015476237621912978
observed,2019,tin,concentrates,RoW,RoW,0.9608262973920378
observed,2019,tin,refined_metal,China,China,0.0
observed,2019,tin,refined_metal,China,EU27,0.01972339965833152
observed,2019,tin,refined_metal,China,RoW,0.9802766003416684
observed,2019,tin,refined_metal,EU27,China,0.03084649188053242
observed,2019,tin,refined_metal,EU27,EU27,0.35750703065587003
observed,2019,tin,refined_metal,EU27,RoW,0.6116464774635976
observed,2019,tin,refined_metal,RoW,China,0.0756000242068015
observed,2019,tin,refined_metal,RoW,EU27,0.05471496092096191
observed,2019,tin,refined_metal,RoW,RoW,0.8696850148722367
observed,2019,tin,scrap,China,China,0.0
observed,2019,tin,scrap,China,EU27,0.0
observed,2019,tin,scrap,China,RoW,1.0
observed,2019,tin,scrap,EU27,China,0.00012306596800284832
observed,2019,tin,scrap,EU27,EU27,0.8254590463806479
observed,2019,tin,scrap,EU27,RoW,0.17441788765134922
observed,2019,tin,scrap,RoW,China,0.009973936630847651
observed,2019,tin,scrap,RoW,EU27,0.008035609963125221
observed,2019,tin,scrap,RoW,RoW,0.9819904534060271
observed,2019,zinc,concentrates,China,China,0.0
observed,2019,zinc,concentrates,China,EU27,0.07266886509937712
observed,2019,zinc,concentrates,China,RoW,0.9273311349006229
observed,2019,zinc,concentrates,EU27,China,1.3712154627773043e-05
observed,2019,zinc,concentrates,EU27,EU27,0.40167639345733086
observed,2019,zinc,concentrates,EU27,RoW,0.5983098943880414
observed,2019,zinc,concentrates,RoW,China,0.01038377229105437
observed,2019,zinc,concentrates,RoW,EU27,0.08648756425285085
observed,2019,zinc,concentrates,RoW,RoW,0.9031286634560948
observed,2019,zinc,refined_metal,China,China,0.0
observed,2019,zinc,refined_metal,China,EU27,0.03183028753996215
observed,2019,zinc,refined_metal,China,RoW,0.9681697124600378
observed,2019,zinc,refined_metal,EU27,China,0.0001200105013037409
observed,2019,zinc,refined_metal,EU27,EU27,0.7960491132992951
observed,2019,zinc,refined_metal,EU27,RoW,0.20383087619940124
observed,2019,zinc,refined_metal,RoW,China,0.014318221776627843
observed,2019,zinc,refined_metal,RoW,EU27,0.15218293598667226
observed,2019,zinc,refined_metal,RoW,RoW,0.8334988422367
observed,2019,zinc,scrap,China,China,0.0
observed,2019,zinc,scrap,China,EU27,0.21661475685045206
observed,2019,zinc,scrap,China,RoW,0.7833852431495479
observed,2019,zinc,scrap,EU27,China,0.00014235493866933353
observed,2019,zinc,scrap,EU27,EU27,0.8610226954854162
observed,2019,zinc,scrap,EU27,RoW,0.13883494957591444
observed,2019,zinc,scrap,RoW,China,0.006752233429428073
observed,2019,zinc,scrap,RoW,EU27,0.32977026686881156
observed,2019,zinc,scrap,RoW,RoW,0.6634774997017605
observed,2020,nickel,concentrates,China,China,0.0
observed,2020,nickel,concentrates,China,EU27,0.0014627369289583277
observed,2020,nickel,concentrates,China,RoW,0.9985372630710417
observed,2020,nickel,concentrates,EU27,China,6.273261938652016e-06
observed,2020,nickel,concentrates,EU27,EU27,0.005325020584766197
observed,2020,nickel,concentrates,EU27,RoW,0.9946687061532952
observed,2020,nickel,concentrates,RoW,China,0.00015879446107161415
observed,2020,nickel,concentrates,RoW,EU27,0.0028692629387302667
observed,2020,nickel,concentrates,RoW,RoW,0.9969719426001982
observed,2020,nickel,refined_metal,China,China,0.0
observed,2020,nickel,refined_metal,China,EU27,0.06353286474819331
observed,2020,nickel,refined_metal,China,RoW,0.9364671352518067
observed,2020,nickel,refined_metal,EU27,China,0.013311345406501439
observed,2020,nickel,refined_metal,EU27,EU27,0.3174097215094987
observed,2020,nickel,refined_metal,EU27,RoW,0.6692789330839999
observed,2020,nickel,refined_metal,RoW,China,0.013877225307490528
observed,2020,nickel,refined_metal,RoW,EU27,0.10484152517842636
observed,2020,nickel,refined_metal,RoW,RoW,0.881281249514083
observed,2020,nickel,scrap,China,China,0.0
observed,2020,nickel,scrap,China,EU27,0.0
observed,2020,nickel,scrap,China,RoW,1.0
observed,2020,nickel,scrap,EU27,China,0.0003450501723599904
observed,2020,nickel,scrap,EU27,EU27,0.587398155618983
observed,2020,nickel,scrap,EU27,RoW,0.412256794208657
observed,2020,nickel,scrap,RoW,China,0.010123068410994265
observed,2020,nickel,scrap,RoW,EU27,0.09558346074107137
observed,2020,nickel,scrap,RoW,RoW,0.8942934708479343
observed,2020,tin,concentrates,China,China,0.0
observed,2020,tin,concentrates,China,EU27,0.0
observed,2020,tin,concentrates,China,RoW,1.0
observed,2020,tin,concentrates,EU27,China,1.0747036260500342e-05
observed,2020,tin,concentrates,EU27,EU27,0.29517223591112396
observed,2020,tin,concentrates,EU27,RoW,0.7048170170526156
observed,2020,tin,concentrates,RoW,China,5.528941000357307e-05
observed,2020,tin,concentrates,RoW,EU27,0.010202733481336225
observed,2020,tin,concentrates,RoW,RoW,0.9897419771086602
observed,2020,tin,refined_metal,China,China,0.0
observed,2020,tin,refined_metal,China,EU27,0.004102733088990917
observed,2020,tin,refined_metal,China,RoW,0.9958972669110091
observed,2020,tin,refined_metal,EU27,China,0.008768490821449742
observed,2020,tin,refined_metal,EU27,EU27,0.4079257709016517
observed,2020,tin,refined_metal,EU27,RoW,0.5833057382768985
observed,2020,tin,refined_metal,RoW,China,0.09413493774915285
observed,2020,tin,refined_metal,RoW,EU27,0.05243018482143605
observed,2020,tin,refined_metal,RoW,RoW,0.8534348774294112
observed,2020,tin,scrap,China,China,0.0
observed,2020,tin,scrap,China,EU27,0.0
observed,2020,tin,scrap,China,RoW,1.0
observed,2020,tin,scrap,EU27,China,1.1211139388096012e-05
observed,2020,tin,scrap,EU27,EU27,0.7637933450676592
observed,2020,tin,scrap,EU27,RoW,0.23619544379295265
observed,2020,tin,scrap,RoW,China,0.0016326538351573029
observed,2020,tin,scrap,RoW,EU27,0.008484257809944662
observed,2020,tin,scrap,RoW,RoW,0.9898830883548981
observed,2020,zinc,concentrates,China,China,0.0
observed,2020,zinc,concentrates,China,EU27,0.04279405911733447
observed,2020,zinc,concentrates,China,RoW,0.9572059408826655
observed,2020,zinc,concentrates,EU27,China,8.563834070146861e-06
observed,2020,zinc,concentrates,EU27,EU27,0.5125002286995134
observed,2020,zinc,concentrates,EU27,RoW,0.48749120746641644
observed,2020,zinc,concentrates,RoW,China,0.0006432338929128778
observed,2020,zinc,concentrates,RoW,EU27,0.08651016819018091
observed,2020,zinc,concentrates,RoW,RoW,0.9128465979169061
observed,2020,zinc,refined_metal,China,China,0.0
observed,2020,zinc,refined_metal,China,EU27,0.003969846259586461
observed,2020,zinc,refined_metal,China,RoW,0.9960301537404135
observed,2020,zinc,refined_metal,EU27,China,0.0001405362835344112
observed,2020,zinc,refined_metal,EU27,EU27,0.8010706508007076
observed,2020,zinc,refined_metal,EU27,RoW,0.19878881291575798
observed,2020,zinc,refined_metal,RoW,China,0.010680179027881175
observed,2020,zinc,refined_metal,RoW,EU27,0.15061983575452587
observed,2020,zinc,refined_metal,RoW,RoW,0.838699985217593
observed,2020,zinc,scrap,China,China,0.0
observed,2020,zinc,scrap,China,EU27,0.14426784203276638
observed,2020,zinc,scrap,China,RoW,0.8557321579672337
observed,2020,zinc,scrap,EU27,China,8.963012649405142e-08
observed,2020,zinc,scrap,EU27,EU27,0.8906665405603983
observed,2020,zinc,scrap,EU27,RoW,0.10933336980947518
observed,2020,zinc,scrap,RoW,China,0.00426249753283718
observed,2020,zinc,scrap,RoW,EU27,0.33068435914505434
observed,2020,zinc,scrap,RoW,RoW,0.6650531433221084
observed,2021,nickel,concentrates,China,China,0.0
observed,2021,nickel,concentrates,China,EU27,0.0014458674548411333
observed,2021,nickel,concentrates,China,RoW,0.9985541325451589
observed,2021,nickel,concentrates,EU27,China,2.83669692848832e-06
observed,2021,nickel,concentrates,EU27,EU27,0.003604923575592358
observed,2021,nickel,concentrates,EU27,RoW,0.9963922397274791
observed,2021,nickel,concentrates,RoW,China,1.4738099680623022e-05
observed,2021,nickel,concentrates,RoW,EU27,0.006791355442006971
observed,2021,nickel,concentrates,RoW,RoW,0.9931939064583124
observed,2021,nickel,refined_metal,China,China,0.0
observed,2021,nickel,refined_metal,China,EU27,0.039139055498005774
observed,2021,nickel,refined_metal,China,RoW,0.9608609445019942
observed,2021,nickel,refined_metal,EU27,China,0.0007028923199282193
observed,2021,nickel,refined_metal,EU27,EU27,0.37687830159313235
observed,2021,nickel,refined_metal,EU27,RoW,0.6224188060869394
observed,2021,nickel,refined_metal,RoW,China,0.004511152593581579
observed,2021,nickel,refined_metal,RoW,EU27,0.08683177607574775
observed,2021,nickel,refined_metal,RoW,RoW,0.9086570713306706
observed,2021,nickel,scrap,China,China,0.0
observed,2021,nickel,scrap,China,EU27,1.530523366639377e-05
observed,2021,nickel,scrap,China,RoW,0.9999846947663337
observed,2021,nickel,scrap,EU27,China,0.000922345333974776
observed,2021,nickel,scrap,EU27,EU27,0.6205898185421663
observed,2021,nickel,scrap,EU27,RoW,0.3784878361238589
observed,2021,nickel,scrap,RoW,China,0.012964278676887889
observed,2021,nickel,scrap,RoW,EU27,0.13806082238669679
observed,2021,nickel,scrap,RoW,RoW,0.8489748989364153
observed,2021,tin,concentrates,China,China,0.0
observed,2021,tin,concentrates,China,EU27,0.0014422858612974025
observed,2021,tin,concentrates,China,RoW,0.9985577141387026
observed,2021,tin,concentrates,EU27,China,1.704112510376828e-05
observed,2021,tin,concentrates,EU27,EU27,0.6203276886635132
observed,2021,tin,concentrates,EU27,RoW,0.379655270211383
observed,2021,tin,concentrates,RoW,China,0.0011720560899687845
observed,2021,tin,concentrates,RoW,EU27,0.016221755976643996
observed,2021,tin,concentrates,RoW,RoW,0.9826061879333873
observed,2021,tin,refined_metal,China,China,0.0
observed,2021,tin,refined_metal,China,EU27,0.01900795252030882
observed,2021,tin,refined_metal,China,RoW,0.9809920474796912
observed,2021,tin,refined_metal,EU27,China,0.02047481137221871
observed,2021,tin,refined_metal,EU27,EU27,0.4105643793571425
observed,2021,tin,refined_metal,EU27,RoW,0.5689608092706389
observed,2021,tin,refined_metal,RoW,China,0.10363048777808122
observed,2021,tin,refined_metal,RoW,EU27,0.03484520578492684
observed,2021,tin,refined_metal,RoW,RoW,0.8615243064369918
observed,2021,tin,scrap,China,China,0.0
observed,2021,tin,scrap,China,EU27,0.11473101117265984
observed,2021,tin,scrap,China,RoW,0.8852689888273402
observed,2021,tin,scrap,EU27,China,1.030983441274366e-05
observed,2021,tin,scrap,EU27,EU27,0.7359714271740329
observed,2021,tin,scrap,EU27,RoW,0.26401826299155434
observed,2021,tin,scrap,RoW,China,0.0015900816906090829
observed,2021,tin,scrap,RoW,EU27,0.004826010306082742
observed,2021,tin,scrap,RoW,RoW,0.9935839080033081
observed,2021,zinc,concentrates,China,China,0.0
observed,2021,zinc,concentrates,China,EU27,0.020434770372738543
observed,2021,zinc,concentrates,China,RoW,0.9795652296272614
observed,2021,zinc,concentrates,EU27,China,6.2281488775136745e-06
observed,2021,zinc,concentrates,EU27,EU27,0.5085107124392975
observed,2021,zinc,concentrates,EU27,RoW,0.491483059411825
observed,2021,zinc,concentrates,RoW,China,0.000583489968904615
observed,2021,zinc,concentrates,RoW,EU27,0.0800806087599157
observed,2021,zinc,concentrates,RoW,RoW,0.9193359012711797
observed,2021,zinc,refined_metal,China,China,0.0
observed,2021,zinc,refined_metal,China,EU27,0.003304784677604608
observed,2021,zinc,refined_metal,China,RoW,0.9966952153223954
observed,2021,zinc,refined_metal,EU27,China,9.724950261863588e-05
observed,2021,zinc,refined_metal,EU27,EU27,0.8192849776686979
observed,2021,zinc,refined_metal,EU27,RoW,0.18061777282868335
observed,2021,zinc,refined_metal,RoW,China,0.006325435758216634
observed,2021,zinc,refined_metal,RoW,EU27,0.1335168335729342
observed,2021,zinc,refined_metal,RoW,RoW,0.8601577306688492
observed,2021,zinc,scrap,China,China,0.0
observed,2021,zinc,scrap,China,EU27,0.0444786779255191
observed,2021,zinc,scrap,China,RoW,0.9555213220744809
observed,2021,zinc,scrap,EU27,China,4.685557897140692e-07
observed,2021,zinc,scrap,EU27,EU27,0.9002443601020518
observed,2021,zinc,scrap,EU27,RoW,0.09975517134215849
observed,2021,zinc,scrap,RoW,China,0.00085072634932233
observed,2021,zinc,scrap,RoW,EU27,0.2903318934171721
observed,2021,zinc,scrap,RoW,RoW,0.7088173802335056
observed,2022,nickel,concentrates,China,China,0.0
observed,2022,nickel,concentrates,China,EU27,0.0012756187586180567
observed,2022,nickel,concentrates,China,RoW,0.998724381241382
observed,2022,nickel,concentrates,EU27,China,3.843417080446347e-05
observed,2022,nickel,concentrates,EU27,EU27,0.022952090655092475
observed,2022,nickel,concentrates,EU27,RoW,0.977009475174103
observed,2022,nickel,concentrates,RoW,China,0.0008832070697952603
observed,2022,nickel,concentrates,RoW,EU27,0.007931151941163565
observed,2022,nickel,concentrates,RoW,RoW,0.9911856409890412
observed,2022,nickel,refined_metal,China,China,0.0
observed,2022,nickel,refined_metal,China,EU27,0.036909145162585776
observed,2022,nickel,refined_metal,China,RoW,0.9630908548374142
observed,2022,nickel,refined_metal,EU27,China,0.00186306222068845
observed,2022,nickel,refined_metal,EU27,EU27,0.3415070759870554
observed,2022,nickel,refined_metal,EU27,RoW,0.6566298617922562
observed,2022,nickel,refined_metal,RoW,China,0.023757512527299192
observed,2022,nickel,refined_metal,RoW,EU27,0.1661353204476058
observed,2022,nickel,refined_metal,RoW,RoW,0.810107167025095
observed,2022,nickel,scrap,China,China,0.0
observed,2022,nickel,scrap,China,EU27,0.0771813145842315
observed,2022,nickel,scrap,China,RoW,0.9228186854157684
observed,2022,nickel,scrap,EU27,China,0.0010170980949453998
observed,2022,nickel,scrap,EU27,EU27,0.6630082816444427
observed,2022,nickel,scrap,EU27,RoW,0.3359746202606119
observed,2022,nickel,scrap,RoW,China,0.03336734883490072
observed,2022,nickel,scrap,RoW,EU27,0.13704583919580934
observed,2022,nickel,scrap,RoW,RoW,0.8295868119692899
observed,2022,tin,concentrates,China,China,0.0
observed,2022,tin,concentrates,China,EU27,0.0003789560121526618
observed,2022,tin,concentrates,China,RoW,0.9996210439878473
observed,2022,tin,concentrates,EU27,China,3.230715054162938e-06
observed,2022,tin,concentrates,EU27,EU27,0.5960168514097225
observed,2022,tin,concentrates,EU27,RoW,0.4039799178752233
observed,2022,tin,concentrates,RoW,China,0.0029017267578366024
observed,2022,tin,concentrates,RoW,EU27,0.020316854526006276
observed,2022,tin,concentrates,RoW,RoW,0.9767814187161572
observed,2022,tin,refined_metal,China,China,0.0
observed,2022,tin,refined_metal,China,EU27,0.004175933677545149
observed,2022,tin,refined_metal,China,RoW,0.9958240663224548
observed,2022,tin,refined_metal,EU27,China,0.03206058283254327
observed,2022,tin,refined_metal,EU27,EU27,0.39948868856760184
observed,2022,tin,refined_metal,EU27,RoW,0.5684507285998549
observed,2022,tin,refined_metal,RoW,China,0.06528429758211392
observed,2022,tin,refined_metal,RoW,EU27,0.04136642101378224
observed,2022,tin,refined_metal,RoW,RoW,0.8933492814041039
observed,2022,tin,scrap,China,China,0.0
observed,2022,tin,scrap,China,EU27,0.007309399863105742
observed,2022,tin,scrap,China,RoW,0.9926906001368944
observed,2022,tin,scrap,EU27,China,7.955425318010896e-05
observed,2022,tin,scrap,EU27,EU27,0.5933124380471253
observed,2022,tin,scrap,EU27,RoW,0.4066080076996946
observed,2022,tin,scrap,RoW,China,0.001740059037751954
observed,2022,tin,scrap,RoW,EU27,0.02807757470939482
observed,2022,tin,scrap,RoW,RoW,0.9701823662528533
observed,2022,zinc,concentrates,China,China,0.0
observed,2022,zinc,concentrates,China,EU27,0.017044128362581817
observed,2022,zinc,concentrates,China,RoW,0.9829558716374182
observed,2022,zinc,concentrates,EU27,China,1.0863446252192765e-05
observed,2022,zinc,concentrates,EU27,EU27,0.4902477846194616
observed,2022,zinc,concentrates,EU27,RoW,0.5097413519342862
observed,2022,zinc,concentrates,RoW,China,0.000739466703871951
observed,2022,zinc,concentrates,RoW,EU27,0.08025921764867303
observed,2022,zinc,concentrates,RoW,RoW,0.919001315647455
observed,2022,zinc,refined_metal,China,China,0.0
observed,2022,zinc,refined_metal,China,EU27,0.002060529012988658
observed,2022,zinc,refined_metal,China,RoW,0.9979394709870114
observed,2022,zinc,refined_metal,EU27,China,0.00033204865048665016
observed,2022,zinc,refined_metal,EU27,EU27,0.6714508936457609
observed,2022,zinc,refined_metal,EU27,RoW,0.3282170577037525
observed,2022,zinc,refined_metal,RoW,China,0.02692869768333215
observed,2022,zinc,refined_metal,RoW,EU27,0.07443436925884739
observed,2022,zinc,refined_metal,RoW,RoW,0.8986369330578204
observed,2022,zinc,scrap,China,China,0.0
observed,2022,zinc,scrap,China,EU27,0.01711522568401229
observed,2022,zinc,scrap,China,RoW,0.9828847743159878
observed,2022,zinc,scrap,EU27,China,0.00016403411205682695
observed,2022,zinc,scrap,EU27,EU27,0.9002754123323315
observed,2022,zinc,scrap,EU27,RoW,0.09956055355561161
observed,2022,zinc,scrap,RoW,China,0.0016286675642793102
observed,2022,zinc,scrap,RoW,EU27,0.16445351442691283
observed,2022,zinc,scrap,RoW,RoW,0.8339178180088078
observed,2023,nickel,concentrates,China,China,0.0
observed,2023,nickel,concentrates,China,EU27,0.0009691163380057118
observed,2023,nickel,concentrates,China,RoW,0.9990308836619942
observed,2023,nickel,concentrates,EU27,China,0.0004956134455593362
observed,2023,nickel,concentrates,EU27,EU27,0.09386496484894752
observed,2023,nickel,concentrates,EU27,RoW,0.9056394217054932
observed,2023,nickel,concentrates,RoW,China,8.715242967753632e-05
observed,2023,nickel,concentrates,RoW,EU27,0.008071884591224989
observed,2023,nickel,concentrates,RoW,RoW,0.9918409629790974
observed,2023,nickel,refined_metal,China,China,0.0
observed,2023,nickel,refined_metal,China,EU27,0.015732092828047824
observed,2023,nickel,refined_metal,China,RoW,0.9842679071719521
observed,2023,nickel,refined_metal,EU27,China,0.0069699077511531276
observed,2023,nickel,refined_metal,EU27,EU27,0.29914048915382535
observed,2023,nickel,refined_metal,EU27,RoW,0.6938896030950216
observed,2023,nickel,refined_metal,RoW,China,0.020931730419598442
observed,2023,nickel,refined_metal,RoW,EU27,0.10994504299335893
observed,2023,nickel,refined_metal,RoW,RoW,0.8691232265870427
observed,2023,nickel,scrap,China,China,0.0
observed,2023,nickel,scrap,China,EU27,4.486602426238809e-06
observed,2023,nickel,scrap,China,RoW,0.9999955133975738
observed,2023,nickel,scrap,EU27,China,0.0017734468547630235
observed,2023,nickel,scrap,EU27,EU27,0.6020554370173302
observed,2023,nickel,scrap,EU27,RoW,0.39617111612790673
observed,2023,nickel,scrap,RoW,China,0.04084592274533107
observed,2023,nickel,scrap,RoW,EU27,0.1352833461825546
observed,2023,nickel,scrap,RoW,RoW,0.8238707310721144
observed,2023,tin,concentrates,China,China,0.0
observed,2023,tin,concentrates,China,EU27,0.00012782051442368234
observed,2023,tin,concentrates,China,RoW,0.9998721794855763
observed,2023,tin,concentrates,EU27,China,1.2329888636445834e-05
observed,2023,tin,concentrates,EU27,EU27,0.47109709705101943
observed,2023,tin,concentrates,EU27,RoW,0.528890573060344
observed,2023,tin,concentrates,RoW,China,0.00375306387287842
observed,2023,tin,concentrates,RoW,EU27,0.01925186930225752
observed,2023,tin,concentrates,RoW,RoW,0.9769950668248639
observed,2023,tin,refined_metal,China,China,0.0
observed,2023,tin,refined_metal,China,EU27,0.002552124357472608
observed,2023,tin,refined_metal,China,RoW,0.9974478756425275
observed,2023,tin,refined_metal,EU27,China,0.03127203656916579
observed,2023,tin,refined_metal,EU27,EU27,0.433119052282008
observed,2023,tin,refined_metal,EU27,RoW,0.5356089111488261
observed,2023,tin,refined_metal,RoW,China,0.07487973612078168
observed,2023,tin,refined_metal,RoW,EU27,0.046528506297757205
observed,2023,tin,refined_metal,RoW,RoW,0.8785917575814612
observed,2023,tin,scrap,China,China,0.0
observed,2023,tin,scrap,China,EU27,0.0001846603006619913
observed,2023,tin,scrap,China,RoW,0.999815339699338
observed,2023,tin,scrap,EU27,China,0.0007931795938496878
observed,2023,tin,scrap,EU27,EU27,0.7112267285839164
observed,2023,tin,scrap,EU27,RoW,0.28798009182223394
observed,2023,tin,scrap,RoW,China,0.0009931781733057388
observed,2023,tin,scrap,RoW,EU27,0.01649901719064434
observed,2023,tin,scrap,RoW,RoW,0.9825078046360499
observed,2023,zinc,concentrates,China,China,0.0
observed,2023,zinc,concentrates,China,EU27,0.010413335372218651
observed,2023,zinc,concentrates,China,RoW,0.9895866646277813
observed,2023,zinc,concentrates,EU27,China,2.8103398452634844e-05
observed,2023,zinc,concentrates,EU27,EU27,0.5320187573733463
observed,2023,zinc,concentrates,EU27,RoW,0.4679531392282012
observed,2023,zinc,concentrates,RoW,China,0.0005649920234388203
observed,2023,zinc,concentrates,RoW,EU27,0.05880662073164578
observed,2023,zinc,concentrates,RoW,RoW,0.9406283872449153
observed,2023,zinc,refined_metal,China,China,0.0
observed,2023,zinc,refined_metal,China,EU27,0.006863793814512546
observed,2023,zinc,refined_metal,China,RoW,0.9931362061854875
observed,2023,zinc,refined_metal,EU27,China,0.00023648886546588288
observed,2023,zinc,refined_metal,EU27,EU27,0.7287057191933782
observed,2023,zinc,refined_metal,EU27,RoW,0.27105779194115587
observed,2023,zinc,refined_metal,RoW,China,0.007852975486057002
observed,2023,zinc,refined_metal,RoW,EU27,0.11236678846145522
observed,2023,zinc,refined_metal,RoW,RoW,0.8797802360524877
observed,2023,zinc,scrap,China,China,0.0
observed,2023,zinc,scrap,China,EU27,0.00953766775617274
observed,2023,zinc,scrap,China,RoW,0.9904623322438273
observed,2023,zinc,scrap,EU27,China,0.0002651914372035821
observed,2023,zinc,scrap,EU27,EU27,0.8256280041982825
observed,2023,zinc,scrap,EU27,RoW,0.17410680436451387
observed,2023,zinc,scrap,RoW,China,0.008638936131140857
observed,2023,zinc,scrap,RoW,EU27,0.16164769252984484
observed,2023,zinc,scrap,RoW,RoW,0.8297133713390143
observed,2024,nickel,concentrates,China,China,0.0
observed,2024,nickel,concentrates,China,EU27,0.001327871804176633
observed,2024,nickel,concentrates,China,RoW,0.9986721281958234
observed,2024,nickel,concentrates,EU27,China,1.3042770281735075e-05
observed,2024,nickel,concentrates,EU27,EU27,0.03169810180063189
observed,2024,nickel,concentrates,EU27,RoW,0.9682888554290864
observed,2024,nickel,concentrates,RoW,China,0.018690062092150097
observed,2024,nickel,concentrates,RoW,EU27,0.003860775806261977
observed,2024,nickel,concentrates,RoW,RoW,0.9774491621015879
observed,2024,nickel,refined_metal,China,China,0.0
observed,2024,nickel,refined_metal,China,EU27,0.016905837659053513
observed,2024,nickel,refined_metal,China,RoW,0.9830941623409465
observed,2024,nickel,refined_metal,EU27,China,0.010424127845051376
observed,2024,nickel,refined_metal,EU27,EU27,0.3210720731435788
observed,2024,nickel,refined_metal,EU27,RoW,0.6685037990113699
observed,2024,nickel,refined_metal,RoW,China,0.07603181657507692
observed,2024,nickel,refined_metal,RoW,EU27,0.10490332412872484
observed,2024,nickel,refined_metal,RoW,RoW,0.8190648592961982
observed,2024,nickel,scrap,China,China,0.0
observed,2024,nickel,scrap,China,EU27,4.2453611886494125e-05
observed,2024,nickel,scrap,China,RoW,0.9999575463881135
observed,2024,nickel,scrap,EU27,China,0.00017525114137637533
observed,2024,nickel,scrap,EU27,EU27,0.5849576363283265
observed,2024,nickel,scrap,EU27,RoW,0.4148671125302971
observed,2024,nickel,scrap,RoW,China,0.04257138599152601
observed,2024,nickel,scrap,RoW,EU27,0.19804332238455283
observed,2024,nickel,scrap,RoW,RoW,0.7593852916239212
observed,2024,tin,concentrates,China,China,0.0
observed,2024,tin,concentrates,China,EU27,0.0
observed,2024,tin,concentrates,China,RoW,1.0
observed,2024,tin,concentrates,EU27,China,1.0644566519036665e-05
observed,2024,tin,concentrates,EU27,EU27,0.16550400121652187
observed,2024,tin,concentrates,EU27,RoW,0.834485354216959
observed,2024,tin,concentrates,RoW,China,0.011428354832819605
observed,2024,tin,concentrates,RoW,EU27,0.016339518867160105
observed,2024,tin,concentrates,RoW,RoW,0.9722321263000202
observed,2024,tin,refined_metal,China,China,0.0
observed,2024,tin,refined_metal,China,EU27,0.0020313781828726375
observed,2024,tin,refined_metal,China,RoW,0.9979686218171273
observed,2024,tin,refined_metal,EU27,China,0.04022199446094033
observed,2024,tin,refined_metal,EU27,EU27,0.44898756993205974
observed,2024,tin,refined_metal,EU27,RoW,0.5107904356069999
observed,2024,tin,refined_metal,RoW,China,0.10705826109662493
observed,2024,tin,refined_metal,RoW,EU27,0.059612563108702575
observed,2024,tin,refined_metal,RoW,RoW,0.8333291757946726
observed,2024,tin,scrap,China,China,0.0
observed,2024,tin,scrap,China,EU27,1.4996765914828801e-05
observed,2024,tin,scrap,China,RoW,0.9999850032340852
observed,2024,tin,scrap,EU27,China,0.00290035117831325
observed,2024,tin,scrap,EU27,EU27,0.610823837425625
observed,2024,tin,scrap,EU27,RoW,0.3862758113960617
observed,2024,tin,scrap,RoW,China,0.0015424203108297364
observed,2024,tin,scrap,RoW,EU27,0.0100924540127412
observed,2024,tin,scrap,RoW,RoW,0.988365125676429
observed,2024,zinc,concentrates,China,China,0.0
observed,2024,zinc,concentrates,China,EU27,0.0007863914113531461
observed,2024,zinc,concentrates,China,RoW,0.9992136085886468
observed,2024,zinc,concentrates,EU27,China,0.00012827901532907183
observed,2024,zinc,concentrates,EU27,EU27,0.38345806073466104
observed,2024,zinc,concentrates,EU27,RoW,0.6164136602500099
observed,2024,zinc,concentrates,RoW,China,0.0016419538816961877
observed,2024,zinc,concentrates,RoW,EU27,0.0669103657563847
observed,2024,zinc,concentrates,RoW,RoW,0.931447680361919
observed,2024,zinc,refined_metal,China,China,0.0
observed,2024,zinc,refined_metal,China,EU27,0.03913806855342013
observed,2024,zinc,refined_metal,China,RoW,0.9608619314465798
observed,2024,zinc,refined_metal,EU27,China,0.00010296361568993752
observed,2024,zinc,refined_metal,EU27,EU27,0.7949979619584963
observed,2024,zinc,refined_metal,EU27,RoW,0.2048990744258137
observed,2024,zinc,refined_metal,RoW,China,0.003655849242408527
observed,2024,zinc,refined_metal,RoW,EU27,0.6785537355335829
observed,2024,zinc,refined_metal,RoW,RoW,0.3177904152240084
observed,2024,zinc,scrap,China,China,0.0
observed,2024,zinc,scrap,China,EU27,1.2525877499384689e-06
observed,2024,zinc,scrap,China,RoW,0.99999874741225
observed,2024,zinc,scrap,EU27,China,2.493551689624157e-05
observed,2024,zinc,scrap,EU27,EU27,0.8015553228654255
observed,2024,zinc,scrap,EU27,RoW,0.19841974161767828
observed,2024,zinc,scrap,RoW,China,0.0007489517972205366
observed,2024,zinc,scrap,RoW,EU27,0.19352769757111324
observed,2024,zinc,scrap,RoW,RoW,0.8057233506316662
