year,material,commodity,origin_region,destination_region,flow_kt
1995,nickel,concentrates,China,China,0.0
1995,nickel,concentrates,China,EU27,0.0
1995,nickel,concentrates,China,RoW,483.06224999999995
1995,nickel,concentrates,EU27,China,6.9375
1995,nickel,concentrates,EU27,EU27,15375.5132
1995,nickel,concentrates,EU27,RoW,51210.645350000006
1995,nickel,concentrates,RoW,China,116.0289
1995,nickel,concentrates,RoW,EU27,148878.9348
1995,nickel,concentrates,RoW,RoW,4857522.7089
1995,nickel,refined_metal,China,China,0.0
1995,nickel,refined_metal,China,EU27,145.448
1995,nickel,refined_metal,China,RoW,7445.030750000001
1995,nickel,refined_metal,EU27,China,68.0335
1995,nickel,refined_metal,EU27,EU27,42797.537800000006
1995,nickel,refined_metal,EU27,RoW,31682.27565
1995,nickel,refined_metal,RoW,China,2207.6641
1995,nickel,refined_metal,RoW,EU27,258288.9772
1995,nickel,refined_metal,RoW,RoW,509190.4561
1995,nickel,scrap,China,China,0.0
1995,nickel,scrap,China,EU27,26.398000000000003
1995,nickel,scrap,China,RoW,770.5360000000001
1995,nickel,scrap,EU27,China,0.9999999999999999
1995,nickel,scrap,EU27,EU27,42553.651000000005
1995,nickel,scrap,EU27,RoW,8043.744
1995,nickel,scrap,RoW,China,567.57
1995,nickel,scrap,RoW,EU27,19180.928999999996
1995,nickel,scrap,RoW,RoW,44274.637
1995,tin,concentrates,China,China,0.0
1995,tin,concentrates,China,EU27,0.0
1995,tin,concentrates,China,RoW,2820.069
1995,tin,concentrates,EU27,China,0.0
1995,tin,concentrates,EU27,EU27,632.7330000000001
1995,tin,concentrates,EU27,RoW,10016.431
1995,tin,concentrates,RoW,China,110.73400000000001
1995,tin,concentrates,RoW,EU27,2569.484
1995,tin,concentrates,RoW,RoW,149140.23599999998
1995,tin,refined_metal,China,China,0.0
1995,tin,refined_metal,China,EU27,21185.845
1995,tin,refined_metal,China,RoW,45613.856
1995,tin,refined_metal,EU27,China,32.549
1995,tin,refined_metal,EU27,EU27,18132.945
1995,tin,refined_metal,EU27,RoW,5760.054
1995,tin,refined_metal,RoW,China,6739.594
1995,tin,refined_metal,RoW,EU27,39279.633
1995,tin,refined_metal,RoW,RoW,172946.765
1995,tin,scrap,China,China,0.0
1995,tin,scrap,China,EU27,1.0
1995,tin,scrap,China,RoW,43.041
1995,tin,scrap,EU27,China,147.816
1995,tin,scrap,EU27,EU27,4319.306
1995,tin,scrap,EU27,RoW,449.57399999999996
1995,tin,scrap,RoW,China,1301.312
1995,tin,scrap,RoW,EU27,1801.4270000000001
1995,tin,scrap,RoW,RoW,28262.036999999997
1995,zinc,concentrates,China,China,0.0
1995,zinc,concentrates,China,EU27,10633.238399999998
1995,zinc,concentrates,China,RoW,198745.46439999997
1995,zinc,concentrates,EU27,China,24.488699999999998
1995,zinc,concentrates,EU27,EU27,921497.9537
1995,zinc,concentrates,EU27,RoW,277948.74629999994
1995,zinc,concentrates,RoW,China,90968.1906
1995,zinc,concentrates,RoW,EU27,2366321.9142
1995,zinc,concentrates,RoW,RoW,2724815.668
1995,zinc,refined_metal,China,China,0.0
1995,zinc,refined_metal,China,EU27,10519.919600000003
1995,zinc,refined_metal,China,RoW,275909.76709999994
1995,zinc,refined_metal,EU27,China,512.2153000000002
1995,zinc,refined_metal,EU27,EU27,868013.3623
1995,zinc,refined_metal,EU27,RoW,420656.4686999999
1995,zinc,refined_metal,RoW,China,15112.5854
1995,zinc,refined_metal,RoW,EU27,317153.6323
1995,zinc,refined_metal,RoW,RoW,1549352.0159999998
1995,zinc,scrap,China,China,0.0
1995,zinc,scrap,China,EU27,35.0
1995,zinc,scrap,China,RoW,11034.1775
1995,zinc,scrap,EU27,China,6961.754
1995,zinc,scrap,EU27,EU27,164416.627
1995,zinc,scrap,EU27,RoW,89652.224
1995,zinc,scrap,RoW,China,15520.628000000002
1995,zinc,scrap,RoW,EU27,39233.2875
1995,zinc,scrap,RoW,RoW,191538.485
1996,nickel,concentrates,China,China,0.0
1996,nickel,concentrates,China,EU27,0.0
1996,nickel,concentrates,China,RoW,53.7162
1996,nickel,concentrates,EU27,China,81.1341358676901
1996,nickel,concentrates,EU27,EU27,6437.533659032464
1996,nickel,concentrates,EU27,RoW,35882.74495509985
1996,nickel,concentrates,RoW,China,4006.4750893448672
1996,nickel,concentrates,RoW,EU27,187783.1489750861
1996,nickel,concentrates,RoW,RoW,5631012.012973069
1996,nickel,refined_metal,China,China,0.0
1996,nickel,refined_metal,China,EU27,82.88086263462819
1996,nickel,refined_metal,China,RoW,654.3805910484236
1996,nickel,refined_metal,EU27,China,162.93146985813263
1996,nickel,refined_metal,EU27,EU27,49514.588582997814
1996,nickel,refined_metal,EU27,RoW,32752.450284612773
1996,nickel,refined_metal,RoW,China,12147.802522226702
1996,nickel,refined_metal,RoW,EU27,197302.52965436756
1996,nickel,refined_metal,RoW,RoW,485165.1001743388
1996,nickel,scrap,China,China,0.0
1996,nickel,scrap,China,EU27,2.621322566524291
1996,nickel,scrap,China,RoW,156.6836774334757
1996,nickel,scrap,EU27,China,1.378134200796608
1996,nickel,scrap,EU27,EU27,22838.420339653156
1996,nickel,scrap,EU27,RoW,6967.795526146044
1996,nickel,scrap,RoW,China,264.33186579920346
1996,nickel,scrap,RoW,EU27,22086.743337780328
1996,nickel,scrap,RoW,RoW,48313.730046420475
1996,tin,concentrates,China,China,0.0
1996,tin,concentrates,China,EU27,463.82122308890337
1996,tin,concentrates,China,RoW,4137.3950269110965
1996,tin,concentrates,EU27,China,0.0
1996,tin,concentrates,EU27,EU27,2087.9463112011626
1996,tin,concentrates,EU27,RoW,9836.417938798839
1996,tin,concentrates,RoW,China,438.3577056417383
1996,tin,concentrates,RoW,EU27,67135.14651006823
1996,tin,concentrates,RoW,RoW,182423.62303429004
1996,tin,refined_metal,China,China,0.0
1996,tin,refined_metal,China,EU27,18206.637328943325
1996,tin,refined_metal,China,RoW,33676.29267105668
1996,tin,refined_metal,EU27,China,29.676304586509637
1996,tin,refined_metal,EU27,EU27,19270.589905642188
1996,tin,refined_metal,EU27,RoW,5520.817039771299
1996,tin,refined_metal,RoW,China,7415.982307433929
1996,tin,refined_metal,RoW,EU27,41294.94665705
1996,tin,refined_metal,RoW,RoW,182572.11053551608
1996,tin,scrap,China,China,0.0
1996,tin,scrap,China,EU27,3.7101699307502782
1996,tin,scrap,China,RoW,65.90583006924972
1996,tin,scrap,EU27,China,72.47096661886997
1996,tin,scrap,EU27,EU27,4784.70070053
1996,tin,scrap,EU27,RoW,666.0358328511293
1996,tin,scrap,RoW,China,758.6510333811301
1996,tin,scrap,RoW,EU27,984.480129539249
1996,tin,scrap,RoW,RoW,20121.35683707962
1996,zinc,concentrates,China,China,0.0
1996,zinc,concentrates,China,EU27,8026.815028622618
1996,zinc,concentrates,China,RoW,90057.1517713774
1996,zinc,concentrates,EU27,China,23.015563412857972
1996,zinc,concentrates,EU27,EU27,1556071.0801668921
1996,zinc,concentrates,EU27,RoW,304825.530844695
1996,zinc,concentrates,RoW,China,195641.51301672473
1996,zinc,concentrates,RoW,EU27,2718431.5112993484
1996,zinc,concentrates,RoW,RoW,2834258.0554839275
1996,zinc,refined_metal,China,China,0.0
1996,zinc,refined_metal,China,EU27,6720.129354825183
1996,zinc,refined_metal,China,RoW,256298.10284517484
1996,zinc,refined_metal,EU27,China,725.7312416898634
1996,zinc,refined_metal,EU27,EU27,918082.7401719316
1996,zinc,refined_metal,EU27,RoW,474002.4402613787
1996,zinc,refined_metal,RoW,China,14245.978558310135
1996,zinc,refined_metal,RoW,EU27,305522.0699732431
1996,zinc,refined_metal,RoW,RoW,1587143.1259184466
1996,zinc,scrap,China,China,0.0
1996,zinc,scrap,China,EU27,30.571696283792715
1996,zinc,scrap,China,RoW,3936.316303716207
1996,zinc,scrap,EU27,China,7908.341927773827
1996,zinc,scrap,EU27,EU27,186516.4722350862
1996,zinc,scrap,EU27,RoW,99350.670855439
1996,zinc,scrap,RoW,China,13149.343572226175
1996,zinc,scrap,RoW,EU27,36971.73305014459
1996,zinc,scrap,RoW,RoW,164246.77034084479
1997,nickel,concentrates,China,China,0.0
1997,nickel,concentrates,China,EU27,0.0
1997,nickel,concentrates,China,RoW,2268.39275
1997,nickel,concentrates,EU27,China,118.45142647163347
1997,nickel,concentrates,EU27,EU27,6682.525200002064
1997,nickel,concentrates,EU27,RoW,52125.0145735263
1997,nickel,concentrates,RoW,China,12542.325637554735
1997,nickel,concentrates,RoW,EU27,214318.26691046797
1997,nickel,concentrates,RoW,RoW,6007132.985726977
1997,nickel,refined_metal,China,China,0.0
1997,nickel,refined_metal,China,EU27,587.046471020422
1997,nickel,refined_metal,China,RoW,6367.892278979577
1997,nickel,refined_metal,EU27,China,104.47564051228946
1997,nickel,refined_metal,EU27,EU27,64296.08359963372
1997,nickel,refined_metal,EU27,RoW,33267.21678485399
1997,nickel,refined_metal,RoW,China,4540.682859487711
1997,nickel,refined_metal,RoW,EU27,228453.15700434582
1997,nickel,refined_metal,RoW,RoW,496725.08243616647
1997,nickel,scrap,China,China,0.0
1997,nickel,scrap,China,EU27,32.124913307537234
1997,nickel,scrap,China,RoW,801.7310866924628
1997,nickel,scrap,EU27,China,1.9698323459895697
1997,nickel,scrap,EU27,EU27,16527.990010911948
1997,nickel,scrap,EU27,RoW,13761.865156742064
1997,nickel,scrap,RoW,China,498.2441676540104
1997,nickel,scrap,RoW,EU27,24337.332075780512
1997,nickel,scrap,RoW,RoW,102856.10575656548
1997,tin,concentrates,China,China,0.0
1997,tin,concentrates,China,EU27,7.91529841045375
1997,tin,concentrates,China,RoW,3123.6409021468066
1997,tin,concentrates,EU27,China,0.0
1997,tin,concentrates,EU27,EU27,116.66499484254717
1997,tin,concentrates,EU27,RoW,8737.80134780217
1997,tin,concentrates,RoW,China,315.24674557101514
1997,tin,concentrates,RoW,EU27,2378.008706746999
1997,tin,concentrates,RoW,RoW,82109.28975005104
1997,tin,refined_metal,China,China,0.0
1997,tin,refined_metal,China,EU27,17646.935154665454
1997,tin,refined_metal,China,RoW,30369.28284533455
1997,tin,refined_metal,EU27,China,44.75675523861482
1997,tin,refined_metal,EU27,EU27,18892.649090049603
1997,tin,refined_metal,EU27,RoW,6713.35615471178
1997,tin,refined_metal,RoW,China,8292.865931492626
1997,tin,refined_metal,RoW,EU27,43488.530838798055
1997,tin,refined_metal,RoW,RoW,192326.84972970933
1997,tin,scrap,China,China,0.0
1997,tin,scrap,China,EU27,5.3383308959639235
1997,tin,scrap,China,RoW,105.81166910403608
1997,tin,scrap,EU27,China,29.26891605912807
1997,tin,scrap,EU27,EU27,3689.6898868969
1997,tin,scrap,EU27,RoW,509.12019704397187
1997,tin,scrap,RoW,China,406.07408394087196
1997,tin,scrap,RoW,EU27,1389.1967822071365
1997,tin,scrap,RoW,RoW,14911.41613385199
1997,zinc,concentrates,China,China,0.0
1997,zinc,concentrates,China,EU27,36604.104524553935
1997,zinc,concentrates,China,RoW,273487.1765754461
1997,zinc,concentrates,EU27,China,22.573840336317517
1997,zinc,concentrates,EU27,EU27,1902307.765387319
1997,zinc,concentrates,EU27,RoW,325898.2155223449
1997,zinc,concentrates,RoW,China,206296.99186675576
1997,zinc,concentrates,RoW,EU27,2770893.5375310346
1997,zinc,concentrates,RoW,RoW,2894627.9578022086
1997,zinc,refined_metal,China,China,0.0
1997,zinc,refined_metal,China,EU27,11334.230188598516
1997,zinc,refined_metal,China,RoW,451581.62121140154
1997,zinc,refined_metal,EU27,China,542.0388241426378
1997,zinc,refined_metal,EU27,EU27,949765.1649439576
1997,zinc,refined_metal,EU27,RoW,489311.22198189964
1997,zinc,refined_metal,RoW,China,11063.894875857362
1997,zinc,refined_metal,RoW,EU27,334157.4024496294
1997,zinc,refined_metal,RoW,RoW,1666926.6809245131
1997,zinc,scrap,China,China,0.0
1997,zinc,scrap,China,EU27,33.671085501796775
1997,zinc,scrap,China,RoW,2034.8674144982033
1997,zinc,scrap,EU27,China,9260.521360672285
1997,zinc,scrap,EU27,EU27,233760.40321631156
1997,zinc,scrap,EU27,RoW,130252.67242301616
1997,zinc,scrap,RoW,China,12891.584639327715
1997,zinc,scrap,RoW,EU27,39032.513731614905
1997,zinc,scrap,RoW,RoW,166037.33362905734
1998,nickel,concentrates,China,China,0.0
1998,nickel,concentrates,China,EU27,0.0
1998,nickel,concentrates,China,RoW,66.36067421007985
1998,nickel,concentrates,EU27,China,21.30017891601289
1998,nickel,concentrates,EU27,EU27,3446.172323470172
1998,nickel,concentrates,EU27,RoW,65085.44249563227
1998,nickel,concentrates,RoW,China,1978.835321083987
1998,nickel,concentrates,RoW,EU27,255600.09483859217
1998,nickel,concentrates,RoW,RoW,5687752.391780158
1998,nickel,refined_metal,China,China,0.0
1998,nickel,refined_metal,China,EU27,764.2300435063007
1998,nickel,refined_metal,China,RoW,8025.0252064936985
1998,nickel,refined_metal,EU27,China,189.4310857178872
1998,nickel,refined_metal,EU27,EU27,79725.3421698538
1998,nickel,refined_metal,EU27,RoW,29886.023669428312
1998,nickel,refined_metal,RoW,China,8030.400414282113
1998,nickel,refined_metal,RoW,EU27,246416.8831366399
1998,nickel,refined_metal,RoW,RoW,522331.49917407805
1998,nickel,scrap,China,China,0.0
1998,nickel,scrap,China,EU27,27.343379360473968
1998,nickel,scrap,China,RoW,730.2886206395261
1998,nickel,scrap,EU27,China,3.408681468895051
1998,nickel,scrap,EU27,EU27,15819.128271014752
1998,nickel,scrap,EU27,RoW,10702.120047516353
1998,nickel,scrap,RoW,China,343.46831853110496
1998,nickel,scrap,RoW,EU27,21380.259349624772
1998,nickel,scrap,RoW,RoW,92921.11233184412
1998,tin,concentrates,China,China,0.0
1998,tin,concentrates,China,EU27,6.148995565013527
1998,tin,concentrates,China,RoW,509.66300443498653
1998,tin,concentrates,EU27,China,0.0
1998,tin,concentrates,EU27,EU27,2875.8963463663895
1998,tin,concentrates,EU27,RoW,10351.986903633611
1998,tin,concentrates,RoW,China,386.3796988561371
1998,tin,concentrates,RoW,EU27,8159.193658068599
1998,tin,concentrates,RoW,RoW,49458.47864307527
1998,tin,refined_metal,China,China,0.0
1998,tin,refined_metal,China,EU27,25450.104012342894
1998,tin,refined_metal,China,RoW,41983.68373765711
1998,tin,refined_metal,EU27,China,56.630426957475684
1998,tin,refined_metal,EU27,EU27,19761.018185227647
1998,tin,refined_metal,EU27,RoW,6440.361637814876
1998,tin,refined_metal,RoW,China,8559.517010837772
1998,tin,refined_metal,RoW,EU27,40972.464261149
1998,tin,refined_metal,RoW,RoW,179243.25072801323
1998,tin,scrap,China,China,0.0
1998,tin,scrap,China,EU27,72.84118867025714
1998,tin,scrap,China,RoW,153.81656132974285
1998,tin,scrap,EU27,China,0.0
1998,tin,scrap,EU27,EU27,4377.533699418274
1998,tin,scrap,EU27,RoW,674.6653005817266
1998,tin,scrap,RoW,China,894.847
1998,tin,scrap,RoW,EU27,2679.726197626258
1998,tin,scrap,RoW,RoW,17066.879138088534
1998,zinc,concentrates,China,China,0.0
1998,zinc,concentrates,China,EU27,31225.32531712317
1998,zinc,concentrates,China,RoW,196145.4731828768
1998,zinc,concentrates,EU27,China,2.999219662561106
1998,zinc,concentrates,EU27,EU27,1505078.512313122
1998,zinc,concentrates,EU27,RoW,199279.1322490576
1998,zinc,concentrates,RoW,China,61476.796980337436
1998,zinc,concentrates,RoW,EU27,2847660.5724697546
1998,zinc,concentrates,RoW,RoW,3070187.9051458645
1998,zinc,refined_metal,China,China,0.0
1998,zinc,refined_metal,China,EU27,34680.527451687296
1998,zinc,refined_metal,China,RoW,494319.8220483127
1998,zinc,refined_metal,EU27,China,765.454910452954
1998,zinc,refined_metal,EU27,EU27,934263.36866202
1998,zinc,refined_metal,EU27,RoW,404685.82362752705
1998,zinc,refined_metal,RoW,China,12676.916889547045
1998,zinc,refined_metal,RoW,EU27,476006.64041129267
1998,zinc,refined_metal,RoW,RoW,1678120.7286241604
1998,zinc,scrap,China,China,0.0
1998,zinc,scrap,China,EU27,460.67032824402133
1998,zinc,scrap,China,RoW,5346.633968920725
1998,zinc,scrap,EU27,China,8532.55344932849
1998,zinc,scrap,EU27,EU27,220972.76846646625
1998,zinc,scrap,EU27,RoW,97096.65669080499
1998,zinc,scrap,RoW,China,23662.509084332192
1998,zinc,scrap,RoW,EU27,46734.3172052897
1998,zinc,scrap,RoW,RoW,153614.49134027434
1999,nickel,concentrates,China,China,0.0
1999,nickel,concentrates,China,EU27,0.0
1999,nickel,concentrates,China,RoW,514.6943
1999,nickel,concentrates,EU27,China,0.7944359701136294
1999,nickel,concentrates,EU27,EU27,1361.027927569332
1999,nickel,concentrates,EU27,RoW,17023.436336460552
1999,nickel,concentrates,RoW,China,314.3925640298864
1999,nickel,concentrates,RoW,EU27,259564.48551249888
1999,nickel,concentrates,RoW,RoW,6113211.986623471
1999,nickel,refined_metal,China,China,0.0
1999,nickel,refined_metal,China,EU27,55.62405392137337
1999,nickel,refined_metal,China,RoW,12329.960696078626
1999,nickel,refined_metal,EU27,China,201.30828296260788
1999,nickel,refined_metal,EU27,EU27,85118.47868679799
1999,nickel,refined_metal,EU27,RoW,28329.434330239408
1999,nickel,refined_metal,RoW,China,4824.044717037392
1999,nickel,refined_metal,RoW,EU27,262618.431552334
1999,nickel,refined_metal,RoW,RoW,530611.3624306286
1999,nickel,scrap,China,China,0.0
1999,nickel,scrap,China,EU27,29.585070433105805
1999,nickel,scrap,China,RoW,841.1477176359315
1999,nickel,scrap,EU27,China,12.340568494513713
1999,nickel,scrap,EU27,EU27,17521.037573507736
1999,nickel,scrap,EU27,RoW,14620.88273217675
1999,nickel,scrap,RoW,China,575.024015156577
1999,nickel,scrap,RoW,EU27,13711.978356059162
1999,nickel,scrap,RoW,RoW,115735.03755018735
1999,tin,concentrates,China,China,0.0
1999,tin,concentrates,China,EU27,21.952848989491912
1999,tin,concentrates,China,RoW,3414.082859964041
1999,tin,concentrates,EU27,China,0.26659156173597637
1999,tin,concentrates,EU27,EU27,493.73065652950874
1999,tin,concentrates,EU27,RoW,5670.278030159442
1999,tin,concentrates,RoW,China,1037.8011519055847
1999,tin,concentrates,RoW,EU27,1150.7004944809994
1999,tin,concentrates,RoW,RoW,98645.30510987651
1999,tin,refined_metal,China,China,0.0
1999,tin,refined_metal,China,EU27,23613.29229911579
1999,tin,refined_metal,China,RoW,45722.75570088423
1999,tin,refined_metal,EU27,China,90.34148631544598
1999,tin,refined_metal,EU27,EU27,16287.753438713005
1999,tin,refined_metal,EU27,RoW,10108.15907497155
1999,tin,refined_metal,RoW,China,9385.66901364888
1999,tin,refined_metal,RoW,EU27,35345.21726217121
1999,tin,refined_metal,RoW,RoW,181559.29072417997
1999,tin,scrap,China,China,0.0
1999,tin,scrap,China,EU27,231.4793193762563
1999,tin,scrap,China,RoW,242.67468062374368
1999,tin,scrap,EU27,China,0.0
1999,tin,scrap,EU27,EU27,4023.471321838184
1999,tin,scrap,EU27,RoW,1152.6516781618159
1999,tin,scrap,RoW,China,829.9856281284968
1999,tin,scrap,RoW,EU27,2522.287358785559
1999,tin,scrap,RoW,RoW,28012.503013085945
1999,zinc,concentrates,China,China,0.0
1999,zinc,concentrates,China,EU27,36293.29126703929
1999,zinc,concentrates,China,RoW,212385.0098329607
1999,zinc,concentrates,EU27,China,5.754034789230767
1999,zinc,concentrates,EU27,EU27,1424935.5285376231
1999,zinc,concentrates,EU27,RoW,228957.20112758788
1999,zinc,concentrates,RoW,China,50820.00556521077
1999,zinc,concentrates,RoW,EU27,2769595.1062953384
1999,zinc,concentrates,RoW,RoW,3307904.442339451
1999,zinc,refined_metal,China,China,0.0
1999,zinc,refined_metal,China,EU27,23887.54445761499
1999,zinc,refined_metal,China,RoW,541821.7829423851
1999,zinc,refined_metal,EU27,China,965.5701588021733
1999,zinc,refined_metal,EU27,EU27,979830.8649677703
1999,zinc,refined_metal,EU27,RoW,359593.08417342766
1999,zinc,refined_metal,RoW,China,10615.198892400103
1999,zinc,refined_metal,RoW,EU27,382080.1896476532
1999,zinc,refined_metal,RoW,RoW,1947660.3497599466
1999,zinc,scrap,China,China,0.0
1999,zinc,scrap,China,EU27,217.18573349777844
1999,zinc,scrap,China,RoW,10530.603766502221
1999,zinc,scrap,EU27,China,10311.587411401359
1999,zinc,scrap,EU27,EU27,227942.0958884299
1999,zinc,scrap,EU27,RoW,109918.50670016877
1999,zinc,scrap,RoW,China,21642.735168768137
1999,zinc,scrap,RoW,EU27,34289.59237807232
1999,zinc,scrap,RoW,RoW,190360.07295315954
2000,nickel,concentrates,China,China,0.0
2000,nickel,concentrates,China,EU27,0.04773038285867542
2000,nickel,concentrates,China,RoW,222.22776910659988
2000,nickel,concentrates,EU27,China,32.06849672459155
2000,nickel,concentrates,EU27,EU27,3283.2329745237075
2000,nickel,concentrates,EU27,RoW,29432.591717686217
2000,nickel,concentrates,RoW,China,1563.4046372228738
2000,nickel,concentrates,RoW,EU27,256787.11934509344
2000,nickel,concentrates,RoW,RoW,6760197.5742374845
2000,nickel,refined_metal,China,China,0.0
2000,nickel,refined_metal,China,EU27,34.39246624781221
2000,nickel,refined_metal,China,RoW,12192.80103375219
2000,nickel,refined_metal,EU27,China,209.07629119865322
2000,nickel,refined_metal,EU27,EU27,92916.86817698495
2000,nickel,refined_metal,EU27,RoW,30353.364981816427
2000,nickel,refined_metal,RoW,China,7961.931166770336
2000,nickel,refined_metal,RoW,EU27,272624.41728611663
2000,nickel,refined_metal,RoW,RoW,525724.5274971131
2000,nickel,scrap,China,China,0.0
2000,nickel,scrap,China,EU27,1.4690242625409364
2000,nickel,scrap,China,RoW,1200.908975737459
2000,nickel,scrap,EU27,China,31.01879239894546
2000,nickel,scrap,EU27,EU27,22041.676088330467
2000,nickel,scrap,EU27,RoW,10108.319119270589
2000,nickel,scrap,RoW,China,412.5176753927113
2000,nickel,scrap,RoW,EU27,11950.386699424436
2000,nickel,scrap,RoW,RoW,73275.00962518287
2000,tin,concentrates,China,China,0.0
2000,tin,concentrates,China,EU27,25.023077965090888
2000,tin,concentrates,China,RoW,3014.422395394634
2000,tin,concentrates,EU27,China,89.00621459384203
2000,tin,concentrates,EU27,EU27,1041.1270555549293
2000,tin,concentrates,EU27,RoW,14152.86511018028
2000,tin,concentrates,RoW,China,1140.3884238004503
2000,tin,concentrates,RoW,EU27,536.7628664799798
2000,tin,concentrates,RoW,RoW,65476.728494425086
2000,tin,refined_metal,China,China,0.0
2000,tin,refined_metal,China,EU27,25165.009973789613
2000,tin,refined_metal,China,RoW,47087.2310262104
2000,tin,refined_metal,EU27,China,112.66841113712304
2000,tin,refined_metal,EU27,EU27,15857.36105064778
2000,tin,refined_metal,EU27,RoW,7164.898538215097
2000,tin,refined_metal,RoW,China,10565.753306228004
2000,tin,refined_metal,RoW,EU27,36235.32519349444
2000,tin,refined_metal,RoW,RoW,189194.86950027756
2000,tin,scrap,China,China,0.0
2000,tin,scrap,China,EU27,375.7625337058626
2000,tin,scrap,China,RoW,328.7164662941375
2000,tin,scrap,EU27,China,0.0
2000,tin,scrap,EU27,EU27,4835.527628807298
2000,tin,scrap,EU27,RoW,889.850371192702
2000,tin,scrap,RoW,China,433.76
2000,tin,scrap,RoW,EU27,2587.6846958798037
2000,tin,scrap,RoW,RoW,26304.5833041202
2000,zinc,concentrates,China,China,0.0
2000,zinc,concentrates,China,EU27,19248.076056889124
2000,zinc,concentrates,China,RoW,158798.5087431109
2000,zinc,concentrates,EU27,China,172.96618356876428
2000,zinc,concentrates,EU27,EU27,1450676.6264969653
2000,zinc,concentrates,EU27,RoW,246553.14351946602
2000,zinc,concentrates,RoW,China,70893.13634962378
2000,zinc,concentrates,RoW,EU27,2820762.003646145
2000,zinc,concentrates,RoW,RoW,3485715.4179042317
2000,zinc,refined_metal,China,China,0.0
2000,zinc,refined_metal,China,EU27,53809.35125924765
2000,zinc,refined_metal,China,RoW,585592.6648407524
2000,zinc,refined_metal,EU27,China,1963.3356763547492
2000,zinc,refined_metal,EU27,EU27,1054885.6535044687
2000,zinc,refined_metal,EU27,RoW,284160.24461917626
2000,zinc,refined_metal,RoW,China,16520.281429487062
2000,zinc,refined_metal,RoW,EU27,433564.3575304415
2000,zinc,refined_metal,RoW,RoW,1943864.561840071
2000,zinc,scrap,China,China,0.0
2000,zinc,scrap,China,EU27,166.85928839822753
2000,zinc,scrap,China,RoW,9916.243685102527
2000,zinc,scrap,EU27,China,13874.144136124612
2000,zinc,scrap,EU27,EU27,226017.53622229357
2000,zinc,scrap,EU27,RoW,82303.71813721179
2000,zinc,scrap,RoW,China,40528.86055708232
2000,zinc,scrap,RoW,EU27,31651.798989308194
2000,zinc,scrap,RoW,RoW,184752.9231776857
2001,nickel,concentrates,China,China,0.0
2001,nickel,concentrates,China,EU27,25.059028395880123
2001,nickel,concentrates,China,RoW,257.8793985541291
2001,nickel,concentrates,EU27,China,153.45542994453578
2001,nickel,concentrates,EU27,EU27,5504.669820835709
2001,nickel,concentrates,EU27,RoW,37505.30687624416
2001,nickel,concentrates,RoW,China,3648.2265543105655
2001,nickel,concentrates,RoW,EU27,308791.8133007685
2001,nickel,concentrates,RoW,RoW,7257711.147875201
2001,nickel,refined_metal,China,China,0.0
2001,nickel,refined_metal,China,EU27,54.95238452156549
2001,nickel,refined_metal,China,RoW,4242.166565478435
2001,nickel,refined_metal,EU27,China,420.79649421348824
2001,nickel,refined_metal,EU27,EU27,96391.41107142562
2001,nickel,refined_metal,EU27,RoW,34905.55073436088
2001,nickel,refined_metal,RoW,China,13491.776963496557
2001,nickel,refined_metal,RoW,EU27,343851.6900363428
2001,nickel,refined_metal,RoW,RoW,581567.5905501606
2001,nickel,scrap,China,China,0.0
2001,nickel,scrap,China,EU27,17.034410483906004
2001,nickel,scrap,China,RoW,370.661755857888
2001,nickel,scrap,EU27,China,92.52457571626137
2001,nickel,scrap,EU27,EU27,27600.588667700522
2001,nickel,scrap,EU27,RoW,12312.534404601094
2001,nickel,scrap,RoW,China,722.2808294140466
2001,nickel,scrap,RoW,EU27,14768.732921815572
2001,nickel,scrap,RoW,RoW,62978.57383954101
2001,tin,concentrates,China,China,0.0
2001,tin,concentrates,China,EU27,88.59831718090983
2001,tin,concentrates,China,RoW,3349.9346828190905
2001,tin,concentrates,EU27,China,287.4443937828839
2001,tin,concentrates,EU27,EU27,233.5794860013926
2001,tin,concentrates,EU27,RoW,4311.955120215724
2001,tin,concentrates,RoW,China,1989.689704795891
2001,tin,concentrates,RoW,EU27,1552.7440403863925
2001,tin,concentrates,RoW,RoW,97420.91225481771
2001,tin,refined_metal,China,China,0.0
2001,tin,refined_metal,China,EU27,27988.951516181412
2001,tin,refined_metal,China,RoW,44670.62173862602
2001,tin,refined_metal,EU27,China,144.0345982369791
2001,tin,refined_metal,EU27,EU27,15031.620509669347
2001,tin,refined_metal,EU27,RoW,6797.255357100616
2001,tin,refined_metal,RoW,China,11421.70032251235
2001,tin,refined_metal,RoW,EU27,38775.570655073956
2001,tin,refined_metal,RoW,RoW,159531.9449042734
2001,tin,scrap,China,China,0.0
2001,tin,scrap,China,EU27,84.11048929356582
2001,tin,scrap,China,RoW,112.0227673451534
2001,tin,scrap,EU27,China,0.0
2001,tin,scrap,EU27,EU27,6443.957456775086
2001,tin,scrap,EU27,RoW,903.1659034770423
2001,tin,scrap,RoW,China,875.5678820536032
2001,tin,scrap,RoW,EU27,2638.264053931348
2001,tin,scrap,RoW,RoW,35453.811329177806
2001,zinc,concentrates,China,China,0.0
2001,zinc,concentrates,China,EU27,2496.4026922519297
2001,zinc,concentrates,China,RoW,19412.117207748073
2001,zinc,concentrates,EU27,China,7807.721843645852
2001,zinc,concentrates,EU27,EU27,1458636.7790946374
2001,zinc,concentrates,EU27,RoW,254207.25306171642
2001,zinc,concentrates,RoW,China,232437.3001254263
2001,zinc,concentrates,RoW,EU27,2640808.208224448
2001,zinc,concentrates,RoW,RoW,3579734.6118501266
2001,zinc,refined_metal,China,China,0.0
2001,zinc,refined_metal,China,EU27,69103.15953074921
2001,zinc,refined_metal,China,RoW,580091.4925692508
2001,zinc,refined_metal,EU27,China,3151.383491767626
2001,zinc,refined_metal,EU27,EU27,1117689.98741344
2001,zinc,refined_metal,EU27,RoW,245269.03967085792
2001,zinc,refined_metal,RoW,China,21883.031508232372
2001,zinc,refined_metal,RoW,EU27,435433.2925357912
2001,zinc,refined_metal,RoW,RoW,2017375.520459891
2001,zinc,scrap,China,China,0.0
2001,zinc,scrap,China,EU27,241.86159721967888
2001,zinc,scrap,China,RoW,2364.0519461704
2001,zinc,scrap,EU27,China,20964.496933278566
2001,zinc,scrap,EU27,EU27,245763.99645556568
2001,zinc,scrap,EU27,RoW,78856.90693049833
2001,zinc,scrap,RoW,China,42068.66840525953
2001,zinc,scrap,RoW,EU27,34988.74244721466
2001,zinc,scrap,RoW,RoW,158537.03112333128
2002,nickel,concentrates,China,China,0.0
2002,nickel,concentrates,China,EU27,25.376527939547334
2002,nickel,concentrates,China,RoW,307.44631255559506
2002,nickel,concentrates,EU27,China,1338.482508535877
2002,nickel,concentrates,EU27,EU27,4541.97574874095
2002,nickel,concentrates,EU27,RoW,27014.893400693287
2002,nickel,concentrates,RoW,China,6789.840452265541
2002,nickel,concentrates,RoW,EU27,209910.9302733195
2002,nickel,concentrates,RoW,RoW,6708803.720286752
2002,nickel,refined_metal,China,China,0.0
2002,nickel,refined_metal,China,EU27,172.21333893669194
2002,nickel,refined_metal,China,RoW,3121.779611063308
2002,nickel,refined_metal,EU27,China,567.3744750526273
2002,nickel,refined_metal,EU27,EU27,96905.4805554022
2002,nickel,refined_metal,EU27,RoW,38027.79151954515
2002,nickel,refined_metal,RoW,China,26637.738029105854
2002,nickel,refined_metal,RoW,EU27,415556.5866515026
2002,nickel,refined_metal,RoW,RoW,553743.7868693916
2002,nickel,scrap,China,China,0.0
2002,nickel,scrap,China,EU27,0.34752660395220153
2002,nickel,scrap,China,RoW,474.6294733960478
2002,nickel,scrap,EU27,China,80.49808995695254
2002,nickel,scrap,EU27,EU27,25621.439336715306
2002,nickel,scrap,EU27,RoW,13389.817573327735
2002,nickel,scrap,RoW,China,837.1979100430475
2002,nickel,scrap,RoW,EU27,18605.844136680742
2002,nickel,scrap,RoW,RoW,110599.84895327623
2002,tin,concentrates,China,China,0.0
2002,tin,concentrates,China,EU27,42.521298924501124
2002,tin,concentrates,China,RoW,1091.9788315016467
2002,tin,concentrates,EU27,China,379.0330306046851
2002,tin,concentrates,EU27,EU27,570.3379554404647
2002,tin,concentrates,EU27,RoW,2178.4043636099245
2002,tin,concentrates,RoW,China,3071.7342240801286
2002,tin,concentrates,RoW,EU27,1148.4947456350337
2002,tin,concentrates,RoW,RoW,60938.06780488843
2002,tin,refined_metal,China,China,0.0
2002,tin,refined_metal,China,EU27,18918.455844428023
2002,tin,refined_metal,China,RoW,37137.998155571986
2002,tin,refined_metal,EU27,China,163.93898214449703
2002,tin,refined_metal,EU27,EU27,17361.522345497317
2002,tin,refined_metal,EU27,RoW,6272.057672358188
2002,tin,refined_metal,RoW,China,10464.514518635007
2002,tin,refined_metal,RoW,EU27,64083.87450226278
2002,tin,refined_metal,RoW,RoW,161447.55897910224
2002,tin,scrap,China,China,0.0
2002,tin,scrap,China,EU27,14.243548969980584
2002,tin,scrap,China,RoW,68.34345103001942
2002,tin,scrap,EU27,China,0.0
2002,tin,scrap,EU27,EU27,7401.912910044887
2002,tin,scrap,EU27,RoW,592.8540899551126
2002,tin,scrap,RoW,China,981.428
2002,tin,scrap,RoW,EU27,4182.110999917996
2002,tin,scrap,RoW,RoW,32970.649459014865
2002,zinc,concentrates,China,China,0.0
2002,zinc,concentrates,China,EU27,4061.125571610015
2002,zinc,concentrates,China,RoW,14281.429528389983
2002,zinc,concentrates,EU27,China,9844.89751296957
2002,zinc,concentrates,EU27,EU27,1337125.3553284465
2002,zinc,concentrates,EU27,RoW,224115.62185858405
2002,zinc,concentrates,RoW,China,495124.0255660354
2002,zinc,concentrates,RoW,EU27,2951519.165737398
2002,zinc,concentrates,RoW,RoW,4173977.0865965676
2002,zinc,refined_metal,China,China,0.0
2002,zinc,refined_metal,China,EU27,37870.38034690027
2002,zinc,refined_metal,China,RoW,535564.2380530997
2002,zinc,refined_metal,EU27,China,5384.343713939523
2002,zinc,refined_metal,EU27,EU27,1098841.2484147795
2002,zinc,refined_metal,EU27,RoW,261888.30987128094
2002,zinc,refined_metal,RoW,China,43483.81357182684
2002,zinc,refined_metal,RoW,EU27,491864.28953832015
2002,zinc,refined_metal,RoW,RoW,2590643.7497898526
2002,zinc,scrap,China,China,0.0
2002,zinc,scrap,China,EU27,10.036986562178514
2002,zinc,scrap,China,RoW,4381.264513437822
2002,zinc,scrap,EU27,China,26106.398013332713
2002,zinc,scrap,EU27,EU27,243532.57069671105
2002,zinc,scrap,EU27,RoW,78533.22128995626
2002,zinc,scrap,RoW,China,49747.00798666729
2002,zinc,scrap,RoW,EU27,46212.98881672676
2002,zinc,scrap,RoW,RoW,253321.14719660592
2003,nickel,concentrates,China,China,0.0
2003,nickel,concentrates,China,EU27,0.9574878381511192
2003,nickel,concentrates,China,RoW,10.510212161848882
2003,nickel,concentrates,EU27,China,2490.1188331425105
2003,nickel,concentrates,EU27,EU27,5808.400520322623
2003,nickel,concentrates,EU27,RoW,34655.15489653486
2003,nickel,concentrates,RoW,China,8149.910866857489
2003,nickel,concentrates,RoW,EU27,212825.64049183924
2003,nickel,concentrates,RoW,RoW,7868334.719091302
2003,nickel,refined_metal,China,China,0.0
2003,nickel,refined_metal,China,EU27,68.44972823463864
2003,nickel,refined_metal,China,RoW,7586.490571765363
2003,nickel,refined_metal,EU27,China,663.1787304609364
2003,nickel,refined_metal,EU27,EU27,76429.49599477803
2003,nickel,refined_metal,EU27,RoW,38994.519024761044
2003,nickel,refined_metal,RoW,China,45040.85997759473
2003,nickel,refined_metal,RoW,EU27,403367.83277698734
2003,nickel,refined_metal,RoW,RoW,606095.5846954178
2003,nickel,scrap,China,China,0.0
2003,nickel,scrap,China,EU27,0.0
2003,nickel,scrap,China,RoW,474.29900000000004
2003,nickel,scrap,EU27,China,47.96885917313785
2003,nickel,scrap,EU27,EU27,25063.717462363595
2003,nickel,scrap,EU27,RoW,14222.419678463264
2003,nickel,scrap,RoW,China,643.9181408268623
2003,nickel,scrap,RoW,EU27,13244.484537636412
2003,nickel,scrap,RoW,RoW,85606.21632153673
2003,tin,concentrates,China,China,0.0
2003,tin,concentrates,China,EU27,0.614382265211961
2003,tin,concentrates,China,RoW,438.5595281734303
2003,tin,concentrates,EU27,China,498.99555681513266
2003,tin,concentrates,EU27,EU27,331.55762932425637
2003,tin,concentrates,EU27,RoW,712.660813860611
2003,tin,concentrates,RoW,China,2588.7563536235198
2003,tin,concentrates,RoW,EU27,306.58598841053174
2003,tin,concentrates,RoW,RoW,32696.790657965954
2003,tin,refined_metal,China,China,0.0
2003,tin,refined_metal,China,EU27,13079.416235926914
2003,tin,refined_metal,China,RoW,36321.670092563734
2003,tin,refined_metal,EU27,China,250.83075458684476
2003,tin,refined_metal,EU27,EU27,13224.260808084298
2003,tin,refined_metal,EU27,RoW,8682.919161569067
2003,tin,refined_metal,RoW,China,12526.222699119437
2003,tin,refined_metal,RoW,EU27,64242.25395598878
2003,tin,refined_metal,RoW,RoW,181274.1237458672
2003,tin,scrap,China,China,0.0
2003,tin,scrap,China,EU27,9.989812998794106
2003,tin,scrap,China,RoW,37.05528255895286
2003,tin,scrap,EU27,China,0.0
2003,tin,scrap,EU27,EU27,5328.567974025175
2003,tin,scrap,EU27,RoW,348.5965556120505
2003,tin,scrap,RoW,China,1480.7879379945027
2003,tin,scrap,RoW,EU27,2998.5712129760323
2003,tin,scrap,RoW,RoW,13893.618161828997
2003,zinc,concentrates,China,China,0.0
2003,zinc,concentrates,China,EU27,3570.4093618328548
2003,zinc,concentrates,China,RoW,8581.797138167145
2003,zinc,concentrates,EU27,China,10656.779833110175
2003,zinc,concentrates,EU27,EU27,1485920.742121423
2003,zinc,concentrates,EU27,RoW,224074.23204546652
2003,zinc,concentrates,RoW,China,719489.1015575468
2003,zinc,concentrates,RoW,EU27,2860890.158026087
2003,zinc,concentrates,RoW,RoW,4231297.986016367
2003,zinc,refined_metal,China,China,0.0
2003,zinc,refined_metal,China,EU27,34732.50212148753
2003,zinc,refined_metal,China,RoW,495536.424386391
2003,zinc,refined_metal,EU27,China,6238.209711441104
2003,zinc,refined_metal,EU27,EU27,1209293.7680299398
2003,zinc,refined_metal,EU27,RoW,214300.01530926075
2003,zinc,refined_metal,RoW,China,69323.27729242959
2003,zinc,refined_metal,RoW,EU27,407466.5569400235
2003,zinc,refined_metal,RoW,RoW,2309410.3491043486
2003,zinc,scrap,China,China,0.0
2003,zinc,scrap,China,EU27,19.791298694409676
2003,zinc,scrap,China,RoW,3263.0695789327524
2003,zinc,scrap,EU27,China,36682.97055937863
2003,zinc,scrap,EU27,EU27,242053.72809537436
2003,zinc,scrap,EU27,RoW,69672.87762684555
2003,zinc,scrap,RoW,China,53230.57168238226
2003,zinc,scrap,RoW,EU27,41070.77910593125
2003,zinc,scrap,RoW,RoW,216617.58179422168
2004,nickel,concentrates,China,China,0.0
2004,nickel,concentrates,China,EU27,0.4494690868714156
2004,nickel,concentrates,China,RoW,13.716980913128586
2004,nickel,concentrates,EU27,China,1177.8019452608883
2004,nickel,concentrates,EU27,EU27,4107.984099878622
2004,nickel,concentrates,EU27,RoW,12909.90860486049
2004,nickel,concentrates,RoW,China,41282.96467473735
2004,nickel,concentrates,RoW,EU27,210630.50093103453
2004,nickel,concentrates,RoW,RoW,8246504.298594229
2004,nickel,refined_metal,China,China,0.0
2004,nickel,refined_metal,China,EU27,153.17392724769795
2004,nickel,refined_metal,China,RoW,11672.887622752303
2004,nickel,refined_metal,EU27,China,933.5735913284907
2004,nickel,refined_metal,EU27,EU27,83355.4420251127
2004,nickel,refined_metal,EU27,RoW,42259.43573355883
2004,nickel,refined_metal,RoW,China,56674.70015312165
2004,nickel,refined_metal,RoW,EU27,404816.41854763957
2004,nickel,refined_metal,RoW,RoW,625645.1960992386
2004,nickel,scrap,China,China,0.0
2004,nickel,scrap,China,EU27,0.0
2004,nickel,scrap,China,RoW,555.3749015421726
2004,nickel,scrap,EU27,China,32.12536861254337
2004,nickel,scrap,EU27,EU27,24054.73665128187
2004,nickel,scrap,EU27,RoW,10768.603980105592
2004,nickel,scrap,RoW,China,702.2812651985251
2004,nickel,scrap,RoW,EU27,15457.664616449247
2004,nickel,scrap,RoW,RoW,54974.716118352226
2004,tin,concentrates,China,China,0.0
2004,tin,concentrates,China,EU27,31.586255697709248
2004,tin,concentrates,China,RoW,669.0149885369038
2004,tin,concentrates,EU27,China,815.884866385315
2004,tin,concentrates,EU27,EU27,882.729124240035
2004,tin,concentrates,EU27,RoW,931.9646851647891
2004,tin,concentrates,RoW,China,4619.375196541534
2004,tin,concentrates,RoW,EU27,563.0006200622557
2004,tin,concentrates,RoW,RoW,37437.4203262983
2004,tin,refined_metal,China,China,0.0
2004,tin,refined_metal,China,EU27,8853.911433532981
2004,tin,refined_metal,China,RoW,40714.992883706545
2004,tin,refined_metal,EU27,China,235.32252305254514
2004,tin,refined_metal,EU27,EU27,11669.659500398653
2004,tin,refined_metal,EU27,RoW,7849.342278372812
2004,tin,refined_metal,RoW,China,19171.297138751812
2004,tin,refined_metal,RoW,EU27,68945.60206606837
2004,tin,refined_metal,RoW,RoW,259815.60055175552
2004,tin,scrap,China,China,0.0
2004,tin,scrap,China,EU27,0.0003197079836441568
2004,tin,scrap,China,RoW,98.99419378200234
2004,tin,scrap,EU27,China,0.0
2004,tin,scrap,EU27,EU27,7572.275734481117
2004,tin,scrap,EU27,RoW,739.792471468589
2004,tin,scrap,RoW,China,3167.8307194396934
2004,tin,scrap,RoW,EU27,4071.202945810899
2004,tin,scrap,RoW,RoW,24472.78433474941
2004,zinc,concentrates,China,China,0.0
2004,zinc,concentrates,China,EU27,2303.500682022506
2004,zinc,concentrates,China,RoW,4912.275617977494
2004,zinc,concentrates,EU27,China,3549.113471581379
2004,zinc,concentrates,EU27,EU27,1987401.2668022455
2004,zinc,concentrates,EU27,RoW,243138.3400261731
2004,zinc,concentrates,RoW,China,609964.1658284186
2004,zinc,concentrates,RoW,EU27,2867262.732115732
2004,zinc,concentrates,RoW,RoW,3965817.9749558493
2004,zinc,refined_metal,China,China,0.0
2004,zinc,refined_metal,China,EU27,35900.67380952087
2004,zinc,refined_metal,China,RoW,346530.5233904791
2004,zinc,refined_metal,EU27,China,7167.903753946991
2004,zinc,refined_metal,EU27,EU27,1334587.737069961
2004,zinc,refined_metal,EU27,RoW,223313.602376092
2004,zinc,refined_metal,RoW,China,176244.11585437105
2004,zinc,refined_metal,RoW,EU27,470416.9836122002
2004,zinc,refined_metal,RoW,RoW,2411482.8076334284
2004,zinc,scrap,China,China,0.0
2004,zinc,scrap,China,EU27,10.603666016231275
2004,zinc,scrap,China,RoW,940.1178339837687
2004,zinc,scrap,EU27,China,46554.25515755342
2004,zinc,scrap,EU27,EU27,254327.29173803632
2004,zinc,scrap,EU27,RoW,71425.02660441029
2004,zinc,scrap,RoW,China,56246.88265627468
2004,zinc,scrap,RoW,EU27,40379.000675070434
2004,zinc,scrap,RoW,RoW,252655.26066865487
2005,nickel,concentrates,China,China,0.0
2005,nickel,concentrates,China,EU27,14.08971530208116
2005,nickel,concentrates,China,RoW,318.7518641185381
2005,nickel,concentrates,EU27,China,13685.96261112826
2005,nickel,concentrates,EU27,EU27,7516.548327950608
2005,nickel,concentrates,EU27,RoW,21960.487916622515
2005,nickel,concentrates,RoW,China,239491.4535415101
2005,nickel,concentrates,RoW,EU27,297859.7676067473
2005,nickel,concentrates,RoW,RoW,9024692.399919258
2005,nickel,refined_metal,China,China,0.0
2005,nickel,refined_metal,China,EU27,168.35667413639106
2005,nickel,refined_metal,China,RoW,11656.193072823902
2005,nickel,refined_metal,EU27,China,1747.2400262974984
2005,nickel,refined_metal,EU27,EU27,82292.09590936059
2005,nickel,refined_metal,EU27,RoW,33012.19401209416
2005,nickel,refined_metal,RoW,China,74512.36208932489
2005,nickel,refined_metal,RoW,EU27,408866.41376650304
2005,nickel,refined_metal,RoW,RoW,655254.1022150819
2005,nickel,scrap,China,China,0.0
2005,nickel,scrap,China,EU27,28.010546932527966
2005,nickel,scrap,China,RoW,555.889244731185
2005,nickel,scrap,EU27,China,229.89626039484997
2005,nickel,scrap,EU27,EU27,23287.222776665505
2005,nickel,scrap,EU27,RoW,12658.327182369025
2005,nickel,scrap,RoW,China,1391.8406613333655
2005,nickel,scrap,RoW,EU27,19275.333676401966
2005,nickel,scrap,RoW,RoW,60603.66157289979
2005,tin,concentrates,China,China,0.0
2005,tin,concentrates,China,EU27,9.126745340433484
2005,tin,concentrates,China,RoW,850.499284632966
2005,tin,concentrates,EU27,China,813.7914145769518
2005,tin,concentrates,EU27,EU27,921.737281691618
2005,tin,concentrates,EU27,RoW,1347.5351727491143
2005,tin,concentrates,RoW,China,3505.5305854230483
2005,tin,concentrates,RoW,EU27,1272.815844226243
2005,tin,concentrates,RoW,RoW,44454.96554261792
2005,tin,refined_metal,China,China,0.0
2005,tin,refined_metal,China,EU27,6979.756552994026
2005,tin,refined_metal,China,RoW,25091.49817398481
2005,tin,refined_metal,EU27,China,247.100410133715
2005,tin,refined_metal,EU27,EU27,18212.46686157445
2005,tin,refined_metal,EU27,RoW,8637.797858319725
2005,tin,refined_metal,RoW,China,24412.229134596135
2005,tin,refined_metal,RoW,EU27,68220.10158543153
2005,tin,refined_metal,RoW,RoW,280855.6529676955
2005,tin,scrap,China,China,0.0
2005,tin,scrap,China,EU27,0.00011287238813048341
2005,tin,scrap,China,RoW,48.09988712761187
2005,tin,scrap,EU27,China,0.0
2005,tin,scrap,EU27,EU27,3746.3673555133905
2005,tin,scrap,EU27,RoW,2227.1376444866096
2005,tin,scrap,RoW,China,8125.641414501603
2005,tin,scrap,RoW,EU27,2965.0725316142225
2005,tin,scrap,RoW,RoW,28132.97005388417
2005,zinc,concentrates,China,China,0.0
2005,zinc,concentrates,China,EU27,1525.7225228585007
2005,zinc,concentrates,China,RoW,4671.287777141499
2005,zinc,concentrates,EU27,China,84.09406242132341
2005,zinc,concentrates,EU27,EU27,2191050.1322005573
2005,zinc,concentrates,EU27,RoW,261288.2575370214
2005,zinc,concentrates,RoW,China,677402.7838523327
2005,zinc,concentrates,RoW,EU27,2878439.97576183
2005,zinc,concentrates,RoW,RoW,3874672.394085837
2005,zinc,refined_metal,China,China,0.0
2005,zinc,refined_metal,China,EU27,15034.512111081833
2005,zinc,refined_metal,China,RoW,199082.27614942624
2005,zinc,refined_metal,EU27,China,53626.002983115075
2005,zinc,refined_metal,EU27,EU27,1370520.5100450693
2005,zinc,refined_metal,EU27,RoW,242575.0391718156
2005,zinc,refined_metal,RoW,China,344928.1950773931
2005,zinc,refined_metal,RoW,EU27,395876.47444384906
2005,zinc,refined_metal,RoW,RoW,2379927.023778758
2005,zinc,scrap,China,China,0.0
2005,zinc,scrap,China,EU27,12.427352266121401
2005,zinc,scrap,China,RoW,1389.5046477338788
2005,zinc,scrap,EU27,China,59153.40035215547
2005,zinc,scrap,EU27,EU27,276143.8239001418
2005,zinc,scrap,EU27,RoW,79555.5307477027
2005,zinc,scrap,RoW,China,78815.0635620604
2005,zinc,scrap,RoW,EU27,58570.629316227925
2005,zinc,scrap,RoW,RoW,327550.6051217118
2006,nickel,concentrates,China,China,0.0
2006,nickel,concentrates,China,EU27,12.719911041145753
2006,nickel,concentrates,China,RoW,257.17503895885426
2006,nickel,concentrates,EU27,China,51544.264158281134
2006,nickel,concentrates,EU27,EU27,15066.301394917062
2006,nickel,concentrates,EU27,RoW,45893.259846801804
2006,nickel,concentrates,RoW,China,1276556.049762271
2006,nickel,concentrates,RoW,EU27,226894.86858926676
2006,nickel,concentrates,RoW,RoW,8288532.145898462
2006,nickel,refined_metal,China,China,0.0
2006,nickel,refined_metal,China,EU27,298.6913528059025
2006,nickel,refined_metal,China,RoW,9278.511481091302
2006,nickel,refined_metal,EU27,China,4169.455313806479
2006,nickel,refined_metal,EU27,EU27,95055.77060334539
2006,nickel,refined_metal,EU27,RoW,35440.288529918325
2006,nickel,refined_metal,RoW,China,97109.54936803669
2006,nickel,refined_metal,RoW,EU27,402043.0992938487
2006,nickel,refined_metal,RoW,RoW,625741.2631389904
2006,nickel,scrap,China,China,0.0
2006,nickel,scrap,China,EU27,22.04786912873858
2006,nickel,scrap,China,RoW,465.363018346618
2006,nickel,scrap,EU27,China,545.5616162383621
2006,nickel,scrap,EU27,EU27,24372.392974880884
2006,nickel,scrap,EU27,RoW,10457.306111208904
2006,nickel,scrap,RoW,China,14884.602907605273
2006,nickel,scrap,RoW,EU27,26562.886155990374
2006,nickel,scrap,RoW,RoW,56227.586870444466
2006,tin,concentrates,China,China,0.0
2006,tin,concentrates,China,EU27,15.405587017740746
2006,tin,concentrates,China,RoW,1127.0714129822595
2006,tin,concentrates,EU27,China,455.67962864925414
2006,tin,concentrates,EU27,EU27,886.3799976510874
2006,tin,concentrates,EU27,RoW,1375.6910442973847
2006,tin,concentrates,RoW,China,3057.7483713507463
2006,tin,concentrates,RoW,EU27,1890.6957166172776
2006,tin,concentrates,RoW,RoW,32559.50854272036
2006,tin,refined_metal,China,China,0.0
2006,tin,refined_metal,China,EU27,4802.539640478587
2006,tin,refined_metal,China,RoW,24692.902359521417
2006,tin,refined_metal,EU27,China,164.7015833773958
2006,tin,refined_metal,EU27,EU27,20852.953285861615
2006,tin,refined_metal,EU27,RoW,9764.875252687663
2006,tin,refined_metal,RoW,China,22414.554416622606
2006,tin,refined_metal,RoW,EU27,80675.98470491232
2006,tin,refined_metal,RoW,RoW,313425.05738779093
2006,tin,scrap,China,China,0.0
2006,tin,scrap,China,EU27,0.0003333333333333333
2006,tin,scrap,China,RoW,101.06866666666669
2006,tin,scrap,EU27,China,0.0
2006,tin,scrap,EU27,EU27,7495.510343104122
2006,tin,scrap,EU27,RoW,1249.3696568958796
2006,tin,scrap,RoW,China,17280.905664774546
2006,tin,scrap,RoW,EU27,3978.06182308966
2006,tin,scrap,RoW,RoW,36213.3795121358
2006,zinc,concentrates,China,China,0.0
2006,zinc,concentrates,China,EU27,1466.289015261795
2006,zinc,concentrates,China,RoW,6241.974835661669
2006,zinc,concentrates,EU27,China,3083.367869242392
2006,zinc,concentrates,EU27,EU27,2119913.185087913
2006,zinc,concentrates,EU27,RoW,324070.07854700205
2006,zinc,concentrates,RoW,China,766678.8623293127
2006,zinc,concentrates,RoW,EU27,2952222.5898968247
2006,zinc,concentrates,RoW,RoW,4182460.1112173363
2006,zinc,refined_metal,China,China,0.0
2006,zinc,refined_metal,China,EU27,60815.817458249534
2006,zinc,refined_metal,China,RoW,487366.08044175047
2006,zinc,refined_metal,EU27,China,7341.578854432824
2006,zinc,refined_metal,EU27,EU27,1407332.3284055775
2006,zinc,refined_metal,EU27,RoW,253289.91603998988
2006,zinc,refined_metal,RoW,China,339485.7356647302
2006,zinc,refined_metal,RoW,EU27,443730.60365503945
2006,zinc,refined_metal,RoW,RoW,2342775.5135802305
2006,zinc,scrap,China,China,0.0
2006,zinc,scrap,China,EU27,17.53832817057082
2006,zinc,scrap,China,RoW,1965.6176718294291
2006,zinc,scrap,EU27,China,62080.79678282055
2006,zinc,scrap,EU27,EU27,305918.7368287761
2006,zinc,scrap,EU27,RoW,87260.62938840347
2006,zinc,scrap,RoW,China,66911.84271717945
2006,zinc,scrap,RoW,EU27,55758.08336188103
2006,zinc,scrap,RoW,RoW,379176.90092093946
2007,nickel,concentrates,China,China,0.0
2007,nickel,concentrates,China,EU27,18.060833310374694
2007,nickel,concentrates,China,RoW,382.5596166896254
2007,nickel,concentrates,EU27,China,88826.98916832288
2007,nickel,concentrates,EU27,EU27,5926.842039289133
2007,nickel,concentrates,EU27,RoW,25305.199392387985
2007,nickel,concentrates,RoW,China,4563832.593374694
2007,nickel,concentrates,RoW,EU27,373682.481382053
2007,nickel,concentrates,RoW,RoW,8835884.075643254
2007,nickel,refined_metal,China,China,0.0
2007,nickel,refined_metal,China,EU27,271.1235020251994
2007,nickel,refined_metal,China,RoW,10676.0585479748
2007,nickel,refined_metal,EU27,China,5650.368487272146
2007,nickel,refined_metal,EU27,EU27,105811.41452398585
2007,nickel,refined_metal,EU27,RoW,44569.01733874197
2007,nickel,refined_metal,RoW,China,118088.5154779374
2007,nickel,refined_metal,RoW,EU27,405336.6815167039
2007,nickel,refined_metal,RoW,RoW,635131.9467553588
2007,nickel,scrap,China,China,0.0
2007,nickel,scrap,China,EU27,33.44160244509089
2007,nickel,scrap,China,RoW,878.287397554909
2007,nickel,scrap,EU27,China,349.91271511941125
2007,nickel,scrap,EU27,EU27,27045.944952966463
2007,nickel,scrap,EU27,RoW,11768.956750283432
2007,nickel,scrap,RoW,China,3752.674284880589
2007,nickel,scrap,RoW,EU27,28353.07109146968
2007,nickel,scrap,RoW,RoW,60262.716852161655
2007,tin,concentrates,China,China,0.0
2007,tin,concentrates,China,EU27,5.351460525538133
2007,tin,concentrates,China,RoW,1728.3225394744618
2007,tin,concentrates,EU27,China,136.9247200994894
2007,tin,concentrates,EU27,EU27,384.3532854628776
2007,tin,concentrates,EU27,RoW,840.1699944376331
2007,tin,concentrates,RoW,China,7313.057293310067
2007,tin,concentrates,RoW,EU27,3028.258132741786
2007,tin,concentrates,RoW,RoW,39931.95157394815
2007,tin,refined_metal,China,China,0.0
2007,tin,refined_metal,China,EU27,5780.657632452454
2007,tin,refined_metal,China,RoW,28533.37336754755
2007,tin,refined_metal,EU27,China,145.50651605095211
2007,tin,refined_metal,EU27,EU27,19794.731166470065
2007,tin,refined_metal,EU27,RoW,12312.902317478984
2007,tin,refined_metal,RoW,China,18141.36848394905
2007,tin,refined_metal,RoW,EU27,60189.372985571754
2007,tin,refined_metal,RoW,RoW,215604.8995304792
2007,tin,scrap,China,China,0.0
2007,tin,scrap,China,EU27,0.0
2007,tin,scrap,China,RoW,171.65
2007,tin,scrap,EU27,China,0.0
2007,tin,scrap,EU27,EU27,6508.880880798241
2007,tin,scrap,EU27,RoW,1205.8431192017586
2007,tin,scrap,RoW,China,22885.92
2007,tin,scrap,RoW,EU27,4550.64775139724
2007,tin,scrap,RoW,RoW,58467.73524860276
2007,zinc,concentrates,China,China,0.0
2007,zinc,concentrates,China,EU27,908.2013667116182
2007,zinc,concentrates,China,RoW,4799.074233288382
2007,zinc,concentrates,EU27,China,15493.259566160812
2007,zinc,concentrates,EU27,EU27,2074992.1121218344
2007,zinc,concentrates,EU27,RoW,337049.5928120051
2007,zinc,concentrates,RoW,China,1211872.6355585137
2007,zinc,concentrates,RoW,EU27,2861813.1896713837
2007,zinc,concentrates,RoW,RoW,3944627.974170103
2007,zinc,refined_metal,China,China,0.0
2007,zinc,refined_metal,China,EU27,54330.440031135215
2007,zinc,refined_metal,China,RoW,284188.734569769
2007,zinc,refined_metal,EU27,China,3665.501246534322
2007,zinc,refined_metal,EU27,EU27,1475761.3177586293
2007,zinc,refined_metal,EU27,RoW,262132.28798248954
2007,zinc,refined_metal,RoW,China,161952.43975346567
2007,zinc,refined_metal,RoW,EU27,610903.2758540513
2007,zinc,refined_metal,RoW,RoW,2225964.734747742
2007,zinc,scrap,China,China,0.0
2007,zinc,scrap,China,EU27,144.33124066216024
2007,zinc,scrap,China,RoW,1934.3136645972236
2007,zinc,scrap,EU27,China,56533.770999604196
2007,zinc,scrap,EU27,EU27,269189.927068577
2007,zinc,scrap,EU27,RoW,70450.09879407237
2007,zinc,scrap,RoW,China,66314.52239281028
2007,zinc,scrap,RoW,EU27,56688.54819076096
2007,zinc,scrap,RoW,RoW,258079.2310413304
2008,nickel,concentrates,China,China,0.0
2008,nickel,concentrates,China,EU27,74.27750932782806
2008,nickel,concentrates,China,RoW,520.1414406721719
2008,nickel,concentrates,EU27,China,100271.92774867595
2008,nickel,concentrates,EU27,EU27,4369.5821940251335
2008,nickel,concentrates,EU27,RoW,24694.344819070935
2008,nickel,concentrates,RoW,China,11829906.275201323
2008,nickel,concentrates,RoW,EU27,693755.6822417661
2008,nickel,concentrates,RoW,RoW,9932325.876140257
2008,nickel,refined_metal,China,China,0.0
2008,nickel,refined_metal,China,EU27,405.12159484981527
2008,nickel,refined_metal,China,RoW,8307.309855150184
2008,nickel,refined_metal,EU27,China,5870.230080749946
2008,nickel,refined_metal,EU27,EU27,103001.51347043194
2008,nickel,refined_metal,EU27,RoW,48381.50334881812
2008,nickel,refined_metal,RoW,China,133315.457703059
2008,nickel,refined_metal,RoW,EU27,418164.0435009092
2008,nickel,refined_metal,RoW,RoW,624117.6033960317
2008,nickel,scrap,China,China,0.0
2008,nickel,scrap,China,EU27,26.354489389308355
2008,nickel,scrap,China,RoW,948.8365106106917
2008,nickel,scrap,EU27,China,371.61685981103005
2008,nickel,scrap,EU27,EU27,28264.24325447522
2008,nickel,scrap,EU27,RoW,11497.097885713745
2008,nickel,scrap,RoW,China,3666.9231401889706
2008,nickel,scrap,RoW,EU27,24389.342256135475
2008,nickel,scrap,RoW,RoW,59175.491603675575
2008,tin,concentrates,China,China,0.0
2008,tin,concentrates,China,EU27,0.0030647352990188074
2008,tin,concentrates,China,RoW,0.8999352647009812
2008,tin,concentrates,EU27,China,191.19081196970845
2008,tin,concentrates,EU27,EU27,729.2958848963734
2008,tin,concentrates,EU27,RoW,2272.8253031339177
2008,tin,concentrates,RoW,China,7810.188188030292
2008,tin,concentrates,RoW,EU27,4481.395109316475
2008,tin,concentrates,RoW,RoW,42168.70070265324
2008,tin,refined_metal,China,China,0.0
2008,tin,refined_metal,China,EU27,5128.705039100845
2008,tin,refined_metal,China,RoW,45533.46696089915
2008,tin,refined_metal,EU27,China,149.90059927393614
2008,tin,refined_metal,EU27,EU27,18704.032351911726
2008,tin,refined_metal,EU27,RoW,13582.972048814336
2008,tin,refined_metal,RoW,China,15202.853400726062
2008,tin,refined_metal,RoW,EU27,59914.95860898742
2008,tin,refined_metal,RoW,RoW,216388.29999028653
2008,tin,scrap,China,China,0.0
2008,tin,scrap,China,EU27,0.0
2008,tin,scrap,China,RoW,139.382
2008,tin,scrap,EU27,China,0.061857834734754015
2008,tin,scrap,EU27,EU27,5968.679536700966
2008,tin,scrap,EU27,RoW,1086.4771821955835
2008,tin,scrap,RoW,China,10472.133142165265
2008,tin,scrap,RoW,EU27,7594.11529036377
2008,tin,scrap,RoW,RoW,71803.57381780441
2008,zinc,concentrates,China,China,0.0
2008,zinc,concentrates,China,EU27,349.3626974391268
2008,zinc,concentrates,China,RoW,2783.6968745790446
2008,zinc,concentrates,EU27,China,31156.116819115792
2008,zinc,concentrates,EU27,EU27,1946645.4581797589
2008,zinc,concentrates,EU27,RoW,355405.4055336506
2008,zinc,concentrates,RoW,China,1996125.1170790407
2008,zinc,concentrates,RoW,EU27,2662911.822322803
2008,zinc,concentrates,RoW,RoW,4326988.021391771
2008,zinc,refined_metal,China,China,0.0
2008,zinc,refined_metal,China,EU27,9575.812582511648
2008,zinc,refined_metal,China,RoW,59318.65151748835
2008,zinc,refined_metal,EU27,China,3317.204782625117
2008,zinc,refined_metal,EU27,EU27,1226680.1363090088
2008,zinc,refined_metal,EU27,RoW,314286.9586917546
2008,zinc,refined_metal,RoW,China,211328.67271737492
2008,zinc,refined_metal,RoW,EU27,606965.4659084793
2008,zinc,refined_metal,RoW,RoW,2391619.874576095
2008,zinc,scrap,China,China,0.0
2008,zinc,scrap,China,EU27,38.13538661776571
2008,zinc,scrap,China,RoW,1124.165699736452
2008,zinc,scrap,EU27,China,42799.854670919296
2008,zinc,scrap,EU27,EU27,205580.35178477786
2008,zinc,scrap,EU27,RoW,50828.5465372886
2008,zinc,scrap,RoW,China,57871.50644791164
2008,zinc,scrap,RoW,EU27,35569.323828604356
2008,zinc,scrap,RoW,RoW,189024.48726297493
2009,nickel,concentrates,China,China,0.0
2009,nickel,concentrates,China,EU27,58.488203258378036
2009,nickel,concentrates,China,RoW,4158.956655889336
2009,nickel,concentrates,EU27,China,106458.38689214189
2009,nickel,concentrates,EU27,EU27,3298.331472611427
2009,nickel,concentrates,EU27,RoW,34433.48428524666
2009,nickel,concentrates,RoW,China,15157550.944367005
2009,nickel,concentrates,RoW,EU27,749328.6684241303
2009,nickel,concentrates,RoW,RoW,9518952.473608864
2009,nickel,refined_metal,China,China,0.0
2009,nickel,refined_metal,China,EU27,493.0211633964377
2009,nickel,refined_metal,China,RoW,11323.37330744381
2009,nickel,refined_metal,EU27,China,13008.019441511744
2009,nickel,refined_metal,EU27,EU27,66280.32006473684
2009,nickel,refined_metal,EU27,RoW,38022.21769375144
2009,nickel,refined_metal,RoW,China,221627.29932932853
2009,nickel,refined_metal,RoW,EU27,350100.4396718667
2009,nickel,refined_metal,RoW,RoW,550063.3354488047
2009,nickel,scrap,China,China,0.0
2009,nickel,scrap,China,EU27,12.570297720304685
2009,nickel,scrap,China,RoW,1222.3840668682842
2009,nickel,scrap,EU27,China,828.076137813761
2009,nickel,scrap,EU27,EU27,25315.11434582822
2009,nickel,scrap,EU27,RoW,12963.652163688665
2009,nickel,scrap,RoW,China,2271.699622734014
2009,nickel,scrap,RoW,EU27,15087.670356451481
2009,nickel,scrap,RoW,RoW,39071.216038970575
2009,tin,concentrates,China,China,0.0
2009,tin,concentrates,China,EU27,0.03136168080147421
2009,tin,concentrates,China,RoW,12.930008690844032
2009,tin,concentrates,EU27,China,70.85248367655446
2009,tin,concentrates,EU27,EU27,168.60999361138965
2009,tin,concentrates,EU27,RoW,1519.2789449217435
2009,tin,concentrates,RoW,China,13690.84904634656
2009,tin,concentrates,RoW,EU27,2525.8316447078087
2009,tin,concentrates,RoW,RoW,46462.89504638741
2009,tin,refined_metal,China,China,0.0
2009,tin,refined_metal,China,EU27,638.5930488457531
2009,tin,refined_metal,China,RoW,5702.167524522647
2009,tin,refined_metal,EU27,China,123.36087448538713
2009,tin,refined_metal,EU27,EU27,13181.611004656643
2009,tin,refined_metal,EU27,RoW,11265.358490829662
2009,tin,refined_metal,RoW,China,19609.72226832092
2009,tin,refined_metal,RoW,EU27,41293.0279464976
2009,tin,refined_metal,RoW,RoW,219154.3559846477
2009,tin,scrap,China,China,0.0
2009,tin,scrap,China,EU27,0.0343513771720447
2009,tin,scrap,China,RoW,431.7216486228279
2009,tin,scrap,EU27,China,0.11419498527030046
2009,tin,scrap,EU27,EU27,4613.441192627537
2009,tin,scrap,EU27,RoW,2023.8536123871927
2009,tin,scrap,RoW,China,12775.42780501473
2009,tin,scrap,RoW,EU27,4704.153455995291
2009,tin,scrap,RoW,RoW,81834.07373898999
2009,zinc,concentrates,China,China,0.0
2009,zinc,concentrates,China,EU27,111.84919759232712
2009,zinc,concentrates,China,RoW,1505.973858720677
2009,zinc,concentrates,EU27,China,249266.4767086591
2009,zinc,concentrates,EU27,EU27,1518733.535709611
2009,zinc,concentrates,EU27,RoW,285659.50854093605
2009,zinc,concentrates,RoW,China,3012622.48554998
2009,zinc,concentrates,RoW,EU27,1911534.8352927973
2009,zinc,concentrates,RoW,RoW,3633701.419300344
2009,zinc,refined_metal,China,China,0.0
2009,zinc,refined_metal,China,EU27,2810.6604460127087
2009,zinc,refined_metal,China,RoW,31849.864124084805
2009,zinc,refined_metal,EU27,China,168208.84949106237
2009,zinc,refined_metal,EU27,EU27,1018902.5457392148
2009,zinc,refined_metal,EU27,RoW,236433.6503697229
2009,zinc,refined_metal,RoW,China,570013.3977790351
2009,zinc,refined_metal,RoW,EU27,563479.836114773
2009,zinc,refined_metal,RoW,RoW,2400557.5083061922
2009,zinc,scrap,China,China,0.0
2009,zinc,scrap,China,EU27,3.936366227395017
2009,zinc,scrap,China,RoW,752.8726337726049
2009,zinc,scrap,EU27,China,43968.0336497229
2009,zinc,scrap,EU27,EU27,218094.515799531
2009,zinc,scrap,EU27,RoW,67790.20305074606
2009,zinc,scrap,RoW,China,44612.2343502771
2009,zinc,scrap,RoW,EU27,35768.1283342416
2009,zinc,scrap,RoW,RoW,207283.1578154813
2010,nickel,concentrates,China,China,0.0
2010,nickel,concentrates,China,EU27,0.038697008146114965
2010,nickel,concentrates,China,RoW,64.72295299185389
2010,nickel,concentrates,EU27,China,95422.57343373678
2010,nickel,concentrates,EU27,EU27,9489.103770175858
2010,nickel,concentrates,EU27,RoW,39274.56754608736
2010,nickel,concentrates,RoW,China,15455247.328016898
2010,nickel,concentrates,RoW,EU27,787350.9983901511
2010,nickel,concentrates,RoW,RoW,9773389.753142951
2010,nickel,refined_metal,China,China,0.0
2010,nickel,refined_metal,China,EU27,1145.634928492858
2010,nickel,refined_metal,China,RoW,11228.733521507143
2010,nickel,refined_metal,EU27,China,6466.397749174701
2010,nickel,refined_metal,EU27,EU27,90664.57401484919
2010,nickel,refined_metal,EU27,RoW,42024.41248597612
2010,nickel,refined_metal,RoW,China,192107.283328584
2010,nickel,refined_metal,RoW,EU27,400442.6613560038
2010,nickel,refined_metal,RoW,RoW,610911.0599154125
2010,nickel,scrap,China,China,0.0
2010,nickel,scrap,China,EU27,65.30620534460596
2010,nickel,scrap,China,RoW,842.5477946553941
2010,nickel,scrap,EU27,China,391.20750790039335
2010,nickel,scrap,EU27,EU27,34476.231742181015
2010,nickel,scrap,EU27,RoW,13457.667749918599
2010,nickel,scrap,RoW,China,7364.632644304987
2010,nickel,scrap,RoW,EU27,26998.804900269006
2010,nickel,scrap,RoW,RoW,54664.24945542601
2010,tin,concentrates,China,China,0.0
2010,tin,concentrates,China,EU27,0.14660449113813045
2010,tin,concentrates,China,RoW,56.89419422711126
2010,tin,concentrates,EU27,China,378.63599565724564
2010,tin,concentrates,EU27,EU27,269.20565584115974
2010,tin,concentrates,EU27,RoW,1873.4003485015944
2010,tin,concentrates,RoW,China,18317.550803061
2010,tin,concentrates,RoW,EU27,2232.1207396677023
2010,tin,concentrates,RoW,RoW,49216.4054572713
2010,tin,refined_metal,China,China,0.0
2010,tin,refined_metal,China,EU27,1172.4521621844642
2010,tin,refined_metal,China,RoW,10839.928837815538
2010,tin,refined_metal,EU27,China,120.69733335399928
2010,tin,refined_metal,EU27,EU27,21104.5807245738
2010,tin,refined_metal,EU27,RoW,10008.107942072198
2010,tin,refined_metal,RoW,China,18386.531666646002
2010,tin,refined_metal,RoW,EU27,53491.58711324172
2010,tin,refined_metal,RoW,RoW,223254.4342201123
2010,tin,scrap,China,China,0.0
2010,tin,scrap,China,EU27,0.06615455280055053
2010,tin,scrap,China,RoW,349.63384544719946
2010,tin,scrap,EU27,China,1.014830012522481
2010,tin,scrap,EU27,EU27,6952.573569736082
2010,tin,scrap,EU27,RoW,913.6662648243995
2010,tin,scrap,RoW,China,4882.011169987478
2010,tin,scrap,RoW,EU27,10150.862532675425
2010,tin,scrap,RoW,RoW,138814.68188972838
2010,zinc,concentrates,China,China,0.0
2010,zinc,concentrates,China,EU27,326.50376150371187
2010,zinc,concentrates,China,RoW,2690.0670384962887
2010,zinc,concentrates,EU27,China,149077.32309864776
2010,zinc,concentrates,EU27,EU27,1681339.0413879992
2010,zinc,concentrates,EU27,RoW,236092.96122740363
2010,zinc,concentrates,RoW,China,3263403.562701352
2010,zinc,concentrates,RoW,EU27,2445105.725757247
2010,zinc,concentrates,RoW,RoW,3777621.2277341
2010,zinc,refined_metal,China,China,0.0
2010,zinc,refined_metal,China,EU27,2368.037534197512
2010,zinc,refined_metal,China,RoW,46606.60015993672
2010,zinc,refined_metal,EU27,China,7266.59033987555
2010,zinc,refined_metal,EU27,EU27,1412573.149391344
2010,zinc,refined_metal,EU27,RoW,278714.05354987027
2010,zinc,refined_metal,RoW,China,450970.93136012444
2010,zinc,refined_metal,RoW,EU27,654766.6451634576
2010,zinc,refined_metal,RoW,RoW,2426684.673290193
2010,zinc,scrap,China,China,0.0
2010,zinc,scrap,China,EU27,14.110846702129907
2010,zinc,scrap,China,RoW,1956.5947886002655
2010,zinc,scrap,EU27,China,55242.98371164443
2010,zinc,scrap,EU27,EU27,232397.07236390174
2010,zinc,scrap,EU27,RoW,55915.90805451372
2010,zinc,scrap,RoW,China,48218.50156291945
2010,zinc,scrap,RoW,EU27,30571.67628939608
2010,zinc,scrap,RoW,RoW,204608.643156886
2011,nickel,concentrates,China,China,0.0
2011,nickel,concentrates,China,EU27,8.978659771063011
2011,nickel,concentrates,China,RoW,823.4450402289369
2011,nickel,concentrates,EU27,China,41269.67674842429
2011,nickel,concentrates,EU27,EU27,12800.190062390593
2011,nickel,concentrates,EU27,RoW,22002.976139185117
2011,nickel,concentrates,RoW,China,27237770.19452432
2011,nickel,concentrates,RoW,EU27,967885.7340391479
2011,nickel,concentrates,RoW,RoW,11598382.403986529
2011,nickel,refined_metal,China,China,0.0
2011,nickel,refined_metal,China,EU27,1124.8520998937706
2011,nickel,refined_metal,China,RoW,11343.676200106229
2011,nickel,refined_metal,EU27,China,7068.466824341699
2011,nickel,refined_metal,EU27,EU27,85324.97279298468
2011,nickel,refined_metal,EU27,RoW,57572.631565032054
2011,nickel,refined_metal,RoW,China,192126.8589256583
2011,nickel,refined_metal,RoW,EU27,309710.1257071215
2011,nickel,refined_metal,RoW,RoW,680344.3031348132
2011,nickel,scrap,China,China,0.0
2011,nickel,scrap,China,EU27,0.6126054490425145
2011,nickel,scrap,China,RoW,784.7283945509575
2011,nickel,scrap,EU27,China,98.8106399367737
2011,nickel,scrap,EU27,EU27,26612.85218561066
2011,nickel,scrap,EU27,RoW,12992.267174452567
2011,nickel,scrap,RoW,China,2683.9533600632262
2011,nickel,scrap,RoW,EU27,21034.519208940295
2011,nickel,scrap,RoW,RoW,58732.81843099647
2011,tin,concentrates,China,China,0.0
2011,tin,concentrates,China,EU27,2.7525125292903234
2011,tin,concentrates,China,RoW,478.8798668937761
2011,tin,concentrates,EU27,China,10.226829359501119
2011,tin,concentrates,EU27,EU27,480.7796620177363
2011,tin,concentrates,EU27,RoW,974.2235379795621
2011,tin,concentrates,RoW,China,24299.74051426471
2011,tin,concentrates,RoW,EU27,3963.6587678475566
2011,tin,concentrates,RoW,RoW,39892.04159512666
2011,tin,refined_metal,China,China,0.0
2011,tin,refined_metal,China,EU27,3084.5683267090985
2011,tin,refined_metal,China,RoW,18238.994673290905
2011,tin,refined_metal,EU27,China,92.68558522243829
2011,tin,refined_metal,EU27,EU27,23067.70524544724
2011,tin,refined_metal,EU27,RoW,9883.619169330319
2011,tin,refined_metal,RoW,China,21667.900360955126
2011,tin,refined_metal,RoW,EU27,49229.59229620239
2011,tin,refined_metal,RoW,RoW,224235.06034284248
2011,tin,scrap,China,China,0.0
2011,tin,scrap,China,EU27,0.17042078259031107
2011,tin,scrap,China,RoW,335.07857921740975
2011,tin,scrap,EU27,China,0.9315397528808772
2011,tin,scrap,EU27,EU27,7280.793845520127
2011,tin,scrap,EU27,RoW,585.5456147269914
2011,tin,scrap,RoW,China,2840.5294602471195
2011,tin,scrap,RoW,EU27,8729.937638287736
2011,tin,scrap,RoW,RoW,150657.01290146515
2011,zinc,concentrates,China,China,0.0
2011,zinc,concentrates,China,EU27,231.63595022101177
2011,zinc,concentrates,China,RoW,5475.639649778988
2011,zinc,concentrates,EU27,China,166778.33339465715
2011,zinc,concentrates,EU27,EU27,1492172.7492223226
2011,zinc,concentrates,EU27,RoW,266437.94143337524
2011,zinc,concentrates,RoW,China,2759557.9817053434
2011,zinc,concentrates,RoW,EU27,2303747.9946274566
2011,zinc,concentrates,RoW,RoW,4042646.363875046
2011,zinc,refined_metal,China,China,0.0
2011,zinc,refined_metal,China,EU27,2293.348727214075
2011,zinc,refined_metal,China,RoW,44631.59677278593
2011,zinc,refined_metal,EU27,China,10282.887328098916
2011,zinc,refined_metal,EU27,EU27,1427037.6990988916
2011,zinc,refined_metal,EU27,RoW,299224.1652730098
2011,zinc,refined_metal,RoW,China,524502.5435719012
2011,zinc,refined_metal,RoW,EU27,620837.9928832784
2011,zinc,refined_metal,RoW,RoW,2514454.3676448204
2011,zinc,scrap,China,China,0.0
2011,zinc,scrap,China,EU27,179.4374632066274
2011,zinc,scrap,China,RoW,1733.7555367933726
2011,zinc,scrap,EU27,China,52858.120960781926
2011,zinc,scrap,EU27,EU27,249832.4092275379
2011,zinc,scrap,EU27,RoW,49466.730399637374
2011,zinc,scrap,RoW,China,51941.59803921807
2011,zinc,scrap,RoW,EU27,38933.745885579956
2011,zinc,scrap,RoW,RoW,195822.14956356926
2012,nickel,concentrates,China,China,0.0
2012,nickel,concentrates,China,EU27,8.422555024973354
2012,nickel,concentrates,China,RoW,663.9304823777205
2012,nickel,concentrates,EU27,China,28115.34713240699
2012,nickel,concentrates,EU27,EU27,7937.591920709798
2012,nickel,concentrates,EU27,RoW,7713.547646883212
2012,nickel,concentrates,RoW,China,48469296.506905004
2012,nickel,concentrates,RoW,EU27,912547.4100742652
2012,nickel,concentrates,RoW,RoW,13847106.47987074
2012,nickel,refined_metal,China,China,0.0
2012,nickel,refined_metal,China,EU27,1778.9181613015282
2012,nickel,refined_metal,China,RoW,11916.827907638908
2012,nickel,refined_metal,EU27,China,7521.782921199658
2012,nickel,refined_metal,EU27,EU27,88768.40496155465
2012,nickel,refined_metal,EU27,RoW,50400.2783094808
2012,nickel,refined_metal,RoW,China,215149.92992876167
2012,nickel,refined_metal,RoW,EU27,304045.33532714384
2012,nickel,refined_metal,RoW,RoW,700895.1697828803
2012,nickel,scrap,China,China,0.0
2012,nickel,scrap,China,EU27,7.892987539480413
2012,nickel,scrap,China,RoW,1125.7580124605197
2012,nickel,scrap,EU27,China,64.82246723799291
2012,nickel,scrap,EU27,EU27,30097.530917629447
2012,nickel,scrap,EU27,RoW,22135.729615132557
2012,nickel,scrap,RoW,China,1741.5455327620073
2012,nickel,scrap,RoW,EU27,19104.585094831076
2012,nickel,scrap,RoW,RoW,68181.55637240692
2012,tin,concentrates,China,China,0.0
2012,tin,concentrates,China,EU27,0.6380510530565744
2012,tin,concentrates,China,RoW,233.3161229257345
2012,tin,concentrates,EU27,China,6.665311213362818
2012,tin,concentrates,EU27,EU27,443.26221045520344
2012,tin,concentrates,EU27,RoW,1278.9459820671923
2012,tin,concentrates,RoW,China,27206.686953042437
2012,tin,concentrates,RoW,EU27,3789.2297384917406
2012,tin,concentrates,RoW,RoW,35097.257895007075
2012,tin,refined_metal,China,China,0.0
2012,tin,refined_metal,China,EU27,696.5562817459768
2012,tin,refined_metal,China,RoW,5288.2487182540235
2012,tin,refined_metal,EU27,China,84.69374452199244
2012,tin,refined_metal,EU27,EU27,23099.736397110857
2012,tin,refined_metal,EU27,RoW,9859.579858367148
2012,tin,refined_metal,RoW,China,23805.031196742813
2012,tin,refined_metal,RoW,EU27,53639.077321143166
2012,tin,refined_metal,RoW,RoW,239834.38848211398
2012,tin,scrap,China,China,0.0
2012,tin,scrap,China,EU27,0.3127060885232916
2012,tin,scrap,China,RoW,382.23529391147673
2012,tin,scrap,EU27,China,1.582896350264626
2012,tin,scrap,EU27,EU27,8491.014376532212
2012,tin,scrap,EU27,RoW,606.0942687390931
2012,tin,scrap,RoW,China,1749.3631036497354
2012,tin,scrap,RoW,EU27,10081.202729173468
2012,tin,scrap,RoW,RoW,129709.58443734942
2012,zinc,concentrates,China,China,0.0
2012,zinc,concentrates,China,EU27,319.1827348471539
2012,zinc,concentrates,China,RoW,5032.283365152846
2012,zinc,concentrates,EU27,China,115752.12828337292
2012,zinc,concentrates,EU27,EU27,1469985.3975107041
2012,zinc,concentrates,EU27,RoW,294249.53326434264
2012,zinc,concentrates,RoW,China,2097355.926016627
2012,zinc,concentrates,RoW,EU27,2617815.0105544487
2012,zinc,concentrates,RoW,RoW,4442613.167221941
2012,zinc,refined_metal,China,China,0.0
2012,zinc,refined_metal,China,EU27,1119.1372581190756
2012,zinc,refined_metal,China,RoW,22041.818641880924
2012,zinc,refined_metal,EU27,China,31431.886870174334
2012,zinc,refined_metal,EU27,EU27,1379591.5709257266
2012,zinc,refined_metal,EU27,RoW,296609.5017040992
2012,zinc,refined_metal,RoW,China,564171.9397486974
2012,zinc,refined_metal,RoW,EU27,668919.0895161543
2012,zinc,refined_metal,RoW,RoW,2567479.7121351487
2012,zinc,scrap,China,China,0.0
2012,zinc,scrap,China,EU27,152.51522580057207
2012,zinc,scrap,China,RoW,1818.2487741994278
2012,zinc,scrap,EU27,China,45010.162555512194
2012,zinc,scrap,EU27,EU27,255860.66808623375
2012,zinc,scrap,EU27,RoW,47355.19335825402
2012,zinc,scrap,RoW,China,50753.00144448782
2012,zinc,scrap,RoW,EU27,46023.82518796559
2012,zinc,scrap,RoW,RoW,196942.67886754655
2013,nickel,concentrates,China,China,0.0
2013,nickel,concentrates,China,EU27,6.046229810080475
2013,nickel,concentrates,China,RoW,339.62782018991953
2013,nickel,concentrates,EU27,China,125208.19274174805
2013,nickel,concentrates,EU27,EU27,43534.36181245615
2013,nickel,concentrates,EU27,RoW,56842.065995795805
2013,nickel,concentrates,RoW,China,65780420.57198581
2013,nickel,concentrates,RoW,EU27,1081619.869704766
2013,nickel,concentrates,RoW,RoW,14692130.663459439
2013,nickel,refined_metal,China,China,0.0
2013,nickel,refined_metal,China,EU27,2482.7441113334653
2013,nickel,refined_metal,China,RoW,11838.103988666535
2013,nickel,refined_metal,EU27,China,5711.00861888931
2013,nickel,refined_metal,EU27,EU27,93745.72424912294
2013,nickel,refined_metal,EU27,RoW,53635.83743198774
2013,nickel,refined_metal,RoW,China,237297.9746169359
2013,nickel,refined_metal,RoW,EU27,284141.4966395436
2013,nickel,refined_metal,RoW,RoW,710819.0751935205
2013,nickel,scrap,China,China,0.0
2013,nickel,scrap,China,EU27,10.242923144750018
2013,nickel,scrap,China,RoW,1100.15807685525
2013,nickel,scrap,EU27,China,82.88170770410329
2013,nickel,scrap,EU27,EU27,22930.802672274353
2013,nickel,scrap,EU27,RoW,13807.071620021545
2013,nickel,scrap,RoW,China,1188.6362922958965
2013,nickel,scrap,RoW,EU27,18605.468404580894
2013,nickel,scrap,RoW,RoW,65369.49630312319
2013,tin,concentrates,China,China,0.0
2013,tin,concentrates,China,EU27,0.05467485404836009
2013,tin,concentrates,China,RoW,573.6643198169645
2013,tin,concentrates,EU27,China,0.0016857427974342424
2013,tin,concentrates,EU27,EU27,150.60244496089138
2013,tin,concentrates,EU27,RoW,749.5985049078175
2013,tin,concentrates,RoW,China,6797.570314257203
2013,tin,concentrates,RoW,EU27,1650.2518801850601
2013,tin,concentrates,RoW,RoW,33487.91619070004
2013,tin,refined_metal,China,China,0.0
2013,tin,refined_metal,China,EU27,1514.578561229764
2013,tin,refined_metal,China,RoW,9419.784438770235
2013,tin,refined_metal,EU27,China,59.64974089230881
2013,tin,refined_metal,EU27,EU27,27365.314699390812
2013,tin,refined_metal,EU27,RoW,8783.316530837927
2013,tin,refined_metal,RoW,China,17017.88925910769
2013,tin,refined_metal,RoW,EU27,55688.52813670158
2013,tin,refined_metal,RoW,RoW,236265.12603039184
2013,tin,scrap,China,China,0.0
2013,tin,scrap,China,EU27,0.5803324164537746
2013,tin,scrap,China,RoW,775.2776675835463
2013,tin,scrap,EU27,China,1.4934562494245418
2013,tin,scrap,EU27,EU27,10843.925582591388
2013,tin,scrap,EU27,RoW,1094.245961159185
2013,tin,scrap,RoW,China,170.55554375057545
2013,tin,scrap,RoW,EU27,6802.50408499216
2013,tin,scrap,RoW,RoW,102320.39437125727
2013,zinc,concentrates,China,China,0.0
2013,zinc,concentrates,China,EU27,266.3115260158986
2013,zinc,concentrates,China,RoW,3897.562073984102
2013,zinc,concentrates,EU27,China,160507.48321677517
2013,zinc,concentrates,EU27,EU27,1517859.5556393927
2013,zinc,concentrates,EU27,RoW,342964.4223438322
2013,zinc,concentrates,RoW,China,2066685.0788832244
2013,zinc,concentrates,RoW,EU27,2356660.6765345917
2013,zinc,concentrates,RoW,RoW,4404899.358582183
2013,zinc,refined_metal,China,China,0.0
2013,zinc,refined_metal,China,EU27,1009.6504365704715
2013,zinc,refined_metal,China,RoW,17554.86196342953
2013,zinc,refined_metal,EU27,China,97855.66613457458
2013,zinc,refined_metal,EU27,EU27,1298093.526663767
2013,zinc,refined_metal,EU27,RoW,340595.55890165875
2013,zinc,refined_metal,RoW,China,579808.1023015071
2013,zinc,refined_metal,RoW,EU27,508573.91719966265
2013,zinc,refined_metal,RoW,RoW,2538654.78999883
2013,zinc,scrap,China,China,0.0
2013,zinc,scrap,China,EU27,87.5962076978721
2013,zinc,scrap,China,RoW,829.8487923021279
2013,zinc,scrap,EU27,China,40186.29827226399
2013,zinc,scrap,EU27,EU27,266497.0893976417
2013,zinc,scrap,EU27,RoW,45992.3248300943
2013,zinc,scrap,RoW,China,51716.908727736
2013,zinc,scrap,RoW,EU27,42477.46272488283
2013,zinc,scrap,RoW,RoW,200723.7350473812
2014,nickel,concentrates,China,China,0.0
2014,nickel,concentrates,China,EU27,25.791099666822227
2014,nickel,concentrates,China,RoW,806.6326003331777
2014,nickel,concentrates,EU27,China,139577.39557076496
2014,nickel,concentrates,EU27,EU27,25336.668911126973
2014,nickel,concentrates,EU27,RoW,59628.892370322494
2014,nickel,concentrates,RoW,China,45653892.59577924
2014,nickel,concentrates,RoW,EU27,1142368.0250281112
2014,nickel,concentrates,RoW,RoW,12312453.496129343
2014,nickel,refined_metal,China,China,0.0
2014,nickel,refined_metal,China,EU27,5407.08278328865
2014,nickel,refined_metal,China,RoW,25423.746639868004
2014,nickel,refined_metal,EU27,China,5452.265591239115
2014,nickel,refined_metal,EU27,EU27,90951.89121279103
2014,nickel,refined_metal,EU27,RoW,57665.929080530295
2014,nickel,refined_metal,RoW,China,284249.03182458796
2014,nickel,refined_metal,RoW,EU27,272983.17605392035
2014,nickel,refined_metal,RoW,RoW,799744.2387199645
2014,nickel,scrap,China,China,0.0
2014,nickel,scrap,China,EU27,28.267870442202412
2014,nickel,scrap,China,RoW,1105.3831295577977
2014,nickel,scrap,EU27,China,27.24214558900598
2014,nickel,scrap,EU27,EU27,28887.91531751647
2014,nickel,scrap,EU27,RoW,19000.605536894524
2014,nickel,scrap,RoW,China,1236.617854410994
2014,nickel,scrap,RoW,EU27,16173.565812041325
2014,nickel,scrap,RoW,RoW,72388.55633354768
2014,tin,concentrates,China,China,0.0
2014,tin,concentrates,China,EU27,1.1208691441919987
2014,tin,concentrates,China,RoW,897.5901308558081
2014,tin,concentrates,EU27,China,0.010670191329830516
2014,tin,concentrates,EU27,EU27,375.54865008949486
2014,tin,concentrates,EU27,RoW,884.1846797191755
2014,tin,concentrates,RoW,China,40725.9852552168
2014,tin,concentrates,RoW,EU27,2432.670174976288
2014,tin,concentrates,RoW,RoW,35594.402569806894
2014,tin,refined_metal,China,China,0.0
2014,tin,refined_metal,China,EU27,2145.636842450161
2014,tin,refined_metal,China,RoW,15746.56515754984
2014,tin,refined_metal,EU27,China,71.89192006446144
2014,tin,refined_metal,EU27,EU27,29794.828120213526
2014,tin,refined_metal,EU27,RoW,7553.569348259423
2014,tin,refined_metal,RoW,China,13997.784079935538
2014,tin,refined_metal,RoW,EU27,50219.286852638244
2014,tin,refined_metal,RoW,RoW,221944.87949419077
2014,tin,scrap,China,China,0.0
2014,tin,scrap,China,EU27,6.49901446966971
2014,tin,scrap,China,RoW,769.351145562313
2014,tin,scrap,EU27,China,7.681674588355583
2014,tin,scrap,EU27,EU27,8747.639136172578
2014,tin,scrap,EU27,RoW,487.1377254642306
2014,tin,scrap,RoW,China,676.3033254116444
2014,tin,scrap,RoW,EU27,5700.353849357752
2014,tin,scrap,RoW,RoW,107584.84501703242
2014,zinc,concentrates,China,China,0.0
2014,zinc,concentrates,China,EU27,473.7244485991032
2014,zinc,concentrates,China,RoW,9110.552051400897
2014,zinc,concentrates,EU27,China,171813.05668551815
2014,zinc,concentrates,EU27,EU27,1587487.1067101094
2014,zinc,concentrates,EU27,RoW,308161.8618043723
2014,zinc,concentrates,RoW,China,2179373.9779018303
2014,zinc,concentrates,RoW,EU27,2531131.8020412913
2014,zinc,concentrates,RoW,RoW,4736213.0100568775
2014,zinc,refined_metal,China,China,0.0
2014,zinc,refined_metal,China,EU27,2214.263402680149
2014,zinc,refined_metal,China,RoW,49096.96879731985
2014,zinc,refined_metal,EU27,China,97679.60864613057
2014,zinc,refined_metal,EU27,EU27,1442708.2682882468
2014,zinc,refined_metal,EU27,RoW,297871.08836562245
2014,zinc,refined_metal,RoW,China,485780.93165386945
2014,zinc,refined_metal,RoW,EU27,486469.4512174714
2014,zinc,refined_metal,RoW,RoW,2584751.044128659
2014,zinc,scrap,China,China,0.0
2014,zinc,scrap,China,EU27,42.95838342550562
2014,zinc,scrap,China,RoW,375.82511657449436
2014,zinc,scrap,EU27,China,41188.46655644707
2014,zinc,scrap,EU27,EU27,315215.4466480796
2014,zinc,scrap,EU27,RoW,54312.15729547335
2014,zinc,scrap,RoW,China,61755.94146385755
2014,zinc,scrap,RoW,EU27,45226.973916618
2014,zinc,scrap,RoW,RoW,213001.09211952446
2015,nickel,concentrates,China,China,0.0
2015,nickel,concentrates,China,EU27,71.01856454550281
2015,nickel,concentrates,China,RoW,2621.1488854544973
2015,nickel,concentrates,EU27,China,165205.55091114994
2015,nickel,concentrates,EU27,EU27,11701.814605487965
2015,nickel,concentrates,EU27,RoW,63574.58171992762
2015,nickel,concentrates,RoW,China,31563308.685888845
2015,nickel,concentrates,RoW,EU27,1316056.862850757
2015,nickel,concentrates,RoW,RoW,12180098.067394618
2015,nickel,refined_metal,China,China,0.0
2015,nickel,refined_metal,China,EU27,9363.419045546323
2015,nickel,refined_metal,China,RoW,27964.129954453678
2015,nickel,refined_metal,EU27,China,4273.094004775136
2015,nickel,refined_metal,EU27,EU27,104628.6023144515
2015,nickel,refined_metal,EU27,RoW,59829.57613077334
2015,nickel,refined_metal,RoW,China,367340.5631820881
2015,nickel,refined_metal,RoW,EU27,265527.7796972356
2015,nickel,refined_metal,RoW,RoW,892974.5357206763
2015,nickel,scrap,China,China,0.0
2015,nickel,scrap,China,EU27,45.668201115013744
2015,nickel,scrap,China,RoW,1677.2777089714616
2015,nickel,scrap,EU27,China,165.56753103681743
2015,nickel,scrap,EU27,EU27,30418.483800362403
2015,nickel,scrap,EU27,RoW,14232.103668600783
2015,nickel,scrap,RoW,China,1715.7723790496436
2015,nickel,scrap,RoW,EU27,12439.938998522583
2015,nickel,scrap,RoW,RoW,62973.41962242776
2015,tin,concentrates,China,China,0.0
2015,tin,concentrates,China,EU27,3.0776944384331713
2015,tin,concentrates,China,RoW,2347.8683055615666
2015,tin,concentrates,EU27,China,0.0022670678461028
2015,tin,concentrates,EU27,EU27,939.5147036870192
2015,tin,concentrates,EU27,RoW,906.8060292179731
2015,tin,concentrates,RoW,China,5412.861732932153
2015,tin,concentrates,RoW,EU27,1512.8999171072692
2015,tin,concentrates,RoW,RoW,34779.86791249907
2015,tin,refined_metal,China,China,0.0
2015,tin,refined_metal,China,EU27,1333.9020230179394
2015,tin,refined_metal,China,RoW,7966.039976982061
2015,tin,refined_metal,EU27,China,93.62926518104223
2015,tin,refined_metal,EU27,EU27,33120.39421250154
2015,tin,refined_metal,EU27,RoW,6944.669522317417
2015,tin,refined_metal,RoW,China,11766.890734818959
2015,tin,refined_metal,RoW,EU27,54774.66076448048
2015,tin,refined_metal,RoW,RoW,189828.90850070052
2015,tin,scrap,China,China,0.0
2015,tin,scrap,China,EU27,41.87473942181143
2015,tin,scrap,China,RoW,221.09335034887974
2015,tin,scrap,EU27,China,12.661909512569634
2015,tin,scrap,EU27,EU27,4838.501722729639
2015,tin,scrap,EU27,RoW,1690.4852265799902
2015,tin,scrap,RoW,China,282.5851611853866
2015,tin,scrap,RoW,EU27,2506.094537848549
2015,tin,scrap,RoW,RoW,67037.35842307111
2015,zinc,concentrates,China,China,0.0
2015,zinc,concentrates,China,EU27,584.6684537235557
2015,zinc,concentrates,China,RoW,11174.526341702847
2015,zinc,concentrates,EU27,China,260250.9045243481
2015,zinc,concentrates,EU27,EU27,1419703.365910392
2015,zinc,concentrates,EU27,RoW,284048.7312652599
2015,zinc,concentrates,RoW,China,2609263.3421710758
2015,zinc,concentrates,RoW,EU27,2196088.0626358846
2015,zinc,concentrates,RoW,RoW,4641367.385193038
2015,zinc,refined_metal,China,China,0.0
2015,zinc,refined_metal,China,EU27,1834.4511917174555
2015,zinc,refined_metal,China,RoW,39965.02362377863
2015,zinc,refined_metal,EU27,China,103618.64172871488
2015,zinc,refined_metal,EU27,EU27,1432091.3839766087
2015,zinc,refined_metal,EU27,RoW,333078.02659467654
2015,zinc,refined_metal,RoW,China,599407.6365867815
2015,zinc,refined_metal,RoW,EU27,448709.0103316738
2015,zinc,refined_metal,RoW,RoW,2773897.875481545
2015,zinc,scrap,China,China,0.0
2015,zinc,scrap,China,EU27,108.40812202571229
2015,zinc,scrap,China,RoW,610.9073779742877
2015,zinc,scrap,EU27,China,37168.614494938316
2015,zinc,scrap,EU27,EU27,389647.14001723105
2015,zinc,scrap,EU27,RoW,60097.94648783068
2015,zinc,scrap,RoW,China,69916.22200506167
2015,zinc,scrap,RoW,EU27,80956.74036074331
2015,zinc,scrap,RoW,RoW,207742.499634195
2016,nickel,concentrates,China,China,0.0
2016,nickel,concentrates,China,EU27,104.50736431589154
2016,nickel,concentrates,China,RoW,5687.0394856841085
2016,nickel,concentrates,EU27,China,61547.95714452969
2016,nickel,concentrates,EU27,EU27,5456.824335332016
2016,nickel,concentrates,EU27,RoW,54758.22272013833
2016,nickel,concentrates,RoW,China,13091666.212855471
2016,nickel,concentrates,RoW,EU27,552088.0792503522
2016,nickel,concentrates,RoW,RoW,14876122.948594175
2016,nickel,refined_metal,China,China,0.0
2016,nickel,refined_metal,China,EU27,4634.246849036659
2016,nickel,refined_metal,China,RoW,8177.679317343438
2016,nickel,refined_metal,EU27,China,7853.310577622763
2016,nickel,refined_metal,EU27,EU27,105102.96978854635
2016,nickel,refined_metal,EU27,RoW,55253.429401875204
2016,nickel,refined_metal,RoW,China,457597.0530139789
2016,nickel,refined_metal,RoW,EU27,302170.111412417
2016,nickel,refined_metal,RoW,RoW,831362.8374807814
2016,nickel,scrap,China,China,0.0
2016,nickel,scrap,China,EU27,96.85100465310762
2016,nickel,scrap,China,RoW,1741.3925755436821
2016,nickel,scrap,EU27,China,4.174676093551006
2016,nickel,scrap,EU27,EU27,29188.469248151137
2016,nickel,scrap,EU27,RoW,13694.499107419386
2016,nickel,scrap,RoW,China,2141.280264138852
2016,nickel,scrap,RoW,EU27,14526.39674719576
2016,nickel,scrap,RoW,RoW,72257.54031703694
2016,tin,concentrates,China,China,0.0
2016,tin,concentrates,China,EU27,1.2441251877854564
2016,tin,concentrates,China,RoW,384.39187481221455
2016,tin,concentrates,EU27,China,0.0007922552047403725
2016,tin,concentrates,EU27,EU27,1268.804388565597
2016,tin,concentrates,EU27,RoW,793.8709603062745
2016,tin,concentrates,RoW,China,1499.1822077447955
2016,tin,concentrates,RoW,EU27,1434.7094862466176
2016,tin,concentrates,RoW,RoW,43483.981332938594
2016,tin,refined_metal,China,China,0.0
2016,tin,refined_metal,China,EU27,1864.767608852566
2016,tin,refined_metal,China,RoW,9459.440327199853
2016,tin,refined_metal,EU27,China,109.38636568709026
2016,tin,refined_metal,EU27,EU27,33677.28547510691
2016,tin,refined_metal,EU27,RoW,7058.46617330956
2016,tin,refined_metal,RoW,China,11651.625225393362
2016,tin,refined_metal,RoW,EU27,48033.21891604053
2016,tin,refined_metal,RoW,RoW,163411.9884994906
2016,tin,scrap,China,China,0.0
2016,tin,scrap,China,EU27,164.40588917864355
2016,tin,scrap,China,RoW,624.002077891617
2016,tin,scrap,EU27,China,0.0
2016,tin,scrap,EU27,EU27,5993.608026124761
2016,tin,scrap,EU27,RoW,853.723042708837
2016,tin,scrap,RoW,China,651.4197779760111
2016,tin,scrap,RoW,EU27,2969.6300846965955
2016,tin,scrap,RoW,RoW,60063.55887939955
2016,zinc,concentrates,China,China,0.0
2016,zinc,concentrates,China,EU27,223.961921401333
2016,zinc,concentrates,China,RoW,4806.932378598668
2016,zinc,concentrates,EU27,China,109515.14140376323
2016,zinc,concentrates,EU27,EU27,1371514.5649180966
2016,zinc,concentrates,EU27,RoW,343791.33067814
2016,zinc,concentrates,RoW,China,1887404.6010962364
2016,zinc,concentrates,RoW,EU27,2008738.9311605024
2016,zinc,concentrates,RoW,RoW,4853834.4026432615
2016,zinc,refined_metal,China,China,0.0
2016,zinc,refined_metal,China,EU27,1105.7293333063676
2016,zinc,refined_metal,China,RoW,29692.39686669363
2016,zinc,refined_metal,EU27,China,32586.65026938343
2016,zinc,refined_metal,EU27,EU27,1356599.288508413
2016,zinc,refined_metal,EU27,RoW,325299.4692478521
2016,zinc,refined_metal,RoW,China,461956.3442306165
2016,zinc,refined_metal,RoW,EU27,496660.5296525706
2016,zinc,refined_metal,RoW,RoW,2946624.420685454
2016,zinc,scrap,China,China,0.0
2016,zinc,scrap,China,EU27,77.88389359996044
2016,zinc,scrap,China,RoW,2086.501106400039
2016,zinc,scrap,EU27,China,25533.991428581303
2016,zinc,scrap,EU27,EU27,420903.0367134618
2016,zinc,scrap,EU27,RoW,77435.7408579569
2016,zinc,scrap,RoW,China,46144.81157141869
2016,zinc,scrap,RoW,EU27,76383.38732774816
2016,zinc,scrap,RoW,RoW,236889.81910083312
2017,nickel,concentrates,China,China,0.0
2017,nickel,concentrates,China,EU27,0.9240851378814938
2017,nickel,concentrates,China,RoW,365.890843289615
2017,nickel,concentrates,EU27,China,59402.14459650014
2017,nickel,concentrates,EU27,EU27,2854.8573830423975
2017,nickel,concentrates,EU27,RoW,14418.612370457447
2017,nickel,concentrates,RoW,China,38550100.67953192
2017,nickel,concentrates,RoW,EU27,620852.5046318198
2017,nickel,concentrates,RoW,RoW,10412102.868336253
2017,nickel,refined_metal,China,China,0.0
2017,nickel,refined_metal,China,EU27,8336.702199805075
2017,nickel,refined_metal,China,RoW,11548.630967158571
2017,nickel,refined_metal,EU27,China,14041.423621767472
2017,nickel,refined_metal,EU27,EU27,114499.21090371851
2017,nickel,refined_metal,EU27,RoW,54598.845362045686
2017,nickel,refined_metal,RoW,China,508442.6311948808
2017,nickel,refined_metal,RoW,EU27,302198.92579647637
2017,nickel,refined_metal,RoW,RoW,718868.4791207956
2017,nickel,scrap,China,China,0.0
2017,nickel,scrap,China,EU27,76.21750567821286
2017,nickel,scrap,China,RoW,2258.9944943217874
2017,nickel,scrap,EU27,China,3.887636057394029
2017,nickel,scrap,EU27,EU27,25212.474271254847
2017,nickel,scrap,EU27,RoW,16675.93509268776
2017,nickel,scrap,RoW,China,2311.725363942606
2017,nickel,scrap,RoW,EU27,12045.422223066947
2017,nickel,scrap,RoW,RoW,75963.87241299043
2017,tin,concentrates,China,China,0.0
2017,tin,concentrates,China,EU27,0.9220641178775368
2017,tin,concentrates,China,RoW,484.1967000540528
2017,tin,concentrates,EU27,China,49.69583360959519
2017,tin,concentrates,EU27,EU27,1479.431049180511
2017,tin,concentrates,EU27,RoW,733.2821128912117
2017,tin,concentrates,RoW,China,3764.1301663904046
2017,tin,concentrates,RoW,EU27,1472.1798867016114
2017,tin,concentrates,RoW,RoW,52784.69744441186
2017,tin,refined_metal,China,China,0.0
2017,tin,refined_metal,China,EU27,2616.102946591636
2017,tin,refined_metal,China,RoW,11931.071053408365
2017,tin,refined_metal,EU27,China,49.78129043380214
2017,tin,refined_metal,EU27,EU27,34393.64510223957
2017,tin,refined_metal,EU27,RoW,6876.23960732663
2017,tin,refined_metal,RoW,China,5026.906709566198
2017,tin,refined_metal,RoW,EU27,54166.24195116879
2017,tin,refined_metal,RoW,RoW,164408.640339265
2017,tin,scrap,China,China,0.0
2017,tin,scrap,China,EU27,203.44080925645366
2017,tin,scrap,China,RoW,927.0081907435466
2017,tin,scrap,EU27,China,0.0028989574267891823
2017,tin,scrap,EU27,EU27,6424.770853142095
2017,tin,scrap,EU27,RoW,1553.3322479004757
2017,tin,scrap,RoW,China,305.62110104257323
2017,tin,scrap,RoW,EU27,2589.62433760145
2017,tin,scrap,RoW,RoW,79117.57656135598
2017,zinc,concentrates,China,China,0.0
2017,zinc,concentrates,China,EU27,735.2436225740609
2017,zinc,concentrates,China,RoW,15516.649077425938
2017,zinc,concentrates,EU27,China,84828.99897469934
2017,zinc,concentrates,EU27,EU27,1394930.6809020073
2017,zinc,concentrates,EU27,RoW,350871.5315232934
2017,zinc,concentrates,RoW,China,2295153.455225301
2017,zinc,concentrates,RoW,EU27,2006345.3272754184
2017,zinc,concentrates,RoW,RoW,5005768.773999279
2017,zinc,refined_metal,China,China,0.0
2017,zinc,refined_metal,China,EU27,2097.8544595832495
2017,zinc,refined_metal,China,RoW,60189.55694041675
2017,zinc,refined_metal,EU27,China,64661.08200495177
2017,zinc,refined_metal,EU27,EU27,1422057.4267003043
2017,zinc,refined_metal,EU27,RoW,423061.72989474365
2017,zinc,refined_metal,RoW,China,592973.5343970952
2017,zinc,refined_metal,RoW,EU27,440165.3750401126
2017,zinc,refined_metal,RoW,RoW,2909494.682662792
2017,zinc,scrap,China,China,0.0
2017,zinc,scrap,China,EU27,99.93997544827192
2017,zinc,scrap,China,RoW,5319.939524551729
2017,zinc,scrap,EU27,China,27991.378513937285
2017,zinc,scrap,EU27,EU27,437013.7812773501
2017,zinc,scrap,EU27,RoW,121721.18570871266
2017,zinc,scrap,RoW,China,34678.305986062725
2017,zinc,scrap,RoW,EU27,79073.84574720173
2017,zinc,scrap,RoW,RoW,255739.7582667355
2018,nickel,concentrates,China,China,0.0
2018,nickel,concentrates,China,EU27,0.7779480532473247
2018,nickel,concentrates,China,RoW,229.42893308980538
2018,nickel,concentrates,EU27,China,61076.045929493346
2018,nickel,concentrates,EU27,EU27,4148.989483737967
2018,nickel,concentrates,EU27,RoW,21857.480331398223
2018,nickel,concentrates,RoW,China,43943377.02462847
2018,nickel,concentrates,RoW,EU27,401770.0860682088
2018,nickel,concentrates,RoW,RoW,9615582.227735512
2018,nickel,refined_metal,China,China,0.0
2018,nickel,refined_metal,China,EU27,2154.9031393826394
2018,nickel,refined_metal,China,RoW,5652.745060617362
2018,nickel,refined_metal,EU27,China,17465.965650038117
2018,nickel,refined_metal,EU27,EU27,113247.05983070299
2018,nickel,refined_metal,EU27,RoW,64534.393269258544
2018,nickel,refined_metal,RoW,China,322074.6811499619
2018,nickel,refined_metal,RoW,EU27,328230.0449550607
2018,nickel,refined_metal,RoW,RoW,699834.4096701241
2018,nickel,scrap,China,China,0.0
2018,nickel,scrap,China,EU27,103.72570965757053
2018,nickel,scrap,China,RoW,3102.1052903424297
2018,nickel,scrap,EU27,China,2.5584392210738205
2018,nickel,scrap,EU27,EU27,26345.555397541208
2018,nickel,scrap,EU27,RoW,14978.659163237717
2018,nickel,scrap,RoW,China,1341.0685607789262
2018,nickel,scrap,RoW,EU27,15619.317121424607
2018,nickel,scrap,RoW,RoW,77535.60731779646
2018,tin,concentrates,China,China,0.0
2018,tin,concentrates,China,EU27,0.14680906598237561
2018,tin,concentrates,China,RoW,95.79632358716805
2018,tin,concentrates,EU27,China,290.2776347819115
2018,tin,concentrates,EU27,EU27,731.0470465405094
2018,tin,concentrates,EU27,RoW,615.211318677579
2018,tin,concentrates,RoW,China,5672.051497871239
2018,tin,concentrates,RoW,EU27,958.7181443935084
2018,tin,concentrates,RoW,RoW,56505.580357735256
2018,tin,refined_metal,China,China,0.0
2018,tin,refined_metal,China,EU27,2970.121324697049
2018,tin,refined_metal,China,RoW,13146.45667530295
2018,tin,refined_metal,EU27,China,102.61947308795042
2018,tin,refined_metal,EU27,EU27,33499.65925107877
2018,tin,refined_metal,EU27,RoW,6333.091221057964
2018,tin,refined_metal,RoW,China,5001.50252691205
2018,tin,refined_metal,RoW,EU27,51662.596858914636
2018,tin,refined_metal,RoW,RoW,166604.46610363908
2018,tin,scrap,China,China,0.0
2018,tin,scrap,China,EU27,17.72187850807074
2018,tin,scrap,China,RoW,2215.18275450995
2018,tin,scrap,EU27,China,1.0110556224234868
2018,tin,scrap,EU27,EU27,4768.619309812134
2018,tin,scrap,EU27,RoW,617.1911411723378
2018,tin,scrap,RoW,China,4284.621505743277
2018,tin,scrap,RoW,EU27,2198.125811679795
2018,tin,scrap,RoW,RoW,92090.83810431772
2018,zinc,concentrates,China,China,0.0
2018,zinc,concentrates,China,EU27,102.49479059375109
2018,zinc,concentrates,China,RoW,5815.9171094062485
2018,zinc,concentrates,EU27,China,73289.60804213461
2018,zinc,concentrates,EU27,EU27,1575229.9969754645
2018,zinc,concentrates,EU27,RoW,386203.722182401
2018,zinc,concentrates,RoW,China,2483224.914140286
2018,zinc,concentrates,RoW,EU27,2134817.610362521
2018,zinc,concentrates,RoW,RoW,5225856.952097194
2018,zinc,refined_metal,China,China,0.0
2018,zinc,refined_metal,China,EU27,706.2480619837003
2018,zinc,refined_metal,China,RoW,26282.432099029145
2018,zinc,refined_metal,EU27,China,75274.48192159412
2018,zinc,refined_metal,EU27,EU27,1308064.6512223175
2018,zinc,refined_metal,EU27,RoW,350459.433161102
2018,zinc,refined_metal,RoW,China,574532.9135520465
2018,zinc,refined_metal,RoW,EU27,448299.3677156989
2018,zinc,refined_metal,RoW,RoW,2948359.4610398686
2018,zinc,scrap,China,China,0.0
2018,zinc,scrap,China,EU27,34.399346707489045
2018,zinc,scrap,China,RoW,709.7882134233607
2018,zinc,scrap,EU27,China,27372.345202401666
2018,zinc,scrap,EU27,EU27,391962.172990531
2018,zinc,scrap,EU27,RoW,96217.1306024616
2018,zinc,scrap,RoW,China,23317.070797598335
2018,zinc,scrap,RoW,EU27,77927.41166276156
2018,zinc,scrap,RoW,RoW,279927.5198299153
2019,nickel,concentrates,China,China,0.0
2019,nickel,concentrates,China,EU27,7.833654350557693
2019,nickel,concentrates,China,RoW,2186.6874956494426
2019,nickel,concentrates,EU27,China,8901.633082173912
2019,nickel,concentrates,EU27,EU27,2574.0947789706775
2019,nickel,concentrates,EU27,RoW,8840.596988855406
2019,nickel,concentrates,RoW,China,45878990.07522487
2019,nickel,concentrates,RoW,EU27,617254.9452512877
2019,nickel,concentrates,RoW,RoW,9787797.196723843
2019,nickel,refined_metal,China,China,0.0
2019,nickel,refined_metal,China,EU27,2336.299868395761
2019,nickel,refined_metal,China,RoW,10795.681498721015
2019,nickel,refined_metal,EU27,China,22071.1212540632
2019,nickel,refined_metal,EU27,EU27,96847.38387830774
2019,nickel,refined_metal,EU27,RoW,65710.81288773562
2019,nickel,refined_metal,RoW,China,421897.4054407633
2019,nickel,refined_metal,RoW,EU27,305313.1952532965
2019,nickel,refined_metal,RoW,RoW,710613.8647135433
2019,nickel,scrap,China,China,0.0
2019,nickel,scrap,China,EU27,106.34173304662762
2019,nickel,scrap,China,RoW,4331.511266953373
2019,nickel,scrap,EU27,China,0.1389221759050406
2019,nickel,scrap,EU27,EU27,23229.435219292744
2019,nickel,scrap,EU27,RoW,15715.184858531353
2019,nickel,scrap,RoW,China,2112.957160646418
2019,nickel,scrap,RoW,EU27,15933.33804766063
2019,nickel,scrap,RoW,RoW,90706.94779169296
2019,tin,concentrates,China,China,0.0
2019,tin,concentrates,China,EU27,0.05300196488210353
2019,tin,concentrates,China,RoW,1509.698998035118
2019,tin,concentrates,EU27,China,34.875644755604526
2019,tin,concentrates,EU27,EU27,508.37225177640914
2019,tin,concentrates,EU27,RoW,717.4801034679864
2019,tin,concentrates,RoW,China,6763.027121155588
2019,tin,concentrates,RoW,EU27,985.3247462587087
2019,tin,concentrates,RoW,RoW,55387.99813258571
2019,tin,refined_metal,China,China,0.0
2019,tin,refined_metal,China,EU27,2607.5020445742766
2019,tin,refined_metal,China,RoW,13508.210644890709
2019,tin,refined_metal,EU27,China,161.08520399589412
2019,tin,refined_metal,EU27,EU27,32907.61251873792
2019,tin,refined_metal,EU27,RoW,7801.791368129323
2019,tin,refined_metal,RoW,China,4891.161558226479
2019,tin,refined_metal,RoW,EU27,50938.7684366878
2019,tin,refined_metal,RoW,RoW,159069.05398697994
2019,tin,scrap,China,China,0.0
2019,tin,scrap,China,EU27,0.7617651943940805
2019,tin,scrap,China,RoW,618.4772348056059
2019,tin,scrap,EU27,China,0.35765395580072906
2019,tin,scrap,EU27,EU27,6237.1668995830705
2019,tin,scrap,EU27,RoW,659.5000167155048
2019,tin,scrap,RoW,China,736.2953460441993
2019,tin,scrap,RoW,EU27,1251.7929261444335
2019,tin,scrap,RoW,RoW,60712.08974847889
2019,zinc,concentrates,China,China,0.0
2019,zinc,concentrates,China,EU27,157.50598794453657
2019,zinc,concentrates,China,RoW,23662.78635692323
2019,zinc,concentrates,EU27,China,169870.81917981285
2019,zinc,concentrates,EU27,EU27,1467617.227812787
2019,zinc,concentrates,EU27,RoW,397235.2802073999
2019,zinc,concentrates,RoW,China,2998316.221065056
2019,zinc,concentrates,RoW,EU27,2140162.9931992684
2019,zinc,concentrates,RoW,RoW,5086275.549835676
2019,zinc,refined_metal,China,China,0.0
2019,zinc,refined_metal,China,EU27,622.0917108960228
2019,zinc,refined_metal,China,RoW,47861.40738910398
2019,zinc,refined_metal,EU27,China,80631.97638817989
2019,zinc,refined_metal,EU27,EU27,1399560.3237687924
2019,zinc,refined_metal,EU27,RoW,429587.93844302755
2019,zinc,refined_metal,RoW,China,652154.8007086284
2019,zinc,refined_metal,RoW,EU27,402342.3440203116
2019,zinc,refined_metal,RoW,RoW,2874953.1906710602
2019,zinc,scrap,China,China,0.0
2019,zinc,scrap,China,EU27,297.82605572708394
2019,zinc,scrap,China,RoW,2266.444444272916
2019,zinc,scrap,EU27,China,28353.463269478576
2019,zinc,scrap,EU27,EU27,451444.5245728541
2019,zinc,scrap,EU27,RoW,109088.43815766729
2019,zinc,scrap,RoW,China,43841.064797355095
2019,zinc,scrap,RoW,EU27,86026.4203045852
2019,zinc,scrap,RoW,RoW,256889.34739805976
2020,nickel,concentrates,China,China,0.0
2020,nickel,concentrates,China,EU27,3.255701242195286
2020,nickel,concentrates,China,RoW,1395.4948487578047
2020,nickel,concentrates,EU27,China,41251.55699657072
2020,nickel,concentrates,EU27,EU27,11300.20871015935
2020,nickel,concentrates,EU27,RoW,39046.38036664364
2020,nickel,concentrates,RoW,China,42173597.215553425
2020,nickel,concentrates,RoW,EU27,672334.095856908
2020,nickel,concentrates,RoW,RoW,8414086.15711541
2020,nickel,refined_metal,China,China,0.0
2020,nickel,refined_metal,China,EU27,2966.3086966489614
2020,nickel,refined_metal,China,RoW,11409.457219964104
2020,nickel,refined_metal,EU27,China,23276.536368935474
2020,nickel,refined_metal,EU27,EU27,105954.2137684065
2020,nickel,refined_metal,EU27,RoW,69071.84866345976
2020,nickel,refined_metal,RoW,China,356683.8205844711
2020,nickel,refined_metal,RoW,EU27,275305.93953494454
2020,nickel,refined_metal,RoW,RoW,607197.3970665762
2020,nickel,scrap,China,China,0.0
2020,nickel,scrap,China,EU27,20.07405545714356
2020,nickel,scrap,China,RoW,1428.1749445428566
2020,nickel,scrap,EU27,China,0.1349936323392086
2020,nickel,scrap,EU27,EU27,22214.85618351339
2020,nickel,scrap,EU27,RoW,15165.452822854268
2020,nickel,scrap,RoW,China,2259.680001448289
2020,nickel,scrap,RoW,EU27,18347.573761029467
2020,nickel,scrap,RoW,RoW,109405.47523752226
2020,tin,concentrates,China,China,0.0
2020,tin,concentrates,China,EU27,0.002845488873180872
2020,tin,concentrates,China,RoW,3.085654554008485
2020,tin,concentrates,EU27,China,106.80659128634578
2020,tin,concentrates,EU27,EU27,231.9656252181588
2020,tin,concentrates,EU27,RoW,565.8487834954955
2020,tin,concentrates,RoW,China,15472.54590875654
2020,tin,concentrates,RoW,EU27,791.569529292968
2020,tin,concentrates,RoW,RoW,58483.9655619505
2020,tin,refined_metal,China,China,0.0
2020,tin,refined_metal,China,EU27,1599.1515360756393
2020,tin,refined_metal,China,RoW,12530.719623310817
2020,tin,refined_metal,EU27,China,1353.8680681989526
2020,tin,refined_metal,EU27,EU27,30617.57978576793
2020,tin,refined_metal,EU27,RoW,7554.314146033116
2020,tin,refined_metal,RoW,China,17904.429091187492
2020,tin,refined_metal,RoW,EU27,45115.960678156436
2020,tin,refined_metal,RoW,RoW,130548.90023065609
2020,tin,scrap,China,China,0.0
2020,tin,scrap,China,EU27,0.0641972161503473
2020,tin,scrap,China,RoW,60.28880278384965
2020,tin,scrap,EU27,China,0.05909855122465941
2020,tin,scrap,EU27,EU27,5269.652569460442
2020,tin,scrap,EU27,RoW,493.70031504289034
2020,tin,scrap,RoW,China,87.65290144877535
2020,tin,scrap,RoW,EU27,1040.480865946209
2020,tin,scrap,RoW,RoW,36363.20588217326
2020,zinc,concentrates,China,China,0.0
2020,zinc,concentrates,China,EU27,22.601217657401985
2020,zinc,concentrates,China,RoW,3245.12129825448
2020,zinc,concentrates,EU27,China,188266.82348645708
2020,zinc,concentrates,EU27,EU27,1464122.5425913366
2020,zinc,concentrates,EU27,RoW,422847.6043204266
2020,zinc,concentrates,RoW,China,3220459.6934337886
2020,zinc,concentrates,RoW,EU27,1816710.109791006
2020,zinc,concentrates,RoW,RoW,4708784.550581319
2020,zinc,refined_metal,China,China,0.0
2020,zinc,refined_metal,China,EU27,279.082495905608
2020,zinc,refined_metal,China,RoW,36542.505704094394
2020,zinc,refined_metal,EU27,China,35172.92595148684
2020,zinc,refined_metal,EU27,EU27,1280127.6950120854
2020,zinc,refined_metal,EU27,RoW,512843.2691184812
2020,zinc,refined_metal,RoW,China,701727.3489485133
2020,zinc,refined_metal,RoW,EU27,358282.49339200906
2020,zinc,refined_metal,RoW,RoW,2870411.7711724206
2020,zinc,scrap,China,China,0.0
2020,zinc,scrap,China,EU27,76.3256762008322
2020,zinc,scrap,China,RoW,1216.7837322554817
2020,zinc,scrap,EU27,China,62596.39575267844
2020,zinc,scrap,EU27,EU27,429031.7236524042
2020,zinc,scrap,EU27,RoW,98435.1225949173
2020,zinc,scrap,RoW,China,131268.2181557778
2020,zinc,scrap,RoW,EU27,72955.28317139497
2020,zinc,scrap,RoW,RoW,247799.32117282724
2021,nickel,concentrates,China,China,0.0
2021,nickel,concentrates,China,EU27,1.859791327904063
2021,nickel,concentrates,China,RoW,143.07715867209595
2021,nickel,concentrates,EU27,China,41872.07833830485
2021,nickel,concentrates,EU27,EU27,11483.853710401012
2021,nickel,concentrates,EU27,RoW,42081.516369180856
2021,nickel,concentrates,RoW,China,44275878.8921617
2021,nickel,concentrates,RoW,EU27,1281686.3225423966
2021,nickel,concentrates,RoW,RoW,9458359.133972146
2021,nickel,refined_metal,China,China,0.0
2021,nickel,refined_metal,China,EU27,583.5091562777123
2021,nickel,refined_metal,China,RoW,2292.3739806491053
2021,nickel,refined_metal,EU27,China,46190.925510105706
2021,nickel,refined_metal,EU27,EU27,111980.0969234506
2021,nickel,refined_metal,EU27,RoW,62242.585666443694
2021,nickel,refined_metal,RoW,China,631532.7482268212
2021,nickel,refined_metal,RoW,EU27,250003.4511702717
2021,nickel,refined_metal,RoW,RoW,601553.8918529071
2021,nickel,scrap,China,China,0.0
2021,nickel,scrap,China,EU27,71.44047530340745
2021,nickel,scrap,China,RoW,1388.370834609301
2021,nickel,scrap,EU27,China,0.09305087751191264
2021,nickel,scrap,EU27,EU27,26603.311464767918
2021,nickel,scrap,EU27,RoW,15032.16227260871
2021,nickel,scrap,RoW,China,4907.265156387467
2021,nickel,scrap,RoW,EU27,17224.207059928678
2021,nickel,scrap,RoW,RoW,94887.85789278199
2021,tin,concentrates,China,China,0.0
2021,tin,concentrates,China,EU27,8.67569369123885
2021,tin,concentrates,China,RoW,44.202306308761145
2021,tin,concentrates,EU27,China,26.676472910790544
2021,tin,concentrates,EU27,EU27,1458.4388426573373
2021,tin,concentrates,EU27,RoW,1349.4506844318723
2021,tin,concentrates,RoW,China,29926.247920199174
2021,tin,concentrates,RoW,EU27,1362.3430705414573
2021,tin,concentrates,RoW,RoW,43674.15600925937
2021,tin,refined_metal,China,China,0.0
2021,tin,refined_metal,China,EU27,1572.6026627687966
2021,tin,refined_metal,China,RoW,14730.857337231204
2021,tin,refined_metal,EU27,China,62.061921125873084
2021,tin,refined_metal,EU27,EU27,33728.54968429932
2021,tin,refined_metal,EU27,RoW,8496.125394574807
2021,tin,refined_metal,RoW,China,6767.974078874128
2021,tin,refined_metal,RoW,EU27,53223.73856075709
2021,tin,refined_metal,RoW,RoW,163610.07636036878
2021,tin,scrap,China,China,0.0
2021,tin,scrap,China,EU27,0.3955409570354232
2021,tin,scrap,China,RoW,76.87345904296457
2021,tin,scrap,EU27,China,0.15906364769324388
2021,tin,scrap,EU27,EU27,5757.5657586067
2021,tin,scrap,EU27,RoW,333.809680734499
2021,tin,scrap,RoW,China,31.793936352306755
2021,tin,scrap,RoW,EU27,2148.1727424642504
2021,tin,scrap,RoW,RoW,48132.10586022254
2021,zinc,concentrates,China,China,0.0
2021,zinc,concentrates,China,EU27,35.778455402759135
2021,zinc,concentrates,China,RoW,3001.620444597241
2021,zinc,concentrates,EU27,China,159108.51623673236
2021,zinc,concentrates,EU27,EU27,1637106.1313053675
2021,zinc,concentrates,EU27,RoW,444527.59068080713
2021,zinc,concentrates,RoW,China,3325940.7258632677
2021,zinc,concentrates,RoW,EU27,1805437.2366363106
2021,zinc,concentrates,RoW,RoW,4721188.437374596
2021,zinc,refined_metal,China,China,0.0
2021,zinc,refined_metal,China,EU27,134.69339529342787
2021,zinc,refined_metal,China,RoW,21759.118204706574
2021,zinc,refined_metal,EU27,China,8685.690565808474
2021,zinc,refined_metal,EU27,EU27,1385543.678599219
2021,zinc,refined_metal,EU27,RoW,494072.10612969275
2021,zinc,refined_metal,RoW,China,640943.0173341916
2021,zinc,refined_metal,RoW,EU27,342245.4814897971
2021,zinc,refined_metal,RoW,RoW,2918611.7026656005
2021,zinc,scrap,China,China,0.0
2021,zinc,scrap,China,EU27,4.770870875303825
2021,zinc,scrap,China,RoW,458.18662912469614
2021,zinc,scrap,EU27,China,6201.680930989056
2021,zinc,scrap,EU27,EU27,467810.99043743225
2021,zinc,scrap,EU27,RoW,132143.4985410822
2021,zinc,scrap,RoW,China,36315.50006901094
2021,zinc,scrap,RoW,EU27,71074.17569169251
2021,zinc,scrap,RoW,RoW,348047.68253378896
2022,nickel,concentrates,China,China,0.0
2022,nickel,concentrates,China,EU27,10.185712698904812
2022,nickel,concentrates,China,RoW,1833.1174321093358
2022,nickel,concentrates,EU27,China,69554.45557454694
2022,nickel,concentrates,EU27,EU27,2068.8453449338213
2022,nickel,concentrates,EU27,RoW,37250.12753051923
2022,nickel,concentrates,RoW,China,40552659.18657026
2022,nickel,concentrates,RoW,EU27,301570.0331923673
2022,nickel,concentrates,RoW,RoW,6275360.435037371
2022,nickel,refined_metal,China,China,0.0
2022,nickel,refined_metal,China,EU27,2575.130079245935
2022,nickel,refined_metal,China,RoW,12082.513370754064
2022,nickel,refined_metal,EU27,China,27017.276025484658
2022,nickel,refined_metal,EU27,EU27,123560.22868506015
2022,nickel,refined_metal,EU27,RoW,70469.0902394552
2022,nickel,refined_metal,RoW,China,642666.942537664
2022,nickel,refined_metal,RoW,EU27,257188.9853225456
2022,nickel,refined_metal,RoW,RoW,583234.1633897907
2022,nickel,scrap,China,China,0.0
2022,nickel,scrap,China,EU27,66.52732037546478
2022,nickel,scrap,China,RoW,4037.7886796245352
2022,nickel,scrap,EU27,China,84.57181277243406
2022,nickel,scrap,EU27,EU27,27343.95384033042
2022,nickel,scrap,EU27,RoW,15182.159346897144
2022,nickel,scrap,RoW,China,4041.9191872275655
2022,nickel,scrap,RoW,EU27,15564.954919167763
2022,nickel,scrap,RoW,RoW,100868.61689360467
2022,tin,concentrates,China,China,0.0
2022,tin,concentrates,China,EU27,0.1244953225553584
2022,tin,concentrates,China,RoW,84.65725967151623
2022,tin,concentrates,EU27,China,29.255212515209095
2022,tin,concentrates,EU27,EU27,592.6651027723759
2022,tin,concentrates,EU27,RoW,559.1832301226605
2022,tin,concentrates,RoW,China,45467.15331434293
2022,tin,concentrates,RoW,EU27,645.3264019050688
2022,tin,concentrates,RoW,RoW,37743.30251020582
2022,tin,refined_metal,China,China,0.0
2022,tin,refined_metal,China,EU27,1514.4668998301127
2022,tin,refined_metal,China,RoW,10436.474521802777
2022,tin,refined_metal,EU27,China,116.5394627503096
2022,tin,refined_metal,EU27,EU27,34160.019804172014
2022,tin,refined_metal,EU27,RoW,6480.581836264319
2022,tin,refined_metal,RoW,China,21914.279089168198
2022,tin,refined_metal,RoW,EU27,50931.830295997876
2022,tin,refined_metal,RoW,RoW,137471.5236419329
2022,tin,scrap,China,China,0.0
2022,tin,scrap,China,EU27,0.2352893269326459
2022,tin,scrap,China,RoW,143.9939333619602
2022,tin,scrap,EU27,China,3.6530823105527848
2022,tin,scrap,EU27,EU27,4300.627866023885
2022,tin,scrap,EU27,RoW,2102.996800155122
2022,tin,scrap,RoW,China,132.79285341446337
2022,tin,scrap,RoW,EU27,2612.657844649182
2022,tin,scrap,RoW,RoW,80324.92026648292
2022,zinc,concentrates,China,China,0.0
2022,zinc,concentrates,China,EU27,30.10951449096344
2022,zinc,concentrates,China,RoW,3649.748471959787
2022,zinc,concentrates,EU27,China,93093.11677288178
2022,zinc,concentrates,EU27,EU27,1488150.0701758962
2022,zinc,concentrates,EU27,RoW,378405.8757762266
2022,zinc,concentrates,RoW,China,3845779.485905115
2022,zinc,concentrates,RoW,EU27,1629799.0705096133
2022,zinc,concentrates,RoW,RoW,4687190.604651813
2022,zinc,refined_metal,China,China,0.0
2022,zinc,refined_metal,China,EU27,337.2556821720908
2022,zinc,refined_metal,China,RoW,48146.243417827915
2022,zinc,refined_metal,EU27,China,673.0388385422981
2022,zinc,refined_metal,EU27,EU27,1163689.068542765
2022,zinc,refined_metal,EU27,RoW,347517.8233224864
2022,zinc,refined_metal,RoW,China,232005.2670614577
2022,zinc,refined_metal,RoW,EU27,452796.96428411605
2022,zinc,refined_metal,RoW,RoW,2953535.4103596853
2022,zinc,scrap,China,China,0.0
2022,zinc,scrap,China,EU27,26.88129364415925
2022,zinc,scrap,China,RoW,1038.4042063558409
2022,zinc,scrap,EU27,China,3533.396397712301
2022,zinc,scrap,EU27,EU27,422309.2055717247
2022,zinc,scrap,EU27,RoW,113373.13928029436
2022,zinc,scrap,RoW,China,31155.015602287698
2022,zinc,scrap,RoW,EU27,55895.662280671684
2022,zinc,scrap,RoW,RoW,384277.2687147757
2023,nickel,concentrates,China,China,0.0
2023,nickel,concentrates,China,EU27,90.43200777021592
2023,nickel,concentrates,China,RoW,639.3310422297841
2023,nickel,concentrates,EU27,China,40985.756839280635
2023,nickel,concentrates,EU27,EU27,19564.034040876395
2023,nickel,concentrates,EU27,RoW,51113.20654206384
2023,nickel,concentrates,RoW,China,21420462.86841072
2023,nickel,concentrates,RoW,EU27,484876.84205135336
2023,nickel,concentrates,RoW,RoW,4731615.73146127
2023,nickel,refined_metal,China,China,0.0
2023,nickel,refined_metal,China,EU27,1618.5369354576162
2023,nickel,refined_metal,China,RoW,14957.054264542387
2023,nickel,refined_metal,EU27,China,24920.68772173603
2023,nickel,refined_metal,EU27,EU27,126750.94152020477
2023,nickel,refined_metal,EU27,RoW,75096.26730805924
2023,nickel,refined_metal,RoW,China,885568.5523685004
2023,nickel,refined_metal,RoW,EU27,256791.14695773405
2023,nickel,refined_metal,RoW,RoW,578831.5948737655
2023,nickel,scrap,China,China,0.0
2023,nickel,scrap,China,EU27,78.97309492362872
2023,nickel,scrap,China,RoW,4868.777905076371
2023,nickel,scrap,EU27,China,112.1359148626198
2023,nickel,scrap,EU27,EU27,25863.1652339087
2023,nickel,scrap,EU27,RoW,19220.687851228682
2023,nickel,scrap,RoW,China,6736.127979170252
2023,nickel,scrap,RoW,EU27,17070.709671167668
2023,nickel,scrap,RoW,RoW,117678.3673496621
2023,tin,concentrates,China,China,0.0
2023,tin,concentrates,China,EU27,0.044234619723004985
2023,tin,concentrates,China,RoW,125.74967402111955
2023,tin,concentrates,EU27,China,214.7246185594826
2023,tin,concentrates,EU27,EU27,562.6969855109754
2023,tin,concentrates,EU27,RoW,513.7183959295419
2023,tin,concentrates,RoW,China,59989.83029008136
2023,tin,concentrates,RoW,EU27,653.8147798693017
2023,tin,concentrates,RoW,RoW,36257.05293004934
2023,tin,refined_metal,China,China,0.0
2023,tin,refined_metal,China,EU27,2196.2801305711787
2023,tin,refined_metal,China,RoW,10295.925075994935
2023,tin,refined_metal,EU27,China,677.592554477229
2023,tin,refined_metal,EU27,EU27,36317.40369707116
2023,tin,refined_metal,EU27,RoW,6249.955748451613
2023,tin,refined_metal,RoW,China,35614.92765208887
2023,tin,refined_metal,RoW,EU27,45711.37117235767
2023,tin,refined_metal,RoW,RoW,126820.31617555344
2023,tin,scrap,China,China,0.0
2023,tin,scrap,China,EU27,2.0905532129476723
2023,tin,scrap,China,RoW,136.20144678705236
2023,tin,scrap,EU27,China,2.173154605970256
2023,tin,scrap,EU27,EU27,5046.037229041606
2023,tin,scrap,EU27,RoW,1848.8266163524231
2023,tin,scrap,RoW,China,327.6551179793446
2023,tin,scrap,RoW,EU27,2411.721217745446
2023,tin,scrap,RoW,RoW,80339.61166427522
2023,zinc,concentrates,China,China,0.0
2023,zinc,concentrates,China,EU27,38.85480032139335
2023,zinc,concentrates,China,RoW,3131.184799678607
2023,zinc,concentrates,EU27,China,71269.33565783614
2023,zinc,concentrates,EU27,EU27,1295427.0735709385
2023,zinc,concentrates,EU27,RoW,432053.79977122543
2023,zinc,concentrates,RoW,China,3994295.2374741114
2023,zinc,concentrates,RoW,EU27,1387497.8465287401
2023,zinc,concentrates,RoW,RoW,4842961.680097147
2023,zinc,refined_metal,China,China,0.0
2023,zinc,refined_metal,China,EU27,263.47208752631724
2023,zinc,refined_metal,China,RoW,27389.622676225437
2023,zinc,refined_metal,EU27,China,1654.7323185729495
2023,zinc,refined_metal,EU27,EU27,1256992.3128853706
2023,zinc,refined_metal,EU27,RoW,359880.4284058275
2023,zinc,refined_metal,RoW,China,410632.0694814271
2023,zinc,refined_metal,RoW,EU27,458252.4661271032
2023,zinc,refined_metal,RoW,RoW,3053810.4654395822
2023,zinc,scrap,China,China,0.0
2023,zinc,scrap,China,EU27,253.219111528669
2023,zinc,scrap,China,RoW,2311.051388471331
2023,zinc,scrap,EU27,China,784.9578297014274
2023,zinc,scrap,EU27,EU27,405626.43972813134
2023,zinc,scrap,EU27,RoW,92543.52444216724
2023,zinc,scrap,RoW,China,38815.70867029857
2023,zinc,scrap,RoW,EU27,95366.66116033998
2023,zinc,scrap,RoW,RoW,419075.08316936146
2024,nickel,concentrates,China,China,0.0
2024,nickel,concentrates,China,EU27,280.6606265458991
2024,nickel,concentrates,China,RoW,5266.4219801366025
2024,nickel,concentrates,EU27,China,39094.808645254205
2024,nickel,concentrates,EU27,EU27,9111.003356540294
2024,nickel,concentrates,EU27,RoW,62203.26818913552
2024,nickel,concentrates,RoW,China,38765706.48160474
2024,nickel,concentrates,RoW,EU27,209108.69586691383
2024,nickel,concentrates,RoW,RoW,14090812.508419227
2024,nickel,refined_metal,China,China,0.0
2024,nickel,refined_metal,China,EU27,1713.2109054974183
2024,nickel,refined_metal,China,RoW,16118.63604450258
2024,nickel,refined_metal,EU27,China,25575.527458757908
2024,nickel,refined_metal,EU27,EU27,131824.34650081402
2024,nickel,refined_metal,EU27,RoW,85289.9001904281
2024,nickel,refined_metal,RoW,China,1234189.5876614742
2024,nickel,refined_metal,RoW,EU27,296389.4707443054
2024,nickel,refined_metal,RoW,RoW,610010.6490942206
2024,nickel,scrap,China,China,0.0
2024,nickel,scrap,China,EU27,51.39820581960382
2024,nickel,scrap,China,RoW,5852.057794180397
2024,nickel,scrap,EU27,China,92.6240525406508
2024,nickel,scrap,EU27,EU27,28033.8443718426
2024,nickel,scrap,EU27,RoW,20062.437575616754
2024,nickel,scrap,RoW,China,4547.734947459349
2024,nickel,scrap,RoW,EU27,19033.253313496953
2024,nickel,scrap,RoW,RoW,113243.68873904369
2024,tin,concentrates,China,China,0.0
2024,tin,concentrates,China,EU27,11.807690852281095
2024,tin,concentrates,China,RoW,126.68230914771888
2024,tin,concentrates,EU27,China,5.825415710655481
2024,tin,concentrates,EU27,EU27,334.38539574384083
2024,tin,concentrates,EU27,RoW,393.89018854550363
2024,tin,concentrates,RoW,China,68285.50810133848
2024,tin,concentrates,RoW,EU27,743.3653963547417
2024,tin,concentrates,RoW,RoW,31085.37650230678
2024,tin,refined_metal,China,China,0.0
2024,tin,refined_metal,China,EU27,3635.9839355724357
2024,tin,refined_metal,China,RoW,14912.2891564711
2024,tin,refined_metal,EU27,China,86.98701025697564
2024,tin,refined_metal,EU27,EU27,36935.86185462619
2024,tin,refined_metal,EU27,RoW,7411.56080172419
2024,tin,refined_metal,RoW,China,25056.533989743028
2024,tin,refined_metal,RoW,EU27,40988.20720980138
2024,tin,refined_metal,RoW,RoW,118574.14007729846
2024,tin,scrap,China,China,0.0
2024,tin,scrap,China,EU27,12.854599007604863
2024,tin,scrap,China,RoW,131.1422545987761
2024,tin,scrap,EU27,China,0.4671138625683813
2024,tin,scrap,EU27,EU27,4769.08457579784
2024,tin,scrap,EU27,RoW,1666.8083270057928
2024,tin,scrap,RoW,China,1389.0730324355477
2024,tin,scrap,RoW,EU27,4267.309825194554
2024,tin,scrap,RoW,RoW,88547.07341839545
2024,zinc,concentrates,China,China,0.0
2024,zinc,concentrates,China,EU27,309.4008331560793
2024,zinc,concentrates,China,RoW,3473.0099668439207
2024,zinc,concentrates,EU27,China,31409.678237276792
2024,zinc,concentrates,EU27,EU27,1189778.9539596017
2024,zinc,concentrates,EU27,RoW,278367.2818031213
2024,zinc,concentrates,RoW,China,4123169.0122627234
2024,zinc,concentrates,RoW,EU27,1894850.6245072426
2024,zinc,concentrates,RoW,RoW,4376770.516530035
2024,zinc,refined_metal,China,China,0.0
2024,zinc,refined_metal,China,EU27,271.48434390221735
2024,zinc,refined_metal,China,RoW,30030.171256097787
2024,zinc,refined_metal,EU27,China,3045.4378357493265
2024,zinc,refined_metal,EU27,EU27,1118936.0015997896
2024,zinc,refined_metal,EU27,RoW,766378.045364461
2024,zinc,refined_metal,RoW,China,344214.3866964919
2024,zinc,refined_metal,RoW,EU27,423823.41282080894
2024,zinc,refined_metal,RoW,RoW,2644963.853182699
2024,zinc,scrap,China,China,0.0
2024,zinc,scrap,China,EU27,43.20250303209108
2024,zinc,scrap,China,RoW,264.4889598945019
2024,zinc,scrap,EU27,China,294.95714320580583
2024,zinc,scrap,EU27,EU27,393766.61784641707
2024,zinc,scrap,EU27,RoW,72037.32160036263
2024,zinc,scrap,RoW,China,50144.33144322929
2024,zinc,scrap,RoW,EU27,92424.33515055085
2024,zinc,scrap,RoW,RoW,324150.9399397429
